id,source_folder,source_relative_path,remote_path,web_path,file_name,display_name,extension,size_bytes,mtime
1,根目录,20210729-国联证券-Smart_Beta系列一：成长因子的测试与优化.pdf,/mnt/research/研报/20210729-国联证券-Smart_Beta系列一：成长因子的测试与优化.pdf,reports/20210729-国联证券-Smart_Beta系列一：成长因子的测试与优化.pdf,20210729-国联证券-Smart_Beta系列一：成长因子的测试与优化.pdf,20210729-国联证券-Smart_Beta系列一：成长因子的测试与优化,pdf,3019611,2026-04-11T17:15:51.005786+00:00
2,东兴证券,东兴证券/20180803-东兴证券-金融工程多因子系列：价值投资的逻辑~高质量+低估值.pdf,/mnt/research/研报/东兴证券/20180803-东兴证券-金融工程多因子系列：价值投资的逻辑~高质量+低估值.pdf,reports/东兴证券/20180803-东兴证券-金融工程多因子系列：价值投资的逻辑~高质量+低估值.pdf,20180803-东兴证券-金融工程多因子系列：价值投资的逻辑~高质量+低估值.pdf,20180803-东兴证券-金融工程多因子系列：价值投资的逻辑~高质量+低估值,pdf,3333120,2026-04-11T17:15:44.567787+00:00
3,东兴证券,东兴证券/20181207-东兴证券-金融工程多因子专题报告：资金流向因子，主力资金更聪明钱.pdf,/mnt/research/研报/东兴证券/20181207-东兴证券-金融工程多因子专题报告：资金流向因子，主力资金更聪明钱.pdf,reports/东兴证券/20181207-东兴证券-金融工程多因子专题报告：资金流向因子，主力资金更聪明钱.pdf,20181207-东兴证券-金融工程多因子专题报告：资金流向因子，主力资金更聪明钱.pdf,20181207-东兴证券-金融工程多因子专题报告：资金流向因子，主力资金更聪明钱,pdf,3686570,2026-04-11T17:15:38.465787+00:00
4,东兴证券,东兴证券/20210802-东兴证券-海外文献速览系列之六：如何在多因子模型中识别有效因子_.pdf,/mnt/research/研报/东兴证券/20210802-东兴证券-海外文献速览系列之六：如何在多因子模型中识别有效因子_.pdf,reports/东兴证券/20210802-东兴证券-海外文献速览系列之六：如何在多因子模型中识别有效因子_.pdf,20210802-东兴证券-海外文献速览系列之六：如何在多因子模型中识别有效因子_.pdf,20210802-东兴证券-海外文献速览系列之六：如何在多因子模型中识别有效因子_,pdf,2097117,2026-04-11T17:15:31.539788+00:00
5,东兴证券,东兴证券/20211015-东兴证券-另辟蹊径系列之一：基于高频快照数据的行为追踪因子.pdf,/mnt/research/研报/东兴证券/20211015-东兴证券-另辟蹊径系列之一：基于高频快照数据的行为追踪因子.pdf,reports/东兴证券/20211015-东兴证券-另辟蹊径系列之一：基于高频快照数据的行为追踪因子.pdf,20211015-东兴证券-另辟蹊径系列之一：基于高频快照数据的行为追踪因子.pdf,20211015-东兴证券-另辟蹊径系列之一：基于高频快照数据的行为追踪因子,pdf,793332,2026-04-11T17:15:27.787788+00:00
6,东兴证券,东兴证券/20220717-东兴证券-海外文献速览系列之二十：股票左尾风险的度量以及其对收益率的预测作用.pdf,/mnt/research/研报/东兴证券/20220717-东兴证券-海外文献速览系列之二十：股票左尾风险的度量以及其对收益率的预测作用.pdf,reports/东兴证券/20220717-东兴证券-海外文献速览系列之二十：股票左尾风险的度量以及其对收益率的预测作用.pdf,20220717-东兴证券-海外文献速览系列之二十：股票左尾风险的度量以及其对收益率的预测作用.pdf,20220717-东兴证券-海外文献速览系列之二十：股票左尾风险的度量以及其对收益率的预测作用,pdf,2025340,2026-04-11T17:15:26.260788+00:00
7,东北证券,东北证券/20161207-东北证券-行为金融：基于盈利的锚定选股策略.pdf,/mnt/research/研报/东北证券/20161207-东北证券-行为金融：基于盈利的锚定选股策略.pdf,reports/东北证券/20161207-东北证券-行为金融：基于盈利的锚定选股策略.pdf,20161207-东北证券-行为金融：基于盈利的锚定选股策略.pdf,20161207-东北证券-行为金融：基于盈利的锚定选股策略,pdf,532756,2026-04-11T17:15:22.627788+00:00
8,东北证券,东北证券/20170605-东北证券-大类资产配置（4）：多资产多因子策略.pdf,/mnt/research/研报/东北证券/20170605-东北证券-大类资产配置（4）：多资产多因子策略.pdf,reports/东北证券/20170605-东北证券-大类资产配置（4）：多资产多因子策略.pdf,20170605-东北证券-大类资产配置（4）：多资产多因子策略.pdf,20170605-东北证券-大类资产配置（4）：多资产多因子策略,pdf,839761,2026-04-11T17:15:21.724788+00:00
9,东北证券,东北证券/20171107-东北证券-金融工程2018年度策略报告：FOF体系&多因子体系.pdf,/mnt/research/研报/东北证券/20171107-东北证券-金融工程2018年度策略报告：FOF体系&多因子体系.pdf,reports/东北证券/20171107-东北证券-金融工程2018年度策略报告：FOF体系&多因子体系.pdf,20171107-东北证券-金融工程2018年度策略报告：FOF体系&多因子体系.pdf,20171107-东北证券-金融工程2018年度策略报告：FOF体系&多因子体系,pdf,3161645,2026-04-11T17:15:20.207788+00:00
10,东北证券,东北证券/20180619-东北证券-股票流动性专题研究之一：非流动性因子改进暨因子回归框架再思考.pdf,/mnt/research/研报/东北证券/20180619-东北证券-股票流动性专题研究之一：非流动性因子改进暨因子回归框架再思考.pdf,reports/东北证券/20180619-东北证券-股票流动性专题研究之一：非流动性因子改进暨因子回归框架再思考.pdf,20180619-东北证券-股票流动性专题研究之一：非流动性因子改进暨因子回归框架再思考.pdf,20180619-东北证券-股票流动性专题研究之一：非流动性因子改进暨因子回归框架再思考,pdf,2553902,2026-04-11T17:15:14.329789+00:00
11,东北证券,东北证券/20181013-东北证券-金融工程研究报告：Barra模型（CNE6）介绍与应用.pdf,/mnt/research/研报/东北证券/20181013-东北证券-金融工程研究报告：Barra模型（CNE6）介绍与应用.pdf,reports/东北证券/20181013-东北证券-金融工程研究报告：Barra模型（CNE6）介绍与应用.pdf,20181013-东北证券-金融工程研究报告：Barra模型（CNE6）介绍与应用.pdf,20181013-东北证券-金融工程研究报告：Barra模型（CNE6）介绍与应用,pdf,3037162,2026-04-11T17:15:09.608789+00:00
12,东北证券,东北证券/20190320-东北证券-基本面因子研究：一种分析方法.pdf,/mnt/research/研报/东北证券/20190320-东北证券-基本面因子研究：一种分析方法.pdf,reports/东北证券/20190320-东北证券-基本面因子研究：一种分析方法.pdf,20190320-东北证券-基本面因子研究：一种分析方法.pdf,20190320-东北证券-基本面因子研究：一种分析方法,pdf,2756063,2026-04-11T17:15:04.053789+00:00
13,东北证券,东北证券/20190626-东北证券-多因子系列报告：指数增强视角下的因子检验、合成与组合优化.pdf,/mnt/research/研报/东北证券/20190626-东北证券-多因子系列报告：指数增强视角下的因子检验、合成与组合优化.pdf,reports/东北证券/20190626-东北证券-多因子系列报告：指数增强视角下的因子检验、合成与组合优化.pdf,20190626-东北证券-多因子系列报告：指数增强视角下的因子检验、合成与组合优化.pdf,20190626-东北证券-多因子系列报告：指数增强视角下的因子检验、合成与组合优化,pdf,4112756,2026-04-11T17:14:58.739789+00:00
14,东北证券,东北证券/20190702-东北证券-多因子系列报告：量价因子有效性与相关性问题探讨.pdf,/mnt/research/研报/东北证券/20190702-东北证券-多因子系列报告：量价因子有效性与相关性问题探讨.pdf,reports/东北证券/20190702-东北证券-多因子系列报告：量价因子有效性与相关性问题探讨.pdf,20190702-东北证券-多因子系列报告：量价因子有效性与相关性问题探讨.pdf,20190702-东北证券-多因子系列报告：量价因子有效性与相关性问题探讨,pdf,5219923,2026-04-11T17:14:50.860790+00:00
15,东北证券,东北证券/20230227-东北证券-因子选股系列之四：高频数据下的已实现高阶矩因子及改进.pdf,/mnt/research/研报/东北证券/20230227-东北证券-因子选股系列之四：高频数据下的已实现高阶矩因子及改进.pdf,reports/东北证券/20230227-东北证券-因子选股系列之四：高频数据下的已实现高阶矩因子及改进.pdf,20230227-东北证券-因子选股系列之四：高频数据下的已实现高阶矩因子及改进.pdf,20230227-东北证券-因子选股系列之四：高频数据下的已实现高阶矩因子及改进,pdf,1223546,2026-04-11T17:14:40.841791+00:00
16,东北证券,东北证券/20230601-东北证券-因子选股系列之五：基于高频数据的风险不确定性因子.pdf,/mnt/research/研报/东北证券/20230601-东北证券-因子选股系列之五：基于高频数据的风险不确定性因子.pdf,reports/东北证券/20230601-东北证券-因子选股系列之五：基于高频数据的风险不确定性因子.pdf,20230601-东北证券-因子选股系列之五：基于高频数据的风险不确定性因子.pdf,20230601-东北证券-因子选股系列之五：基于高频数据的风险不确定性因子,pdf,3598652,2026-04-11T17:14:38.366791+00:00
17,东北证券,东北证券/20240222-东北证券-基于营业利润计算过程的财务质量研究.pdf,/mnt/research/研报/东北证券/20240222-东北证券-基于营业利润计算过程的财务质量研究.pdf,reports/东北证券/20240222-东北证券-基于营业利润计算过程的财务质量研究.pdf,20240222-东北证券-基于营业利润计算过程的财务质量研究.pdf,20240222-东北证券-基于营业利润计算过程的财务质量研究,pdf,12416673,2026-04-11T17:14:30.898791+00:00
18,东北证券,东北证券/20240311-东北证券-因子选股系列之八：股票收益的协偏度因子.pdf,/mnt/research/研报/东北证券/20240311-东北证券-因子选股系列之八：股票收益的协偏度因子.pdf,reports/东北证券/20240311-东北证券-因子选股系列之八：股票收益的协偏度因子.pdf,20240311-东北证券-因子选股系列之八：股票收益的协偏度因子.pdf,20240311-东北证券-因子选股系列之八：股票收益的协偏度因子,pdf,2746731,2026-04-11T17:14:05.185793+00:00
19,东吴证券,东吴证券/20180222-东吴证券-因子方法论之一：基于日内模式的因子改进~以流动性因子为例.pdf,/mnt/research/研报/东吴证券/20180222-东吴证券-因子方法论之一：基于日内模式的因子改进~以流动性因子为例.pdf,reports/东吴证券/20180222-东吴证券-因子方法论之一：基于日内模式的因子改进~以流动性因子为例.pdf,20180222-东吴证券-因子方法论之一：基于日内模式的因子改进~以流动性因子为例.pdf,20180222-东吴证券-因子方法论之一：基于日内模式的因子改进~以流动性因子为例,pdf,1128420,2026-04-11T17:13:58.478794+00:00
20,东吴证券,东吴证券/20180517-东吴证券-因子方法论之二：协方差矩阵的估计和应用~以风险模型和最优化复合因子权重为例.pdf,/mnt/research/研报/东吴证券/20180517-东吴证券-因子方法论之二：协方差矩阵的估计和应用~以风险模型和最优化复合因子权重为例.pdf,reports/东吴证券/20180517-东吴证券-因子方法论之二：协方差矩阵的估计和应用~以风险模型和最优化复合因子权重为例.pdf,20180517-东吴证券-因子方法论之二：协方差矩阵的估计和应用~以风险模型和最优化复合因子权重为例.pdf,20180517-东吴证券-因子方法论之二：协方差矩阵的估计和应用~以风险模型和最优化复合因子权重为例,pdf,2338961,2026-04-11T17:13:55.584794+00:00
21,东吴证券,东吴证券/20181213-东吴证券-“订单簿的温度”系列研究（一）：反转因子的精细结构.pdf,/mnt/research/研报/东吴证券/20181213-东吴证券-“订单簿的温度”系列研究（一）：反转因子的精细结构.pdf,reports/东吴证券/20181213-东吴证券-“订单簿的温度”系列研究（一）：反转因子的精细结构.pdf,20181213-东吴证券-“订单簿的温度”系列研究（一）：反转因子的精细结构.pdf,20181213-东吴证券-“订单簿的温度”系列研究（一）：反转因子的精细结构,pdf,1359706,2026-04-11T17:13:49.579794+00:00
22,东吴证券,东吴证券/20190906-东吴证券-成交量对动量因子的修正：日与夜的殊途同归.pdf,/mnt/research/研报/东吴证券/20190906-东吴证券-成交量对动量因子的修正：日与夜的殊途同归.pdf,reports/东吴证券/20190906-东吴证券-成交量对动量因子的修正：日与夜的殊途同归.pdf,20190906-东吴证券-成交量对动量因子的修正：日与夜的殊途同归.pdf,20190906-东吴证券-成交量对动量因子的修正：日与夜的殊途同归,pdf,2969509,2026-04-11T17:13:46.227794+00:00
23,东吴证券,东吴证券/20200223-东吴证券-“技术分析拥抱选股因子”系列研究（一）：高频价量相关性，意想不到的选股因子.pdf,/mnt/research/研报/东吴证券/20200223-东吴证券-“技术分析拥抱选股因子”系列研究（一）：高频价量相关性，意想不到的选股因子.pdf,reports/东吴证券/20200223-东吴证券-“技术分析拥抱选股因子”系列研究（一）：高频价量相关性，意想不到的选股因子.pdf,20200223-东吴证券-“技术分析拥抱选股因子”系列研究（一）：高频价量相关性，意想不到的选股因子.pdf,20200223-东吴证券-“技术分析拥抱选股因子”系列研究（一）：高频价量相关性，意想不到的选股因子,pdf,1882258,2026-04-11T17:13:38.631795+00:00
24,东吴证券,东吴证券/20210301-东吴证券-“技术分析拥抱选股因子”系列研究（四）：换手率分布均匀度，基于分钟成交量的选股因子.pdf,/mnt/research/研报/东吴证券/20210301-东吴证券-“技术分析拥抱选股因子”系列研究（四）：换手率分布均匀度，基于分钟成交量的选股因子.pdf,reports/东吴证券/20210301-东吴证券-“技术分析拥抱选股因子”系列研究（四）：换手率分布均匀度，基于分钟成交量的选股因子.pdf,20210301-东吴证券-“技术分析拥抱选股因子”系列研究（四）：换手率分布均匀度，基于分钟成交量的选股因子.pdf,20210301-东吴证券-“技术分析拥抱选股因子”系列研究（四）：换手率分布均匀度，基于分钟成交量的选股因子,pdf,1351507,2026-04-11T17:13:34.479795+00:00
25,东吴证券,东吴证券/20210515-东吴证券-“技术分析系拥抱选股因子”系列研究（七）：量稳换手率选股因子，量小、量缩，都不如量稳？.pdf,/mnt/research/研报/东吴证券/20210515-东吴证券-“技术分析系拥抱选股因子”系列研究（七）：量稳换手率选股因子，量小、量缩，都不如量稳？.pdf,reports/东吴证券/20210515-东吴证券-“技术分析系拥抱选股因子”系列研究（七）：量稳换手率选股因子，量小、量缩，都不如量稳？.pdf,20210515-东吴证券-“技术分析系拥抱选股因子”系列研究（七）：量稳换手率选股因子，量小、量缩，都不如量稳？.pdf,20210515-东吴证券-“技术分析系拥抱选股因子”系列研究（七）：量稳换手率选股因子，量小、量缩，都不如量稳？,pdf,1861995,2026-04-11T17:13:31.316795+00:00
26,东吴证券,东吴证券/20210817-东吴证券-“求索动量因子”系列研究（三）：交易者结构对动量因子的改进Q&A.pdf,/mnt/research/研报/东吴证券/20210817-东吴证券-“求索动量因子”系列研究（三）：交易者结构对动量因子的改进Q&A.pdf,reports/东吴证券/20210817-东吴证券-“求索动量因子”系列研究（三）：交易者结构对动量因子的改进Q&A.pdf,20210817-东吴证券-“求索动量因子”系列研究（三）：交易者结构对动量因子的改进Q&A.pdf,20210817-东吴证券-“求索动量因子”系列研究（三）：交易者结构对动量因子的改进Q&A,pdf,1537154,2026-04-11T17:13:26.826796+00:00
27,东吴证券,东吴证券/20210819-东吴证券-_“技术分析拥抱选股因子”系列研究（八）：优加换手率，解决1+1＜2的难题_.pdf,/mnt/research/研报/东吴证券/20210819-东吴证券-_“技术分析拥抱选股因子”系列研究（八）：优加换手率，解决1+1＜2的难题_.pdf,reports/东吴证券/20210819-东吴证券-_“技术分析拥抱选股因子”系列研究（八）：优加换手率，解决1+1＜2的难题_.pdf,20210819-东吴证券-_“技术分析拥抱选股因子”系列研究（八）：优加换手率，解决1+1＜2的难题_.pdf,20210819-东吴证券-_“技术分析拥抱选股因子”系列研究（八）：优加换手率，解决1+1＜2的难题_,pdf,1878595,2026-04-11T17:13:22.858796+00:00
28,东吴证券,东吴证券/20210819-东吴证券-“求索动量因子”系列研究（四）：反应不足or反应过度？从信息分布到动量反转.pdf,/mnt/research/研报/东吴证券/20210819-东吴证券-“求索动量因子”系列研究（四）：反应不足or反应过度？从信息分布到动量反转.pdf,reports/东吴证券/20210819-东吴证券-“求索动量因子”系列研究（四）：反应不足or反应过度？从信息分布到动量反转.pdf,20210819-东吴证券-“求索动量因子”系列研究（四）：反应不足or反应过度？从信息分布到动量反转.pdf,20210819-东吴证券-“求索动量因子”系列研究（四）：反应不足or反应过度？从信息分布到动量反转,pdf,1598455,2026-04-11T17:13:18.177796+00:00
29,东吴证券,东吴证券/20211207-东吴证券-“技术分析拥抱选股因子”系列研究（九）：改进STR，换手率要比别人稳，也要比自己稳.pdf,/mnt/research/研报/东吴证券/20211207-东吴证券-“技术分析拥抱选股因子”系列研究（九）：改进STR，换手率要比别人稳，也要比自己稳.pdf,reports/东吴证券/20211207-东吴证券-“技术分析拥抱选股因子”系列研究（九）：改进STR，换手率要比别人稳，也要比自己稳.pdf,20211207-东吴证券-“技术分析拥抱选股因子”系列研究（九）：改进STR，换手率要比别人稳，也要比自己稳.pdf,20211207-东吴证券-“技术分析拥抱选股因子”系列研究（九）：改进STR，换手率要比别人稳，也要比自己稳,pdf,1519768,2026-04-11T17:13:14.466796+00:00
30,东吴证券,东吴证券/20220512-东吴证券-金工定期报告：“纯真波动率”选股因子绩效月报.pdf,/mnt/research/研报/东吴证券/20220512-东吴证券-金工定期报告：“纯真波动率”选股因子绩效月报.pdf,reports/东吴证券/20220512-东吴证券-金工定期报告：“纯真波动率”选股因子绩效月报.pdf,20220512-东吴证券-金工定期报告：“纯真波动率”选股因子绩效月报.pdf,20220512-东吴证券-金工定期报告：“纯真波动率”选股因子绩效月报,pdf,552917,2026-04-11T17:13:10.622797+00:00
31,东吴证券,东吴证券/20220817-东吴证券-金工专题报告：成交价改进换手率因子.pdf,/mnt/research/研报/东吴证券/20220817-东吴证券-金工专题报告：成交价改进换手率因子.pdf,reports/东吴证券/20220817-东吴证券-金工专题报告：成交价改进换手率因子.pdf,20220817-东吴证券-金工专题报告：成交价改进换手率因子.pdf,20220817-东吴证券-金工专题报告：成交价改进换手率因子,pdf,1760420,2026-04-11T17:13:09.405797+00:00
32,东吴证券,东吴证券/20221011-东吴证券-“技术分析拥抱选股因子”系列研究（十一）：新价量相关性RPV选股因子，相关性是价量配合最好的尺.pdf,/mnt/research/研报/东吴证券/20221011-东吴证券-“技术分析拥抱选股因子”系列研究（十一）：新价量相关性RPV选股因子，相关性是价量配合最好的尺.pdf,reports/东吴证券/20221011-东吴证券-“技术分析拥抱选股因子”系列研究（十一）：新价量相关性RPV选股因子，相关性是价量配合最好的尺.pdf,20221011-东吴证券-“技术分析拥抱选股因子”系列研究（十一）：新价量相关性RPV选股因子，相关性是价量配合最好的尺.pdf,20221011-东吴证券-“技术分析拥抱选股因子”系列研究（十一）：新价量相关性RPV选股因子，相关性是价量配合最好的尺,pdf,1139700,2026-04-11T17:13:05.252797+00:00
33,东吴证券,东吴证券/20230504-东吴证券-“技术分析拥抱选股因子”系列研究（十二）：优加换手率UTR选股因子2.0.pdf,/mnt/research/研报/东吴证券/20230504-东吴证券-“技术分析拥抱选股因子”系列研究（十二）：优加换手率UTR选股因子2.0.pdf,reports/东吴证券/20230504-东吴证券-“技术分析拥抱选股因子”系列研究（十二）：优加换手率UTR选股因子2.0.pdf,20230504-东吴证券-“技术分析拥抱选股因子”系列研究（十二）：优加换手率UTR选股因子2.0.pdf,20230504-东吴证券-“技术分析拥抱选股因子”系列研究（十二）：优加换手率UTR选股因子2.0,pdf,973922,2026-04-11T17:13:02.294797+00:00
34,东吴证券,东吴证券/20230612-东吴证券-“求索动量因子”系列研究（五）：成交量对动量因子的修正，殊途同归的聪明版.pdf,/mnt/research/研报/东吴证券/20230612-东吴证券-“求索动量因子”系列研究（五）：成交量对动量因子的修正，殊途同归的聪明版.pdf,reports/东吴证券/20230612-东吴证券-“求索动量因子”系列研究（五）：成交量对动量因子的修正，殊途同归的聪明版.pdf,20230612-东吴证券-“求索动量因子”系列研究（五）：成交量对动量因子的修正，殊途同归的聪明版.pdf,20230612-东吴证券-“求索动量因子”系列研究（五）：成交量对动量因子的修正，殊途同归的聪明版,pdf,1005074,2026-04-11T17:12:59.243798+00:00
35,东吴证券,东吴证券/20230703-东吴证券-“求索动量因子”系列研究（四）：反应不足or反应过度？从信息分布到动量反转.pdf,/mnt/research/研报/东吴证券/20230703-东吴证券-“求索动量因子”系列研究（四）：反应不足or反应过度？从信息分布到动量反转.pdf,reports/东吴证券/20230703-东吴证券-“求索动量因子”系列研究（四）：反应不足or反应过度？从信息分布到动量反转.pdf,20230703-东吴证券-“求索动量因子”系列研究（四）：反应不足or反应过度？从信息分布到动量反转.pdf,20230703-东吴证券-“求索动量因子”系列研究（四）：反应不足or反应过度？从信息分布到动量反转,pdf,647569,2026-04-11T17:12:56.270798+00:00
36,东吴证券,东吴证券/20230724-东吴证券-金工专题报告：寻找特质波动率中的纯真信息，剔除跨期截面相关性的纯真波动率因子.pdf,/mnt/research/研报/东吴证券/20230724-东吴证券-金工专题报告：寻找特质波动率中的纯真信息，剔除跨期截面相关性的纯真波动率因子.pdf,reports/东吴证券/20230724-东吴证券-金工专题报告：寻找特质波动率中的纯真信息，剔除跨期截面相关性的纯真波动率因子.pdf,20230724-东吴证券-金工专题报告：寻找特质波动率中的纯真信息，剔除跨期截面相关性的纯真波动率因子.pdf,20230724-东吴证券-金工专题报告：寻找特质波动率中的纯真信息，剔除跨期截面相关性的纯真波动率因子,pdf,749290,2026-04-11T17:12:54.458798+00:00
37,东吴证券,东吴证券/20230927-东吴证券-“技术分析拥抱选股因子”系列研究（十四）：RPV聪明版-聪明换手率是更好的配料.pdf,/mnt/research/研报/东吴证券/20230927-东吴证券-“技术分析拥抱选股因子”系列研究（十四）：RPV聪明版-聪明换手率是更好的配料.pdf,reports/东吴证券/20230927-东吴证券-“技术分析拥抱选股因子”系列研究（十四）：RPV聪明版-聪明换手率是更好的配料.pdf,20230927-东吴证券-“技术分析拥抱选股因子”系列研究（十四）：RPV聪明版-聪明换手率是更好的配料.pdf,20230927-东吴证券-“技术分析拥抱选股因子”系列研究（十四）：RPV聪明版-聪明换手率是更好的配料,pdf,980385,2026-04-11T17:12:52.133798+00:00
38,东吴证券,东吴证券/20231108-东吴证券-“波动率选股因子”系列研究（二）：信息分布均匀度，基于高频波动率的选股因子.pdf,/mnt/research/研报/东吴证券/20231108-东吴证券-“波动率选股因子”系列研究（二）：信息分布均匀度，基于高频波动率的选股因子.pdf,reports/东吴证券/20231108-东吴证券-“波动率选股因子”系列研究（二）：信息分布均匀度，基于高频波动率的选股因子.pdf,20231108-东吴证券-“波动率选股因子”系列研究（二）：信息分布均匀度，基于高频波动率的选股因子.pdf,20231108-东吴证券-“波动率选股因子”系列研究（二）：信息分布均匀度，基于高频波动率的选股因子,pdf,626336,2026-04-11T17:12:49.609798+00:00
39,东吴证券,东吴证券/20240109-东吴证券-技术分析拥抱选股因子”系列（十五）：换手率切割刀CTR因子Cutlets of TurnoverRate，换手率的异质信念.pdf,/mnt/research/研报/东吴证券/20240109-东吴证券-技术分析拥抱选股因子”系列（十五）：换手率切割刀CTR因子Cutlets of TurnoverRate，换手率的异质信念.pdf,reports/东吴证券/20240109-东吴证券-技术分析拥抱选股因子”系列（十五）：换手率切割刀CTR因子Cutlets of TurnoverRate，换手率的异质信念.pdf,20240109-东吴证券-技术分析拥抱选股因子”系列（十五）：换手率切割刀CTR因子Cutlets of TurnoverRate，换手率的异质信念.pdf,20240109-东吴证券-技术分析拥抱选股因子”系列（十五）：换手率切割刀CTR因子Cutlets of TurnoverRate，换手率的异质信念,pdf,1941154,2026-04-11T17:12:48.109798+00:00
40,东方证券,东方证券/20100201-东方证券-数量化策略：一致预期指标选股系列报告.pdf,/mnt/research/研报/东方证券/20100201-东方证券-数量化策略：一致预期指标选股系列报告.pdf,reports/东方证券/20100201-东方证券-数量化策略：一致预期指标选股系列报告.pdf,20100201-东方证券-数量化策略：一致预期指标选股系列报告.pdf,20100201-东方证券-数量化策略：一致预期指标选股系列报告,pdf,762653,2026-04-11T17:12:42.992799+00:00
41,东方证券,"东方证券/20100407-东方证券-估值成为焦点,盈利增长持续抢眼：4月份一致预期选股策略跟踪及展望.pdf","/mnt/research/研报/东方证券/20100407-东方证券-估值成为焦点,盈利增长持续抢眼：4月份一致预期选股策略跟踪及展望.pdf","reports/东方证券/20100407-东方证券-估值成为焦点,盈利增长持续抢眼：4月份一致预期选股策略跟踪及展望.pdf","20100407-东方证券-估值成为焦点,盈利增长持续抢眼：4月份一致预期选股策略跟踪及展望.pdf","20100407-东方证券-估值成为焦点,盈利增长持续抢眼：4月份一致预期选股策略跟踪及展望",pdf,496401,2026-04-11T17:12:41.407799+00:00
42,东方证券,东方证券/20151207-东方证券-因子选股系列研究之三：投机、交易行为与股票收益（上）.pdf,/mnt/research/研报/东方证券/20151207-东方证券-因子选股系列研究之三：投机、交易行为与股票收益（上）.pdf,reports/东方证券/20151207-东方证券-因子选股系列研究之三：投机、交易行为与股票收益（上）.pdf,20151207-东方证券-因子选股系列研究之三：投机、交易行为与股票收益（上）.pdf,20151207-东方证券-因子选股系列研究之三：投机、交易行为与股票收益（上）,pdf,1455083,2026-04-11T17:12:40.317799+00:00
43,东方证券,东方证券/20160217---+系列（五）---+剔除行业、风格因素后的大类因子检验-872870.pdf,/mnt/research/研报/东方证券/20160217---+系列（五）---+剔除行业、风格因素后的大类因子检验-872870.pdf,reports/东方证券/20160217---+系列（五）---+剔除行业、风格因素后的大类因子检验-872870.pdf,20160217---+系列（五）---+剔除行业、风格因素后的大类因子检验-872870.pdf,20160217---+系列（五）---+剔除行业、风格因素后的大类因子检验-872870,pdf,1077616,2026-04-11T17:12:37.635799+00:00
44,东方证券,东方证券/20160512-东方证券-因子选股系列研究之七：投机、交易行为与股票收益（下）.pdf,/mnt/research/研报/东方证券/20160512-东方证券-因子选股系列研究之七：投机、交易行为与股票收益（下）.pdf,reports/东方证券/20160512-东方证券-因子选股系列研究之七：投机、交易行为与股票收益（下）.pdf,20160512-东方证券-因子选股系列研究之七：投机、交易行为与股票收益（下）.pdf,20160512-东方证券-因子选股系列研究之七：投机、交易行为与股票收益（下）,pdf,1540704,2026-04-11T17:12:35.603799+00:00
45,东方证券,东方证券/20160525-东方证券-《因子选股系列研究之八》：动态情景多因子Alpha模型.pdf,/mnt/research/研报/东方证券/20160525-东方证券-《因子选股系列研究之八》：动态情景多因子Alpha模型.pdf,reports/东方证券/20160525-东方证券-《因子选股系列研究之八》：动态情景多因子Alpha模型.pdf,20160525-东方证券-《因子选股系列研究之八》：动态情景多因子Alpha模型.pdf,20160525-东方证券-《因子选股系列研究之八》：动态情景多因子Alpha模型,pdf,1606277,2026-04-11T17:12:32.848799+00:00
46,东方证券,东方证券/20160530-东方证券-《事件驱动策略研究之四》：寻找贡献真实alpha的事件.pdf,/mnt/research/研报/东方证券/20160530-东方证券-《事件驱动策略研究之四》：寻找贡献真实alpha的事件.pdf,reports/东方证券/20160530-东方证券-《事件驱动策略研究之四》：寻找贡献真实alpha的事件.pdf,20160530-东方证券-《事件驱动策略研究之四》：寻找贡献真实alpha的事件.pdf,20160530-东方证券-《事件驱动策略研究之四》：寻找贡献真实alpha的事件,pdf,1157638,2026-04-11T17:12:29.710799+00:00
47,东方证券,东方证券/20160812-东方证券-《因子选股系列研究之十》：Alpha因子库精简与优化.pdf,/mnt/research/研报/东方证券/20160812-东方证券-《因子选股系列研究之十》：Alpha因子库精简与优化.pdf,reports/东方证券/20160812-东方证券-《因子选股系列研究之十》：Alpha因子库精简与优化.pdf,20160812-东方证券-《因子选股系列研究之十》：Alpha因子库精简与优化.pdf,20160812-东方证券-《因子选股系列研究之十》：Alpha因子库精简与优化,pdf,1768484,2026-04-11T17:12:27.508800+00:00
48,东方证券,东方证券/20160826-东方证券-《因子选股系列研究之十一》：资金规模对策略收益的影响.pdf,/mnt/research/研报/东方证券/20160826-东方证券-《因子选股系列研究之十一》：资金规模对策略收益的影响.pdf,reports/东方证券/20160826-东方证券-《因子选股系列研究之十一》：资金规模对策略收益的影响.pdf,20160826-东方证券-《因子选股系列研究之十一》：资金规模对策略收益的影响.pdf,20160826-东方证券-《因子选股系列研究之十一》：资金规模对策略收益的影响,pdf,4781346,2026-04-11T17:12:24.192800+00:00
49,东方证券,东方证券/20161021-东方证券-《因子选股系列研究之十二》：线性高效简化版冲击成本模型.pdf,/mnt/research/研报/东方证券/20161021-东方证券-《因子选股系列研究之十二》：线性高效简化版冲击成本模型.pdf,reports/东方证券/20161021-东方证券-《因子选股系列研究之十二》：线性高效简化版冲击成本模型.pdf,20161021-东方证券-《因子选股系列研究之十二》：线性高效简化版冲击成本模型.pdf,20161021-东方证券-《因子选股系列研究之十二》：线性高效简化版冲击成本模型,pdf,1408950,2026-04-11T17:12:14.848800+00:00
50,东方证券,东方证券/20161025-东方证券-《因子选股系列研究之十三》：Alpha预测.pdf,/mnt/research/研报/东方证券/20161025-东方证券-《因子选股系列研究之十三》：Alpha预测.pdf,reports/东方证券/20161025-东方证券-《因子选股系列研究之十三》：Alpha预测.pdf,20161025-东方证券-《因子选股系列研究之十三》：Alpha预测.pdf,20161025-东方证券-《因子选股系列研究之十三》：Alpha预测,pdf,1492140,2026-04-11T17:12:12.302800+00:00
51,东方证券,东方证券/20161102-东方证券-《因子选股系列研究之十四》：非流动性的度量及其横截面溢价.pdf,/mnt/research/研报/东方证券/20161102-东方证券-《因子选股系列研究之十四》：非流动性的度量及其横截面溢价.pdf,reports/东方证券/20161102-东方证券-《因子选股系列研究之十四》：非流动性的度量及其横截面溢价.pdf,20161102-东方证券-《因子选股系列研究之十四》：非流动性的度量及其横截面溢价.pdf,20161102-东方证券-《因子选股系列研究之十四》：非流动性的度量及其横截面溢价,pdf,1175728,2026-04-11T17:12:09.515801+00:00
52,东方证券,东方证券/20161107-东方证券-《因子选股系列研究之十五》：东方机器选股模型Ver1.0.pdf,/mnt/research/研报/东方证券/20161107-东方证券-《因子选股系列研究之十五》：东方机器选股模型Ver1.0.pdf,reports/东方证券/20161107-东方证券-《因子选股系列研究之十五》：东方机器选股模型Ver1.0.pdf,20161107-东方证券-《因子选股系列研究之十五》：东方机器选股模型Ver1.0.pdf,20161107-东方证券-《因子选股系列研究之十五》：东方机器选股模型Ver1.0,pdf,2086356,2026-04-11T17:12:07.301801+00:00
53,东方证券,东方证券/20161110-东方证券-《因子选股系列研究之十六》：非对称价格冲击带来的超额收益.pdf,/mnt/research/研报/东方证券/20161110-东方证券-《因子选股系列研究之十六》：非对称价格冲击带来的超额收益.pdf,reports/东方证券/20161110-东方证券-《因子选股系列研究之十六》：非对称价格冲击带来的超额收益.pdf,20161110-东方证券-《因子选股系列研究之十六》：非对称价格冲击带来的超额收益.pdf,20161110-东方证券-《因子选股系列研究之十六》：非对称价格冲击带来的超额收益,pdf,1297337,2026-04-11T17:12:03.191801+00:00
54,东方证券,东方证券/20161205-东方证券-《因子选股系列研究之十八》：在Alpha衰退之前.pdf,/mnt/research/研报/东方证券/20161205-东方证券-《因子选股系列研究之十八》：在Alpha衰退之前.pdf,reports/东方证券/20161205-东方证券-《因子选股系列研究之十八》：在Alpha衰退之前.pdf,20161205-东方证券-《因子选股系列研究之十八》：在Alpha衰退之前.pdf,20161205-东方证券-《因子选股系列研究之十八》：在Alpha衰退之前,pdf,1755462,2026-04-11T17:12:00.604801+00:00
55,东方证券,东方证券/20170217-东方证券-《因子选股系列研究之二十》：技术类新Alpha因子的批量测试.pdf,/mnt/research/研报/东方证券/20170217-东方证券-《因子选股系列研究之二十》：技术类新Alpha因子的批量测试.pdf,reports/东方证券/20170217-东方证券-《因子选股系列研究之二十》：技术类新Alpha因子的批量测试.pdf,20170217-东方证券-《因子选股系列研究之二十》：技术类新Alpha因子的批量测试.pdf,20170217-东方证券-《因子选股系列研究之二十》：技术类新Alpha因子的批量测试,pdf,1663423,2026-04-11T17:11:57.130801+00:00
56,东方证券,东方证券/20170217-东方证券-《因子选股系列研究之十九》：动态情景Alpha模型再思考.pdf,/mnt/research/研报/东方证券/20170217-东方证券-《因子选股系列研究之十九》：动态情景Alpha模型再思考.pdf,reports/东方证券/20170217-东方证券-《因子选股系列研究之十九》：动态情景Alpha模型再思考.pdf,20170217-东方证券-《因子选股系列研究之十九》：动态情景Alpha模型再思考.pdf,20170217-东方证券-《因子选股系列研究之十九》：动态情景Alpha模型再思考,pdf,1267433,2026-04-11T17:11:53.316802+00:00
57,东方证券,东方证券/20170217-东方证券-《因子选股系列研究（二十）》： 技术类新Alpha因子的批量测试.pdf,/mnt/research/研报/东方证券/20170217-东方证券-《因子选股系列研究（二十）》： 技术类新Alpha因子的批量测试.pdf,reports/东方证券/20170217-东方证券-《因子选股系列研究（二十）》： 技术类新Alpha因子的批量测试.pdf,20170217-东方证券-《因子选股系列研究（二十）》： 技术类新Alpha因子的批量测试.pdf,20170217-东方证券-《因子选股系列研究（二十）》： 技术类新Alpha因子的批量测试,pdf,1666351,2026-04-11T17:11:50.749802+00:00
58,东方证券,东方证券/20170306-东方证券-《因子选股系列研究之二十一》：组合优化是与非.pdf,/mnt/research/研报/东方证券/20170306-东方证券-《因子选股系列研究之二十一》：组合优化是与非.pdf,reports/东方证券/20170306-东方证券-《因子选股系列研究之二十一》：组合优化是与非.pdf,20170306-东方证券-《因子选股系列研究之二十一》：组合优化是与非.pdf,20170306-东方证券-《因子选股系列研究之二十一》：组合优化是与非,pdf,1861628,2026-04-11T17:11:46.807802+00:00
59,东方证券,东方证券/20170306-东方证券-因子选股系列研究之二十二：中美市场因子选股效果对比分析.pdf,/mnt/research/研报/东方证券/20170306-东方证券-因子选股系列研究之二十二：中美市场因子选股效果对比分析.pdf,reports/东方证券/20170306-东方证券-因子选股系列研究之二十二：中美市场因子选股效果对比分析.pdf,20170306-东方证券-因子选股系列研究之二十二：中美市场因子选股效果对比分析.pdf,20170306-东方证券-因子选股系列研究之二十二：中美市场因子选股效果对比分析,pdf,1507692,2026-04-11T17:11:42.842803+00:00
60,东方证券,东方证券/20170425-东方证券-因子选股系列研究之二十四：细分行业建模之银行内因子研究.pdf,/mnt/research/研报/东方证券/20170425-东方证券-因子选股系列研究之二十四：细分行业建模之银行内因子研究.pdf,reports/东方证券/20170425-东方证券-因子选股系列研究之二十四：细分行业建模之银行内因子研究.pdf,20170425-东方证券-因子选股系列研究之二十四：细分行业建模之银行内因子研究.pdf,20170425-东方证券-因子选股系列研究之二十四：细分行业建模之银行内因子研究,pdf,1855141,2026-04-11T17:11:39.566803+00:00
61,东方证券,东方证券/20170426-东方证券-因子选股系列研究之二十五：多因子模型在港股中的应用.pdf,/mnt/research/研报/东方证券/20170426-东方证券-因子选股系列研究之二十五：多因子模型在港股中的应用.pdf,reports/东方证券/20170426-东方证券-因子选股系列研究之二十五：多因子模型在港股中的应用.pdf,20170426-东方证券-因子选股系列研究之二十五：多因子模型在港股中的应用.pdf,20170426-东方证券-因子选股系列研究之二十五：多因子模型在港股中的应用,pdf,1660962,2026-04-11T17:11:35.704803+00:00
62,东方证券,东方证券/20170601-东方证券-《因子选股系列研究之二十六》：因子选股与事件驱动的Bayes整合.pdf,/mnt/research/研报/东方证券/20170601-东方证券-《因子选股系列研究之二十六》：因子选股与事件驱动的Bayes整合.pdf,reports/东方证券/20170601-东方证券-《因子选股系列研究之二十六》：因子选股与事件驱动的Bayes整合.pdf,20170601-东方证券-《因子选股系列研究之二十六》：因子选股与事件驱动的Bayes整合.pdf,20170601-东方证券-《因子选股系列研究之二十六》：因子选股与事件驱动的Bayes整合,pdf,2141773,2026-04-11T17:11:32.497803+00:00
63,东方证券,东方证券/20170709-东方证券-《因子选股系列研究之二十七》：预期外的盈利能力.pdf,/mnt/research/研报/东方证券/20170709-东方证券-《因子选股系列研究之二十七》：预期外的盈利能力.pdf,reports/东方证券/20170709-东方证券-《因子选股系列研究之二十七》：预期外的盈利能力.pdf,20170709-东方证券-《因子选股系列研究之二十七》：预期外的盈利能力.pdf,20170709-东方证券-《因子选股系列研究之二十七》：预期外的盈利能力,pdf,2760329,2026-04-11T17:11:28.146803+00:00
64,东方证券,东方证券/20170719-东方证券-策略研究视角的财务选股系列报告（之一）：ROE，大道至简.pdf,/mnt/research/研报/东方证券/20170719-东方证券-策略研究视角的财务选股系列报告（之一）：ROE，大道至简.pdf,reports/东方证券/20170719-东方证券-策略研究视角的财务选股系列报告（之一）：ROE，大道至简.pdf,20170719-东方证券-策略研究视角的财务选股系列报告（之一）：ROE，大道至简.pdf,20170719-东方证券-策略研究视角的财务选股系列报告（之一）：ROE，大道至简,pdf,2320594,2026-04-11T17:11:22.801804+00:00
65,东方证券,东方证券/20170804-东方证券-《因子选股系列研究之二十八》：用机器学习解释市值，特异市值因子.pdf,/mnt/research/研报/东方证券/20170804-东方证券-《因子选股系列研究之二十八》：用机器学习解释市值，特异市值因子.pdf,reports/东方证券/20170804-东方证券-《因子选股系列研究之二十八》：用机器学习解释市值，特异市值因子.pdf,20170804-东方证券-《因子选股系列研究之二十八》：用机器学习解释市值，特异市值因子.pdf,20170804-东方证券-《因子选股系列研究之二十八》：用机器学习解释市值，特异市值因子,pdf,1957740,2026-04-11T17:11:15.877804+00:00
66,东方证券,东方证券/20170829-东方证券-策略研究视角的财务选股系列报告（之二）：现金流，去伪存真.pdf,/mnt/research/研报/东方证券/20170829-东方证券-策略研究视角的财务选股系列报告（之二）：现金流，去伪存真.pdf,reports/东方证券/20170829-东方证券-策略研究视角的财务选股系列报告（之二）：现金流，去伪存真.pdf,20170829-东方证券-策略研究视角的财务选股系列报告（之二）：现金流，去伪存真.pdf,20170829-东方证券-策略研究视角的财务选股系列报告（之二）：现金流，去伪存真,pdf,1996223,2026-04-11T17:11:11.079804+00:00
67,东方证券,东方证券/20170831-东方证券-东方证券《因子选股系列研究之二十九》：质优股量化投资.pdf,/mnt/research/研报/东方证券/20170831-东方证券-东方证券《因子选股系列研究之二十九》：质优股量化投资.pdf,reports/东方证券/20170831-东方证券-东方证券《因子选股系列研究之二十九》：质优股量化投资.pdf,20170831-东方证券-东方证券《因子选股系列研究之二十九》：质优股量化投资.pdf,20170831-东方证券-东方证券《因子选股系列研究之二十九》：质优股量化投资,pdf,7332754,2026-04-11T17:11:05.740805+00:00
68,东方证券,东方证券/20171026-东方证券-细分行业建模之券商内因子研究：《因子选股系列研究之二十九》.pdf,/mnt/research/研报/东方证券/20171026-东方证券-细分行业建模之券商内因子研究：《因子选股系列研究之二十九》.pdf,reports/东方证券/20171026-东方证券-细分行业建模之券商内因子研究：《因子选股系列研究之二十九》.pdf,20171026-东方证券-细分行业建模之券商内因子研究：《因子选股系列研究之二十九》.pdf,20171026-东方证券-细分行业建模之券商内因子研究：《因子选股系列研究之二十九》,pdf,2302018,2026-04-11T17:10:50.708806+00:00
69,东方证券,东方证券/20171107-东方证券-策略研究视角的财务选股系列报告（之三）：ROE再思考，找出便宜景气的好股票.pdf,/mnt/research/研报/东方证券/20171107-东方证券-策略研究视角的财务选股系列报告（之三）：ROE再思考，找出便宜景气的好股票.pdf,reports/东方证券/20171107-东方证券-策略研究视角的财务选股系列报告（之三）：ROE再思考，找出便宜景气的好股票.pdf,20171107-东方证券-策略研究视角的财务选股系列报告（之三）：ROE再思考，找出便宜景气的好股票.pdf,20171107-东方证券-策略研究视角的财务选股系列报告（之三）：ROE再思考，找出便宜景气的好股票,pdf,1682907,2026-04-11T17:10:46.479806+00:00
70,东方证券,东方证券/20171201-东方证券-因子选股系列研究之三十一：风险模型在时间序列上的改进.pdf,/mnt/research/研报/东方证券/20171201-东方证券-因子选股系列研究之三十一：风险模型在时间序列上的改进.pdf,reports/东方证券/20171201-东方证券-因子选股系列研究之三十一：风险模型在时间序列上的改进.pdf,20171201-东方证券-因子选股系列研究之三十一：风险模型在时间序列上的改进.pdf,20171201-东方证券-因子选股系列研究之三十一：风险模型在时间序列上的改进,pdf,1558293,2026-04-11T17:10:43.246806+00:00
71,东方证券,东方证券/20171203-东方证券-《因子选股系列研究之三十二》：分析师研报的数据特征与alpha.pdf,/mnt/research/研报/东方证券/20171203-东方证券-《因子选股系列研究之三十二》：分析师研报的数据特征与alpha.pdf,reports/东方证券/20171203-东方证券-《因子选股系列研究之三十二》：分析师研报的数据特征与alpha.pdf,20171203-东方证券-《因子选股系列研究之三十二》：分析师研报的数据特征与alpha.pdf,20171203-东方证券-《因子选股系列研究之三十二》：分析师研报的数据特征与alpha,pdf,3097797,2026-04-11T17:10:40.374807+00:00
72,东方证券,东方证券/20180221-东方证券-《因子选股系列研究三十三》：反转因子择时研究.pdf,/mnt/research/研报/东方证券/20180221-东方证券-《因子选股系列研究三十三》：反转因子择时研究.pdf,reports/东方证券/20180221-东方证券-《因子选股系列研究三十三》：反转因子择时研究.pdf,20180221-东方证券-《因子选股系列研究三十三》：反转因子择时研究.pdf,20180221-东方证券-《因子选股系列研究三十三》：反转因子择时研究,pdf,2443102,2026-04-11T17:10:33.938807+00:00
73,东方证券,东方证券/20180301-东方证券-因子选股系列研究之三十五：组合优化的若干问题.pdf,/mnt/research/研报/东方证券/20180301-东方证券-因子选股系列研究之三十五：组合优化的若干问题.pdf,reports/东方证券/20180301-东方证券-因子选股系列研究之三十五：组合优化的若干问题.pdf,20180301-东方证券-因子选股系列研究之三十五：组合优化的若干问题.pdf,20180301-东方证券-因子选股系列研究之三十五：组合优化的若干问题,pdf,2827729,2026-04-11T17:10:28.919807+00:00
74,东方证券,东方证券/20180304-东方证券-《因子选股系列研究之三十六》：A股小市值溢价的来源.pdf,/mnt/research/研报/东方证券/20180304-东方证券-《因子选股系列研究之三十六》：A股小市值溢价的来源.pdf,reports/东方证券/20180304-东方证券-《因子选股系列研究之三十六》：A股小市值溢价的来源.pdf,20180304-东方证券-《因子选股系列研究之三十六》：A股小市值溢价的来源.pdf,20180304-东方证券-《因子选股系列研究之三十六》：A股小市值溢价的来源,pdf,3187256,2026-04-11T17:10:23.557808+00:00
75,东方证券,东方证券/20180405-东方证券-《因子选股系列研究之三十八》：协方差矩阵谱分解近似方法的补充.pdf,/mnt/research/研报/东方证券/20180405-东方证券-《因子选股系列研究之三十八》：协方差矩阵谱分解近似方法的补充.pdf,reports/东方证券/20180405-东方证券-《因子选股系列研究之三十八》：协方差矩阵谱分解近似方法的补充.pdf,20180405-东方证券-《因子选股系列研究之三十八》：协方差矩阵谱分解近似方法的补充.pdf,20180405-东方证券-《因子选股系列研究之三十八》：协方差矩阵谱分解近似方法的补充,pdf,1367728,2026-04-11T17:10:18.146808+00:00
76,东方证券,东方证券/20180518-东方证券-《因子选股系列研究之三十九》：业绩超预期类因子.pdf,/mnt/research/研报/东方证券/20180518-东方证券-《因子选股系列研究之三十九》：业绩超预期类因子.pdf,reports/东方证券/20180518-东方证券-《因子选股系列研究之三十九》：业绩超预期类因子.pdf,20180518-东方证券-《因子选股系列研究之三十九》：业绩超预期类因子.pdf,20180518-东方证券-《因子选股系列研究之三十九》：业绩超预期类因子,pdf,2721084,2026-04-11T17:10:15.387808+00:00
77,东方证券,东方证券/20180601-东方证券-因子择时~《因子选股系列报告之四十》.pdf,/mnt/research/研报/东方证券/20180601-东方证券-因子择时~《因子选股系列报告之四十》.pdf,reports/东方证券/20180601-东方证券-因子择时~《因子选股系列报告之四十》.pdf,20180601-东方证券-因子择时~《因子选股系列报告之四十》.pdf,20180601-东方证券-因子择时~《因子选股系列报告之四十》,pdf,2945335,2026-04-11T17:10:10.167809+00:00
78,东方证券,东方证券/20180802-东方证券-《因子选股系列研究之四十二》：上市公司业绩预告信息研究.pdf,/mnt/research/研报/东方证券/20180802-东方证券-《因子选股系列研究之四十二》：上市公司业绩预告信息研究.pdf,reports/东方证券/20180802-东方证券-《因子选股系列研究之四十二》：上市公司业绩预告信息研究.pdf,20180802-东方证券-《因子选股系列研究之四十二》：上市公司业绩预告信息研究.pdf,20180802-东方证券-《因子选股系列研究之四十二》：上市公司业绩预告信息研究,pdf,2457549,2026-04-11T17:10:04.276809+00:00
79,东方证券,东方证券/20180901-东方证券-《因子选股系列研究之四十三》：盈利预测与市价隐含预期收益.pdf,/mnt/research/研报/东方证券/20180901-东方证券-《因子选股系列研究之四十三》：盈利预测与市价隐含预期收益.pdf,reports/东方证券/20180901-东方证券-《因子选股系列研究之四十三》：盈利预测与市价隐含预期收益.pdf,20180901-东方证券-《因子选股系列研究之四十三》：盈利预测与市价隐含预期收益.pdf,20180901-东方证券-《因子选股系列研究之四十三》：盈利预测与市价隐含预期收益,pdf,2344350,2026-04-11T17:09:59.499809+00:00
80,东方证券,东方证券/20181023-东方证券-《因子选股系列研究之四十五》：基于copula的尾部相关性研究，上尾异常相关系数因子.pdf,/mnt/research/研报/东方证券/20181023-东方证券-《因子选股系列研究之四十五》：基于copula的尾部相关性研究，上尾异常相关系数因子.pdf,reports/东方证券/20181023-东方证券-《因子选股系列研究之四十五》：基于copula的尾部相关性研究，上尾异常相关系数因子.pdf,20181023-东方证券-《因子选股系列研究之四十五》：基于copula的尾部相关性研究，上尾异常相关系数因子.pdf,20181023-东方证券-《因子选股系列研究之四十五》：基于copula的尾部相关性研究，上尾异常相关系数因子,pdf,2486631,2026-04-11T17:09:55.049809+00:00
81,东方证券,东方证券/20181120-东方证券-《因子选股系列研究之四十七》：A股涨跌幅排行榜效应.pdf,/mnt/research/研报/东方证券/20181120-东方证券-《因子选股系列研究之四十七》：A股涨跌幅排行榜效应.pdf,reports/东方证券/20181120-东方证券-《因子选股系列研究之四十七》：A股涨跌幅排行榜效应.pdf,20181120-东方证券-《因子选股系列研究之四十七》：A股涨跌幅排行榜效应.pdf,20181120-东方证券-《因子选股系列研究之四十七》：A股涨跌幅排行榜效应,pdf,1445757,2026-04-11T17:09:49.997810+00:00
82,东方证券,东方证券/20181203-东方证券-《因子选股系列研究之四十八》：Alpha与Smart_Beta.pdf,/mnt/research/研报/东方证券/20181203-东方证券-《因子选股系列研究之四十八》：Alpha与Smart_Beta.pdf,reports/东方证券/20181203-东方证券-《因子选股系列研究之四十八》：Alpha与Smart_Beta.pdf,20181203-东方证券-《因子选股系列研究之四十八》：Alpha与Smart_Beta.pdf,20181203-东方证券-《因子选股系列研究之四十八》：Alpha与Smart_Beta,pdf,1806557,2026-04-11T17:09:47.142810+00:00
83,东方证券,东方证券/20190114-东方证券-因子选股系列之四十九：日内交易特征稳定性与股票收益.pdf,/mnt/research/研报/东方证券/20190114-东方证券-因子选股系列之四十九：日内交易特征稳定性与股票收益.pdf,reports/东方证券/20190114-东方证券-因子选股系列之四十九：日内交易特征稳定性与股票收益.pdf,20190114-东方证券-因子选股系列之四十九：日内交易特征稳定性与股票收益.pdf,20190114-东方证券-因子选股系列之四十九：日内交易特征稳定性与股票收益,pdf,1937762,2026-04-11T17:09:43.661810+00:00
84,东方证券,东方证券/20190424-东方证券-因子选股系列之五十四：波动率因子的逻辑与非对称使用.pdf,/mnt/research/研报/东方证券/20190424-东方证券-因子选股系列之五十四：波动率因子的逻辑与非对称使用.pdf,reports/东方证券/20190424-东方证券-因子选股系列之五十四：波动率因子的逻辑与非对称使用.pdf,20190424-东方证券-因子选股系列之五十四：波动率因子的逻辑与非对称使用.pdf,20190424-东方证券-因子选股系列之五十四：波动率因子的逻辑与非对称使用,pdf,1898188,2026-04-11T17:09:39.955811+00:00
85,东方证券,东方证券/20190530-东方证券-《因子选股系列研究之五十六》：大小盘风格择时与投资运用.pdf,/mnt/research/研报/东方证券/20190530-东方证券-《因子选股系列研究之五十六》：大小盘风格择时与投资运用.pdf,reports/东方证券/20190530-东方证券-《因子选股系列研究之五十六》：大小盘风格择时与投资运用.pdf,20190530-东方证券-《因子选股系列研究之五十六》：大小盘风格择时与投资运用.pdf,20190530-东方证券-《因子选股系列研究之五十六》：大小盘风格择时与投资运用,pdf,2153214,2026-04-11T17:09:36.254811+00:00
86,东方证券,东方证券/20190701-东方证券-因子选股系列研究之五十七：温和收益的动量与极端收益的反转效应.pdf,/mnt/research/研报/东方证券/20190701-东方证券-因子选股系列研究之五十七：温和收益的动量与极端收益的反转效应.pdf,reports/东方证券/20190701-东方证券-因子选股系列研究之五十七：温和收益的动量与极端收益的反转效应.pdf,20190701-东方证券-因子选股系列研究之五十七：温和收益的动量与极端收益的反转效应.pdf,20190701-东方证券-因子选股系列研究之五十七：温和收益的动量与极端收益的反转效应,pdf,1367003,2026-04-11T17:09:32.146811+00:00
87,东方证券,东方证券/20190801-东方证券-《因子选股系列研究之五十九》：跳跃Beta与连续Beta.pdf,/mnt/research/研报/东方证券/20190801-东方证券-《因子选股系列研究之五十九》：跳跃Beta与连续Beta.pdf,reports/东方证券/20190801-东方证券-《因子选股系列研究之五十九》：跳跃Beta与连续Beta.pdf,20190801-东方证券-《因子选股系列研究之五十九》：跳跃Beta与连续Beta.pdf,20190801-东方证券-《因子选股系列研究之五十九》：跳跃Beta与连续Beta,pdf,1429997,2026-04-11T17:09:29.487811+00:00
88,东方证券,东方证券/20191029-东方证券-因子选股系列之六十一：基于机构持仓的因子情景分析.pdf,/mnt/research/研报/东方证券/20191029-东方证券-因子选股系列之六十一：基于机构持仓的因子情景分析.pdf,reports/东方证券/20191029-东方证券-因子选股系列之六十一：基于机构持仓的因子情景分析.pdf,20191029-东方证券-因子选股系列之六十一：基于机构持仓的因子情景分析.pdf,20191029-东方证券-因子选股系列之六十一：基于机构持仓的因子情景分析,pdf,2370080,2026-04-11T17:09:26.443811+00:00
89,东方证券,东方证券/20191029-东方证券-因子选股系列研究之六十：基于量价关系度量股票的买卖压力.pdf,/mnt/research/研报/东方证券/20191029-东方证券-因子选股系列研究之六十：基于量价关系度量股票的买卖压力.pdf,reports/东方证券/20191029-东方证券-因子选股系列研究之六十：基于量价关系度量股票的买卖压力.pdf,20191029-东方证券-因子选股系列研究之六十：基于量价关系度量股票的买卖压力.pdf,20191029-东方证券-因子选股系列研究之六十：基于量价关系度量股票的买卖压力,pdf,2082752,2026-04-11T17:09:20.919812+00:00
90,东方证券,东方证券/20191127-东方证券-《因子选股系列研究之六十二》：来自优秀基金经理的超额收益.pdf,/mnt/research/研报/东方证券/20191127-东方证券-《因子选股系列研究之六十二》：来自优秀基金经理的超额收益.pdf,reports/东方证券/20191127-东方证券-《因子选股系列研究之六十二》：来自优秀基金经理的超额收益.pdf,20191127-东方证券-《因子选股系列研究之六十二》：来自优秀基金经理的超额收益.pdf,20191127-东方证券-《因子选股系列研究之六十二》：来自优秀基金经理的超额收益,pdf,2459553,2026-04-11T17:09:16.927812+00:00
91,东方证券,东方证券/20200911-东方证券-《因子选股系列研究之七十》：机器因子库相对人工因子库的增量.pdf,/mnt/research/研报/东方证券/20200911-东方证券-《因子选股系列研究之七十》：机器因子库相对人工因子库的增量.pdf,reports/东方证券/20200911-东方证券-《因子选股系列研究之七十》：机器因子库相对人工因子库的增量.pdf,20200911-东方证券-《因子选股系列研究之七十》：机器因子库相对人工因子库的增量.pdf,20200911-东方证券-《因子选股系列研究之七十》：机器因子库相对人工因子库的增量,pdf,1344889,2026-04-11T17:09:12.352812+00:00
92,东方证券,东方证券/20210309-东方证券-《因子选股系列研究之七十三》：更稳健易算的分析师盈利上调因子.pdf,/mnt/research/研报/东方证券/20210309-东方证券-《因子选股系列研究之七十三》：更稳健易算的分析师盈利上调因子.pdf,reports/东方证券/20210309-东方证券-《因子选股系列研究之七十三》：更稳健易算的分析师盈利上调因子.pdf,20210309-东方证券-《因子选股系列研究之七十三》：更稳健易算的分析师盈利上调因子.pdf,20210309-东方证券-《因子选股系列研究之七十三》：更稳健易算的分析师盈利上调因子,pdf,1063700,2026-04-11T17:09:09.616812+00:00
93,东方证券,东方证券/20210311-东方证券-因子选股系列之七十四：神经网络日频alpha模型初步实践.pdf,/mnt/research/研报/东方证券/20210311-东方证券-因子选股系列之七十四：神经网络日频alpha模型初步实践.pdf,reports/东方证券/20210311-东方证券-因子选股系列之七十四：神经网络日频alpha模型初步实践.pdf,20210311-东方证券-因子选股系列之七十四：神经网络日频alpha模型初步实践.pdf,20210311-东方证券-因子选股系列之七十四：神经网络日频alpha模型初步实践,pdf,1492169,2026-04-11T17:09:07.294813+00:00
94,东方证券,东方证券/20210722-东方证券-因子选股系列之七十六：基于委托订单数据的alpha因子.pdf,/mnt/research/研报/东方证券/20210722-东方证券-因子选股系列之七十六：基于委托订单数据的alpha因子.pdf,reports/东方证券/20210722-东方证券-因子选股系列之七十六：基于委托订单数据的alpha因子.pdf,20210722-东方证券-因子选股系列之七十六：基于委托订单数据的alpha因子.pdf,20210722-东方证券-因子选股系列之七十六：基于委托订单数据的alpha因子,pdf,2630092,2026-04-11T17:09:04.849813+00:00
95,东方证券,东方证券/20210902-东方证券-因子选股系列研究之七十八：存在于全市场范围内的稳健动量效应.pdf,/mnt/research/研报/东方证券/20210902-东方证券-因子选股系列研究之七十八：存在于全市场范围内的稳健动量效应.pdf,reports/东方证券/20210902-东方证券-因子选股系列研究之七十八：存在于全市场范围内的稳健动量效应.pdf,20210902-东方证券-因子选股系列研究之七十八：存在于全市场范围内的稳健动量效应.pdf,20210902-东方证券-因子选股系列研究之七十八：存在于全市场范围内的稳健动量效应,pdf,588050,2026-04-11T17:08:57.973813+00:00
96,东方证券,东方证券/20211027-东方证券-因子选股系列之七十九：基于大单的alpha因子构建.pdf,/mnt/research/研报/东方证券/20211027-东方证券-因子选股系列之七十九：基于大单的alpha因子构建.pdf,reports/东方证券/20211027-东方证券-因子选股系列之七十九：基于大单的alpha因子构建.pdf,20211027-东方证券-因子选股系列之七十九：基于大单的alpha因子构建.pdf,20211027-东方证券-因子选股系列之七十九：基于大单的alpha因子构建,pdf,1732060,2026-04-11T17:08:56.895813+00:00
97,东方证券,东方证券/20211225-东方证券-《因子选股系列研究之八十》：收益率的非对称分布与尾部蕴含的Alpha.pdf,/mnt/research/研报/东方证券/20211225-东方证券-《因子选股系列研究之八十》：收益率的非对称分布与尾部蕴含的Alpha.pdf,reports/东方证券/20211225-东方证券-《因子选股系列研究之八十》：收益率的非对称分布与尾部蕴含的Alpha.pdf,20211225-东方证券-《因子选股系列研究之八十》：收益率的非对称分布与尾部蕴含的Alpha.pdf,20211225-东方证券-《因子选股系列研究之八十》：收益率的非对称分布与尾部蕴含的Alpha,pdf,1295178,2026-04-11T17:08:52.941814+00:00
98,东方证券,东方证券/20220328-东方证券-因子选股系列之八十一：周频量价指增模型.pdf,/mnt/research/研报/东方证券/20220328-东方证券-因子选股系列之八十一：周频量价指增模型.pdf,reports/东方证券/20220328-东方证券-因子选股系列之八十一：周频量价指增模型.pdf,20220328-东方证券-因子选股系列之八十一：周频量价指增模型.pdf,20220328-东方证券-因子选股系列之八十一：周频量价指增模型,pdf,1008006,2026-04-11T17:08:48.402814+00:00
99,东方证券,东方证券/20220612-东方证券-因子选股系列之八十三：多模型学习量价时序特征.pdf,/mnt/research/研报/东方证券/20220612-东方证券-因子选股系列之八十三：多模型学习量价时序特征.pdf,reports/东方证券/20220612-东方证券-因子选股系列之八十三：多模型学习量价时序特征.pdf,20220612-东方证券-因子选股系列之八十三：多模型学习量价时序特征.pdf,20220612-东方证券-因子选股系列之八十三：多模型学习量价时序特征,pdf,1456337,2026-04-11T17:08:46.070814+00:00
100,东方证券,东方证券/20221025-东方证券-因子选股系列之八十五：基于财报的业绩超预期度量.pdf,/mnt/research/研报/东方证券/20221025-东方证券-因子选股系列之八十五：基于财报的业绩超预期度量.pdf,reports/东方证券/20221025-东方证券-因子选股系列之八十五：基于财报的业绩超预期度量.pdf,20221025-东方证券-因子选股系列之八十五：基于财报的业绩超预期度量.pdf,20221025-东方证券-因子选股系列之八十五：基于财报的业绩超预期度量,pdf,3988583,2026-04-11T17:08:43.479814+00:00
101,东方证券,东方证券/20230217-东方证券-因子选股系列之八十七：分析师研报类alpha增强.pdf,/mnt/research/研报/东方证券/20230217-东方证券-因子选股系列之八十七：分析师研报类alpha增强.pdf,reports/东方证券/20230217-东方证券-因子选股系列之八十七：分析师研报类alpha增强.pdf,20230217-东方证券-因子选股系列之八十七：分析师研报类alpha增强.pdf,20230217-东方证券-因子选股系列之八十七：分析师研报类alpha增强,pdf,1124996,2026-04-11T17:08:33.667815+00:00
102,东方证券,东方证券/20230606-东方证券-因子选股系列之九十一：基于循环神经网络的多频率因子挖掘.pdf,/mnt/research/研报/东方证券/20230606-东方证券-因子选股系列之九十一：基于循环神经网络的多频率因子挖掘.pdf,reports/东方证券/20230606-东方证券-因子选股系列之九十一：基于循环神经网络的多频率因子挖掘.pdf,20230606-东方证券-因子选股系列之九十一：基于循环神经网络的多频率因子挖掘.pdf,20230606-东方证券-因子选股系列之九十一：基于循环神经网络的多频率因子挖掘,pdf,1507869,2026-04-11T17:08:29.899815+00:00
103,东方证券,东方证券/20230628-东方证券-因子选股系列之九十二：基于时点动量的因子轮动.pdf,/mnt/research/研报/东方证券/20230628-东方证券-因子选股系列之九十二：基于时点动量的因子轮动.pdf,reports/东方证券/20230628-东方证券-因子选股系列之九十二：基于时点动量的因子轮动.pdf,20230628-东方证券-因子选股系列之九十二：基于时点动量的因子轮动.pdf,20230628-东方证券-因子选股系列之九十二：基于时点动量的因子轮动,pdf,4342518,2026-04-11T17:08:25.786815+00:00
104,东方证券,东方证券/20230630-东方证券-因子选股系列之九十三：集成模型在量价特征中的应用.pdf,/mnt/research/研报/东方证券/20230630-东方证券-因子选股系列之九十三：集成模型在量价特征中的应用.pdf,reports/东方证券/20230630-东方证券-因子选股系列之九十三：集成模型在量价特征中的应用.pdf,20230630-东方证券-因子选股系列之九十三：集成模型在量价特征中的应用.pdf,20230630-东方证券-因子选股系列之九十三：集成模型在量价特征中的应用,pdf,1172319,2026-04-11T17:08:15.996816+00:00
105,东方证券,东方证券/20230713-东方证券-因子选股系列之九十四：UMR2.0，风险溢价视角下的动量反转统一框架再升级.pdf,/mnt/research/研报/东方证券/20230713-东方证券-因子选股系列之九十四：UMR2.0，风险溢价视角下的动量反转统一框架再升级.pdf,reports/东方证券/20230713-东方证券-因子选股系列之九十四：UMR2.0，风险溢价视角下的动量反转统一框架再升级.pdf,20230713-东方证券-因子选股系列之九十四：UMR2.0，风险溢价视角下的动量反转统一框架再升级.pdf,20230713-东方证券-因子选股系列之九十四：UMR2.0，风险溢价视角下的动量反转统一框架再升级,pdf,2011071,2026-04-11T17:08:13.560816+00:00
106,中信建投,中信建投/20160623-中信建投-基本面量化系列之五：投资时钟指路，量化大类资产轮动破局，再谈美林时钟模型在中美市场的有效性.pdf,/mnt/research/研报/中信建投/20160623-中信建投-基本面量化系列之五：投资时钟指路，量化大类资产轮动破局，再谈美林时钟模型在中美市场的有效性.pdf,reports/中信建投/20160623-中信建投-基本面量化系列之五：投资时钟指路，量化大类资产轮动破局，再谈美林时钟模型在中美市场的有效性.pdf,20160623-中信建投-基本面量化系列之五：投资时钟指路，量化大类资产轮动破局，再谈美林时钟模型在中美市场的有效性.pdf,20160623-中信建投-基本面量化系列之五：投资时钟指路，量化大类资产轮动破局，再谈美林时钟模型在中美市场的有效性,pdf,1235910,2026-04-11T17:08:09.065816+00:00
107,中信建投,中信建投/20170203-中信建投-多因子跟踪月报：估值因子和换手率因子保持强势，基本面因子延续弱势（2017年2月）.pdf,/mnt/research/研报/中信建投/20170203-中信建投-多因子跟踪月报：估值因子和换手率因子保持强势，基本面因子延续弱势（2017年2月）.pdf,reports/中信建投/20170203-中信建投-多因子跟踪月报：估值因子和换手率因子保持强势，基本面因子延续弱势（2017年2月）.pdf,20170203-中信建投-多因子跟踪月报：估值因子和换手率因子保持强势，基本面因子延续弱势（2017年2月）.pdf,20170203-中信建投-多因子跟踪月报：估值因子和换手率因子保持强势，基本面因子延续弱势（2017年2月）,pdf,1059488,2026-04-11T17:08:06.599817+00:00
108,中信建投,中信建投/20170405-中信建投-多因子跟踪月报：盈利因子全面爆发，技术面因子表现弱势（2017年4月）.pdf,/mnt/research/研报/中信建投/20170405-中信建投-多因子跟踪月报：盈利因子全面爆发，技术面因子表现弱势（2017年4月）.pdf,reports/中信建投/20170405-中信建投-多因子跟踪月报：盈利因子全面爆发，技术面因子表现弱势（2017年4月）.pdf,20170405-中信建投-多因子跟踪月报：盈利因子全面爆发，技术面因子表现弱势（2017年4月）.pdf,20170405-中信建投-多因子跟踪月报：盈利因子全面爆发，技术面因子表现弱势（2017年4月）,pdf,684586,2026-04-11T17:08:04.592817+00:00
109,中信建投,中信建投/20170926-中信建投-基本面量化系列研究之八：周期行业基本面量化之钢铁篇.pdf,/mnt/research/研报/中信建投/20170926-中信建投-基本面量化系列研究之八：周期行业基本面量化之钢铁篇.pdf,reports/中信建投/20170926-中信建投-基本面量化系列研究之八：周期行业基本面量化之钢铁篇.pdf,20170926-中信建投-基本面量化系列研究之八：周期行业基本面量化之钢铁篇.pdf,20170926-中信建投-基本面量化系列研究之八：周期行业基本面量化之钢铁篇,pdf,1438710,2026-04-11T17:08:03.361817+00:00
110,中信建投,"中信建投/20171121-中信建投-“量化行业基本面”每月数据解析及模型跟踪：上月行业组合超额收益3.5％,推荐配置医药、电子、农林牧渔.pdf","/mnt/research/研报/中信建投/20171121-中信建投-“量化行业基本面”每月数据解析及模型跟踪：上月行业组合超额收益3.5％,推荐配置医药、电子、农林牧渔.pdf","reports/中信建投/20171121-中信建投-“量化行业基本面”每月数据解析及模型跟踪：上月行业组合超额收益3.5％,推荐配置医药、电子、农林牧渔.pdf","20171121-中信建投-“量化行业基本面”每月数据解析及模型跟踪：上月行业组合超额收益3.5％,推荐配置医药、电子、农林牧渔.pdf","20171121-中信建投-“量化行业基本面”每月数据解析及模型跟踪：上月行业组合超额收益3.5％,推荐配置医药、电子、农林牧渔",pdf,1619914,2026-04-11T17:08:00.662817+00:00
111,中信建投,中信建投/20171204-中信建投-多因子跟踪月报：成长因子卷土重来，换手率因子继续蝉联（2017年12月）.pdf,/mnt/research/研报/中信建投/20171204-中信建投-多因子跟踪月报：成长因子卷土重来，换手率因子继续蝉联（2017年12月）.pdf,reports/中信建投/20171204-中信建投-多因子跟踪月报：成长因子卷土重来，换手率因子继续蝉联（2017年12月）.pdf,20171204-中信建投-多因子跟踪月报：成长因子卷土重来，换手率因子继续蝉联（2017年12月）.pdf,20171204-中信建投-多因子跟踪月报：成长因子卷土重来，换手率因子继续蝉联（2017年12月）,pdf,989476,2026-04-11T17:07:57.781817+00:00
112,中信建投,中信建投/20180102-中信建投-金融工程专题：香港股市的有效alpha选股因子探索与分析.pdf,/mnt/research/研报/中信建投/20180102-中信建投-金融工程专题：香港股市的有效alpha选股因子探索与分析.pdf,reports/中信建投/20180102-中信建投-金融工程专题：香港股市的有效alpha选股因子探索与分析.pdf,20180102-中信建投-金融工程专题：香港股市的有效alpha选股因子探索与分析.pdf,20180102-中信建投-金融工程专题：香港股市的有效alpha选股因子探索与分析,pdf,1163504,2026-04-11T17:07:55.841817+00:00
113,中信建投,中信建投/20180202-中信建投-大数据人工智能研究之六：机器学习因子有效性分析.pdf,/mnt/research/研报/中信建投/20180202-中信建投-大数据人工智能研究之六：机器学习因子有效性分析.pdf,reports/中信建投/20180202-中信建投-大数据人工智能研究之六：机器学习因子有效性分析.pdf,20180202-中信建投-大数据人工智能研究之六：机器学习因子有效性分析.pdf,20180202-中信建投-大数据人工智能研究之六：机器学习因子有效性分析,pdf,1025456,2026-04-11T17:07:53.695817+00:00
114,中信建投,中信建投/20210707-中信建投-因子深度研究系列：多层次订单失衡及订单斜率因子.pdf,/mnt/research/研报/中信建投/20210707-中信建投-因子深度研究系列：多层次订单失衡及订单斜率因子.pdf,reports/中信建投/20210707-中信建投-因子深度研究系列：多层次订单失衡及订单斜率因子.pdf,20210707-中信建投-因子深度研究系列：多层次订单失衡及订单斜率因子.pdf,20210707-中信建投-因子深度研究系列：多层次订单失衡及订单斜率因子,pdf,2513370,2026-04-11T17:07:51.843818+00:00
115,中信建投,中信建投/20220911-中信建投-因子模型第五期：基于供应链关系矩阵的因子增强-从特征工程角度让模型学习供应链关系.pdf,/mnt/research/研报/中信建投/20220911-中信建投-因子模型第五期：基于供应链关系矩阵的因子增强-从特征工程角度让模型学习供应链关系.pdf,reports/中信建投/20220911-中信建投-因子模型第五期：基于供应链关系矩阵的因子增强-从特征工程角度让模型学习供应链关系.pdf,20220911-中信建投-因子模型第五期：基于供应链关系矩阵的因子增强-从特征工程角度让模型学习供应链关系.pdf,20220911-中信建投-因子模型第五期：基于供应链关系矩阵的因子增强-从特征工程角度让模型学习供应链关系,pdf,1708782,2026-04-11T17:07:47.254818+00:00
116,中信建投,中信建投/20221214-中信建投-“逐鹿”Alpha 专题报告（十二）：AlphaZero，基于AutoML-Zero的高频数据低频化因子挖掘框架.pdf,/mnt/research/研报/中信建投/20221214-中信建投-“逐鹿”Alpha 专题报告（十二）：AlphaZero，基于AutoML-Zero的高频数据低频化因子挖掘框架.pdf,reports/中信建投/20221214-中信建投-“逐鹿”Alpha 专题报告（十二）：AlphaZero，基于AutoML-Zero的高频数据低频化因子挖掘框架.pdf,20221214-中信建投-“逐鹿”Alpha 专题报告（十二）：AlphaZero，基于AutoML-Zero的高频数据低频化因子挖掘框架.pdf,20221214-中信建投-“逐鹿”Alpha 专题报告（十二）：AlphaZero，基于AutoML-Zero的高频数据低频化因子挖掘框架,pdf,2305908,2026-04-11T17:07:44.199818+00:00
117,中信建投,中信建投/20230217-中信建投-“逐鹿”Alpha专题报告（十三）：基于openFE的基本面因子挖掘框架.pdf,/mnt/research/研报/中信建投/20230217-中信建投-“逐鹿”Alpha专题报告（十三）：基于openFE的基本面因子挖掘框架.pdf,reports/中信建投/20230217-中信建投-“逐鹿”Alpha专题报告（十三）：基于openFE的基本面因子挖掘框架.pdf,20230217-中信建投-“逐鹿”Alpha专题报告（十三）：基于openFE的基本面因子挖掘框架.pdf,20230217-中信建投-“逐鹿”Alpha专题报告（十三）：基于openFE的基本面因子挖掘框架,pdf,536509,2026-04-11T17:07:39.582819+00:00
118,中信建投,中信建投/20230530-中信建投-“逐鹿”Alpha 专题报告（十四）：基本面因子与量价因子融合模型.pdf,/mnt/research/研报/中信建投/20230530-中信建投-“逐鹿”Alpha 专题报告（十四）：基本面因子与量价因子融合模型.pdf,reports/中信建投/20230530-中信建投-“逐鹿”Alpha 专题报告（十四）：基本面因子与量价因子融合模型.pdf,20230530-中信建投-“逐鹿”Alpha 专题报告（十四）：基本面因子与量价因子融合模型.pdf,20230530-中信建投-“逐鹿”Alpha 专题报告（十四）：基本面因子与量价因子融合模型,pdf,719449,2026-04-11T17:07:38.597818+00:00
119,中信建投,中信建投/20230723-中信建投-“逐鹿”Alpha专题报告（十五）：基于领域知识生成的基本面因子挖掘框架.pdf,/mnt/research/研报/中信建投/20230723-中信建投-“逐鹿”Alpha专题报告（十五）：基于领域知识生成的基本面因子挖掘框架.pdf,reports/中信建投/20230723-中信建投-“逐鹿”Alpha专题报告（十五）：基于领域知识生成的基本面因子挖掘框架.pdf,20230723-中信建投-“逐鹿”Alpha专题报告（十五）：基于领域知识生成的基本面因子挖掘框架.pdf,20230723-中信建投-“逐鹿”Alpha专题报告（十五）：基于领域知识生成的基本面因子挖掘框架,pdf,1785212,2026-04-11T17:07:37.362818+00:00
120,中信建投,中信建投/20230827-中信建投-金融产品深度报告：行为金融学在量化选股中的应用.pdf,/mnt/research/研报/中信建投/20230827-中信建投-金融产品深度报告：行为金融学在量化选股中的应用.pdf,reports/中信建投/20230827-中信建投-金融产品深度报告：行为金融学在量化选股中的应用.pdf,20230827-中信建投-金融产品深度报告：行为金融学在量化选股中的应用.pdf,20230827-中信建投-金融产品深度报告：行为金融学在量化选股中的应用,pdf,1542202,2026-04-11T17:07:34.263819+00:00
121,中信建投,中信建投/20231024-中信建投-“逐鹿”Alpha专题报告（十七）：基于TiDE及其改进的因子融合模型.pdf,/mnt/research/研报/中信建投/20231024-中信建投-“逐鹿”Alpha专题报告（十七）：基于TiDE及其改进的因子融合模型.pdf,reports/中信建投/20231024-中信建投-“逐鹿”Alpha专题报告（十七）：基于TiDE及其改进的因子融合模型.pdf,20231024-中信建投-“逐鹿”Alpha专题报告（十七）：基于TiDE及其改进的因子融合模型.pdf,20231024-中信建投-“逐鹿”Alpha专题报告（十七）：基于TiDE及其改进的因子融合模型,pdf,25599793,2026-04-11T17:07:31.389819+00:00
122,中信建投,中信建投/板块轮动基本面量化系列之一——结合基本面的行业月度波动特征分析.pdf,/mnt/research/研报/中信建投/板块轮动基本面量化系列之一——结合基本面的行业月度波动特征分析.pdf,reports/中信建投/板块轮动基本面量化系列之一——结合基本面的行业月度波动特征分析.pdf,板块轮动基本面量化系列之一——结合基本面的行业月度波动特征分析.pdf,板块轮动基本面量化系列之一——结合基本面的行业月度波动特征分析,pdf,759168,2026-04-11T17:06:35.600823+00:00
123,中信建投,中信建投/板块轮动基本面量化系列之二——梦碎浮华回归本质，论行业财务基本面指标的有效性.pdf,/mnt/research/研报/中信建投/板块轮动基本面量化系列之二——梦碎浮华回归本质，论行业财务基本面指标的有效性.pdf,reports/中信建投/板块轮动基本面量化系列之二——梦碎浮华回归本质，论行业财务基本面指标的有效性.pdf,板块轮动基本面量化系列之二——梦碎浮华回归本质，论行业财务基本面指标的有效性.pdf,板块轮动基本面量化系列之二——梦碎浮华回归本质，论行业财务基本面指标的有效性,pdf,807959,2026-04-11T17:06:33.623823+00:00
124,中信建投,中信建投/量化全球大类资产配置体系美国道指市盈率估计模型.pdf,/mnt/research/研报/中信建投/量化全球大类资产配置体系美国道指市盈率估计模型.pdf,reports/中信建投/量化全球大类资产配置体系美国道指市盈率估计模型.pdf,量化全球大类资产配置体系美国道指市盈率估计模型.pdf,量化全球大类资产配置体系美国道指市盈率估计模型,pdf,1503140,2026-04-11T17:06:31.490823+00:00
125,中信证券,中信证券/20171122-中信证券-金融衍生品与量化策略研讨会：从多因子出发的量化对冲策略.pdf,/mnt/research/研报/中信证券/20171122-中信证券-金融衍生品与量化策略研讨会：从多因子出发的量化对冲策略.pdf,reports/中信证券/20171122-中信证券-金融衍生品与量化策略研讨会：从多因子出发的量化对冲策略.pdf,20171122-中信证券-金融衍生品与量化策略研讨会：从多因子出发的量化对冲策略.pdf,20171122-中信证券-金融衍生品与量化策略研讨会：从多因子出发的量化对冲策略,pdf,2423126,2026-04-11T17:06:27.380823+00:00
126,中信证券,中信证券/20171219-中信证券-多因子量化选股系列专题研究：价值与成长投资逻辑在多因子模型中的应用.pdf,/mnt/research/研报/中信证券/20171219-中信证券-多因子量化选股系列专题研究：价值与成长投资逻辑在多因子模型中的应用.pdf,reports/中信证券/20171219-中信证券-多因子量化选股系列专题研究：价值与成长投资逻辑在多因子模型中的应用.pdf,20171219-中信证券-多因子量化选股系列专题研究：价值与成长投资逻辑在多因子模型中的应用.pdf,20171219-中信证券-多因子量化选股系列专题研究：价值与成长投资逻辑在多因子模型中的应用,pdf,2028959,2026-04-11T17:06:21.563823+00:00
127,中信证券,中信证券/20211123-中信证券-多因子量化选股系列专题研究：破局低信噪比，基于深度学习的因子优化研究.pdf,/mnt/research/研报/中信证券/20211123-中信证券-多因子量化选股系列专题研究：破局低信噪比，基于深度学习的因子优化研究.pdf,reports/中信证券/20211123-中信证券-多因子量化选股系列专题研究：破局低信噪比，基于深度学习的因子优化研究.pdf,20211123-中信证券-多因子量化选股系列专题研究：破局低信噪比，基于深度学习的因子优化研究.pdf,20211123-中信证券-多因子量化选股系列专题研究：破局低信噪比，基于深度学习的因子优化研究,pdf,842830,2026-04-11T17:06:15.722824+00:00
128,中信证券,中信证券/20220726-中信证券-基本面量化系列：挖掘基本面有效因子，探索行业视角量化投资.pdf,/mnt/research/研报/中信证券/20220726-中信证券-基本面量化系列：挖掘基本面有效因子，探索行业视角量化投资.pdf,reports/中信证券/20220726-中信证券-基本面量化系列：挖掘基本面有效因子，探索行业视角量化投资.pdf,20220726-中信证券-基本面量化系列：挖掘基本面有效因子，探索行业视角量化投资.pdf,20220726-中信证券-基本面量化系列：挖掘基本面有效因子，探索行业视角量化投资,pdf,1655374,2026-04-11T17:06:13.614824+00:00
129,中原证券,中原证券/20120615-中原证券-多因子选股模型系列之一：成长类因子测试与分析.pdf,/mnt/research/研报/中原证券/20120615-中原证券-多因子选股模型系列之一：成长类因子测试与分析.pdf,reports/中原证券/20120615-中原证券-多因子选股模型系列之一：成长类因子测试与分析.pdf,20120615-中原证券-多因子选股模型系列之一：成长类因子测试与分析.pdf,20120615-中原证券-多因子选股模型系列之一：成长类因子测试与分析,pdf,616676,2026-04-11T17:06:08.836824+00:00
130,中原证券,中原证券/20170327-中原证券-固定收益周报：市场一致预期下如何交易.pdf,/mnt/research/研报/中原证券/20170327-中原证券-固定收益周报：市场一致预期下如何交易.pdf,reports/中原证券/20170327-中原证券-固定收益周报：市场一致预期下如何交易.pdf,20170327-中原证券-固定收益周报：市场一致预期下如何交易.pdf,20170327-中原证券-固定收益周报：市场一致预期下如何交易,pdf,623473,2026-04-11T17:06:07.338825+00:00
131,中投证券,中投证券/20121128-中投证券-2012量化专题系列之五：基本面因子的测算.pdf,/mnt/research/研报/中投证券/20121128-中投证券-2012量化专题系列之五：基本面因子的测算.pdf,reports/中投证券/20121128-中投证券-2012量化专题系列之五：基本面因子的测算.pdf,20121128-中投证券-2012量化专题系列之五：基本面因子的测算.pdf,20121128-中投证券-2012量化专题系列之五：基本面因子的测算,pdf,1977630,2026-04-11T17:06:06.129825+00:00
132,中投证券,中投证券/20121128-中投证券-量化系列之五：一致预期-基本面因子的测算.pdf,/mnt/research/研报/中投证券/20121128-中投证券-量化系列之五：一致预期-基本面因子的测算.pdf,reports/中投证券/20121128-中投证券-量化系列之五：一致预期-基本面因子的测算.pdf,20121128-中投证券-量化系列之五：一致预期-基本面因子的测算.pdf,20121128-中投证券-量化系列之五：一致预期-基本面因子的测算,pdf,1866541,2026-04-11T17:06:02.291825+00:00
133,中投证券,中投证券/20121128-中投证券-量化系列之六：一致预期-技术面因子的测算.pdf,/mnt/research/研报/中投证券/20121128-中投证券-量化系列之六：一致预期-技术面因子的测算.pdf,reports/中投证券/20121128-中投证券-量化系列之六：一致预期-技术面因子的测算.pdf,20121128-中投证券-量化系列之六：一致预期-技术面因子的测算.pdf,20121128-中投证券-量化系列之六：一致预期-技术面因子的测算,pdf,2227407,2026-04-11T17:05:58.897825+00:00
134,中泰证券,中泰证券/20160829-中泰证券-互联网零售行业2016年周报第33期：一致预期下的主动求变，继续配置业绩成长确定、估值合理的弹性标的.pdf,/mnt/research/研报/中泰证券/20160829-中泰证券-互联网零售行业2016年周报第33期：一致预期下的主动求变，继续配置业绩成长确定、估值合理的弹性标的.pdf,reports/中泰证券/20160829-中泰证券-互联网零售行业2016年周报第33期：一致预期下的主动求变，继续配置业绩成长确定、估值合理的弹性标的.pdf,20160829-中泰证券-互联网零售行业2016年周报第33期：一致预期下的主动求变，继续配置业绩成长确定、估值合理的弹性标的.pdf,20160829-中泰证券-互联网零售行业2016年周报第33期：一致预期下的主动求变，继续配置业绩成长确定、估值合理的弹性标的,pdf,845470,2026-04-11T17:05:54.580825+00:00
135,中金公司,中金公司/20161205-中金公司-远洋集团-3377.HK-FY16盈利有望超市场一致预期.pdf,/mnt/research/研报/中金公司/20161205-中金公司-远洋集团-3377.HK-FY16盈利有望超市场一致预期.pdf,reports/中金公司/20161205-中金公司-远洋集团-3377.HK-FY16盈利有望超市场一致预期.pdf,20161205-中金公司-远洋集团-3377.HK-FY16盈利有望超市场一致预期.pdf,20161205-中金公司-远洋集团-3377.HK-FY16盈利有望超市场一致预期,pdf,839530,2026-04-11T17:05:52.873825+00:00
136,中银国际,中银国际/20210607-中银国际-量化因子周报：小市值策略表现出色，动量因子分化程度显著变强.pdf,/mnt/research/研报/中银国际/20210607-中银国际-量化因子周报：小市值策略表现出色，动量因子分化程度显著变强.pdf,reports/中银国际/20210607-中银国际-量化因子周报：小市值策略表现出色，动量因子分化程度显著变强.pdf,20210607-中银国际-量化因子周报：小市值策略表现出色，动量因子分化程度显著变强.pdf,20210607-中银国际-量化因子周报：小市值策略表现出色，动量因子分化程度显著变强,pdf,2103348,2026-04-11T17:05:51.360826+00:00
137,中银国际,中银国际/20220830-中银国际-中银量化多因子选股系列（一）：基本面财报因子的构建框架初探.pdf,/mnt/research/研报/中银国际/20220830-中银国际-中银量化多因子选股系列（一）：基本面财报因子的构建框架初探.pdf,reports/中银国际/20220830-中银国际-中银量化多因子选股系列（一）：基本面财报因子的构建框架初探.pdf,20220830-中银国际-中银量化多因子选股系列（一）：基本面财报因子的构建框架初探.pdf,20220830-中银国际-中银量化多因子选股系列（一）：基本面财报因子的构建框架初探,pdf,2683500,2026-04-11T17:05:47.514826+00:00
138,中银国际,中银国际/20220902-中银国际-中银量化多因子选股系列（三）：锚定反转因子构建与增强.pdf,/mnt/research/研报/中银国际/20220902-中银国际-中银量化多因子选股系列（三）：锚定反转因子构建与增强.pdf,reports/中银国际/20220902-中银国际-中银量化多因子选股系列（三）：锚定反转因子构建与增强.pdf,20220902-中银国际-中银量化多因子选股系列（三）：锚定反转因子构建与增强.pdf,20220902-中银国际-中银量化多因子选股系列（三）：锚定反转因子构建与增强,pdf,1792226,2026-04-11T17:05:42.602826+00:00
139,中银国际,中银国际/20230913-中银国际-中银多因子选股系列（六）：基于经典技术指标构建选股多因子框架.pdf,/mnt/research/研报/中银国际/20230913-中银国际-中银多因子选股系列（六）：基于经典技术指标构建选股多因子框架.pdf,reports/中银国际/20230913-中银国际-中银多因子选股系列（六）：基于经典技术指标构建选股多因子框架.pdf,20230913-中银国际-中银多因子选股系列（六）：基于经典技术指标构建选股多因子框架.pdf,20230913-中银国际-中银多因子选股系列（六）：基于经典技术指标构建选股多因子框架,pdf,1924671,2026-04-11T17:05:39.182826+00:00
140,光大证券,光大证券/20120822-光大证券-多因子研究系列(一)：因子回溯测试的总体框架.pdf,/mnt/research/研报/光大证券/20120822-光大证券-多因子研究系列(一)：因子回溯测试的总体框架.pdf,reports/光大证券/20120822-光大证券-多因子研究系列(一)：因子回溯测试的总体框架.pdf,20120822-光大证券-多因子研究系列(一)：因子回溯测试的总体框架.pdf,20120822-光大证券-多因子研究系列(一)：因子回溯测试的总体框架,pdf,1618042,2026-04-11T17:05:35.663826+00:00
141,光大证券,光大证券/20120910-光大证券-数量化投资：体系与策略.pdf,/mnt/research/研报/光大证券/20120910-光大证券-数量化投资：体系与策略.pdf,reports/光大证券/20120910-光大证券-数量化投资：体系与策略.pdf,20120910-光大证券-数量化投资：体系与策略.pdf,20120910-光大证券-数量化投资：体系与策略,pdf,8215165,2026-04-11T17:05:32.547827+00:00
142,光大证券,光大证券/20120911-光大证券-多因子研究系列(三)：成长类因子测试.pdf,/mnt/research/研报/光大证券/20120911-光大证券-多因子研究系列(三)：成长类因子测试.pdf,reports/光大证券/20120911-光大证券-多因子研究系列(三)：成长类因子测试.pdf,20120911-光大证券-多因子研究系列(三)：成长类因子测试.pdf,20120911-光大证券-多因子研究系列(三)：成长类因子测试,pdf,2065090,2026-04-11T17:05:12.875828+00:00
143,光大证券,光大证券/20120911-光大证券-多因子研究系列(二)：价值类因子测试.pdf,/mnt/research/研报/光大证券/20120911-光大证券-多因子研究系列(二)：价值类因子测试.pdf,reports/光大证券/20120911-光大证券-多因子研究系列(二)：价值类因子测试.pdf,20120911-光大证券-多因子研究系列(二)：价值类因子测试.pdf,20120911-光大证券-多因子研究系列(二)：价值类因子测试,pdf,1439816,2026-04-11T17:05:08.241828+00:00
144,光大证券,光大证券/20170428-光大证券-多因子系列报告之二：因子测试全集.pdf,/mnt/research/研报/光大证券/20170428-光大证券-多因子系列报告之二：因子测试全集.pdf,reports/光大证券/20170428-光大证券-多因子系列报告之二：因子测试全集.pdf,20170428-光大证券-多因子系列报告之二：因子测试全集.pdf,20170428-光大证券-多因子系列报告之二：因子测试全集,pdf,3523469,2026-04-11T17:05:04.857829+00:00
145,光大证券,光大证券/20170501-光大证券-多因子系列报告之三：多因子组合光大Alpha_1.0.pdf,/mnt/research/研报/光大证券/20170501-光大证券-多因子系列报告之三：多因子组合光大Alpha_1.0.pdf,reports/光大证券/20170501-光大证券-多因子系列报告之三：多因子组合光大Alpha_1.0.pdf,20170501-光大证券-多因子系列报告之三：多因子组合光大Alpha_1.0.pdf,20170501-光大证券-多因子系列报告之三：多因子组合光大Alpha_1.0,pdf,2444973,2026-04-11T17:04:57.320829+00:00
146,光大证券,光大证券/20170727-光大证券-金工事件因子体系：事件因子选股，多维度、全覆盖.pdf,/mnt/research/研报/光大证券/20170727-光大证券-金工事件因子体系：事件因子选股，多维度、全覆盖.pdf,reports/光大证券/20170727-光大证券-金工事件因子体系：事件因子选股，多维度、全覆盖.pdf,20170727-光大证券-金工事件因子体系：事件因子选股，多维度、全覆盖.pdf,20170727-光大证券-金工事件因子体系：事件因子选股，多维度、全覆盖,pdf,2257600,2026-04-11T17:04:52.284829+00:00
147,光大证券,光大证券/20170731-光大证券-多因子系列报告之四：别开生面，公司治理因子详解.pdf,/mnt/research/研报/光大证券/20170731-光大证券-多因子系列报告之四：别开生面，公司治理因子详解.pdf,reports/光大证券/20170731-光大证券-多因子系列报告之四：别开生面，公司治理因子详解.pdf,20170731-光大证券-多因子系列报告之四：别开生面，公司治理因子详解.pdf,20170731-光大证券-多因子系列报告之四：别开生面，公司治理因子详解,pdf,2384056,2026-04-11T17:04:48.087830+00:00
148,光大证券,光大证券/20170901-光大证券-多因子系列报告之五：见微知著，成交量占比高频因子解析.pdf,/mnt/research/研报/光大证券/20170901-光大证券-多因子系列报告之五：见微知著，成交量占比高频因子解析.pdf,reports/光大证券/20170901-光大证券-多因子系列报告之五：见微知著，成交量占比高频因子解析.pdf,20170901-光大证券-多因子系列报告之五：见微知著，成交量占比高频因子解析.pdf,20170901-光大证券-多因子系列报告之五：见微知著，成交量占比高频因子解析,pdf,2888010,2026-04-11T17:04:43.731830+00:00
149,光大证券,光大证券/20171122-光大证券-多因子系列报告之七：基于K线最短路径构造的非流动性因子.pdf,/mnt/research/研报/光大证券/20171122-光大证券-多因子系列报告之七：基于K线最短路径构造的非流动性因子.pdf,reports/光大证券/20171122-光大证券-多因子系列报告之七：基于K线最短路径构造的非流动性因子.pdf,20171122-光大证券-多因子系列报告之七：基于K线最短路径构造的非流动性因子.pdf,20171122-光大证券-多因子系列报告之七：基于K线最短路径构造的非流动性因子,pdf,2329570,2026-04-11T17:04:38.465830+00:00
150,光大证券,光大证券/20171123-光大证券-多因子系列报告之八：高频因子，日内分时成交量蕴藏玄机.pdf,/mnt/research/研报/光大证券/20171123-光大证券-多因子系列报告之八：高频因子，日内分时成交量蕴藏玄机.pdf,reports/光大证券/20171123-光大证券-多因子系列报告之八：高频因子，日内分时成交量蕴藏玄机.pdf,20171123-光大证券-多因子系列报告之八：高频因子，日内分时成交量蕴藏玄机.pdf,20171123-光大证券-多因子系列报告之八：高频因子，日内分时成交量蕴藏玄机,pdf,2708174,2026-04-11T17:04:33.972831+00:00
151,光大证券,光大证券/20180103-光大证券-多因子系列报告之九：一致交易因子，挖掘集体行为背后的收益.pdf,/mnt/research/研报/光大证券/20180103-光大证券-多因子系列报告之九：一致交易因子，挖掘集体行为背后的收益.pdf,reports/光大证券/20180103-光大证券-多因子系列报告之九：一致交易因子，挖掘集体行为背后的收益.pdf,20180103-光大证券-多因子系列报告之九：一致交易因子，挖掘集体行为背后的收益.pdf,20180103-光大证券-多因子系列报告之九：一致交易因子，挖掘集体行为背后的收益,pdf,2357260,2026-04-11T17:04:28.638831+00:00
152,光大证券,光大证券/20180415-光大证券-多因子系列报告之十一：爬罗剔抉，一致预期因子分类与精选.pdf,/mnt/research/研报/光大证券/20180415-光大证券-多因子系列报告之十一：爬罗剔抉，一致预期因子分类与精选.pdf,reports/光大证券/20180415-光大证券-多因子系列报告之十一：爬罗剔抉，一致预期因子分类与精选.pdf,20180415-光大证券-多因子系列报告之十一：爬罗剔抉，一致预期因子分类与精选.pdf,20180415-光大证券-多因子系列报告之十一：爬罗剔抉，一致预期因子分类与精选,pdf,3017152,2026-04-11T17:04:22.558831+00:00
153,光大证券,光大证券/20180806-光大证券-多因子系列报告之十四：创新基本面因子，财务数据间线性关系初窥.pdf,/mnt/research/研报/光大证券/20180806-光大证券-多因子系列报告之十四：创新基本面因子，财务数据间线性关系初窥.pdf,reports/光大证券/20180806-光大证券-多因子系列报告之十四：创新基本面因子，财务数据间线性关系初窥.pdf,20180806-光大证券-多因子系列报告之十四：创新基本面因子，财务数据间线性关系初窥.pdf,20180806-光大证券-多因子系列报告之十四：创新基本面因子，财务数据间线性关系初窥,pdf,2770700,2026-04-11T17:04:14.642832+00:00
154,光大证券,光大证券/20180909-光大证券-多因子系列报告之十五：创新基本面因子，提纯净利数据中的选股信息.pdf,/mnt/research/研报/光大证券/20180909-光大证券-多因子系列报告之十五：创新基本面因子，提纯净利数据中的选股信息.pdf,reports/光大证券/20180909-光大证券-多因子系列报告之十五：创新基本面因子，提纯净利数据中的选股信息.pdf,20180909-光大证券-多因子系列报告之十五：创新基本面因子，提纯净利数据中的选股信息.pdf,20180909-光大证券-多因子系列报告之十五：创新基本面因子，提纯净利数据中的选股信息,pdf,2673957,2026-04-11T17:04:08.939832+00:00
155,光大证券,光大证券/20181101-光大证券-多因子系列报告之十六：创新基本面因子，捕捉产能利用率中的讯号.pdf,/mnt/research/研报/光大证券/20181101-光大证券-多因子系列报告之十六：创新基本面因子，捕捉产能利用率中的讯号.pdf,reports/光大证券/20181101-光大证券-多因子系列报告之十六：创新基本面因子，捕捉产能利用率中的讯号.pdf,20181101-光大证券-多因子系列报告之十六：创新基本面因子，捕捉产能利用率中的讯号.pdf,20181101-光大证券-多因子系列报告之十六：创新基本面因子，捕捉产能利用率中的讯号,pdf,2342008,2026-04-11T17:04:03.010833+00:00
156,光大证券,光大证券/20181103-光大证券-多因子系列报告之十七：以质取胜，EBQC综合质量因子详解.pdf,/mnt/research/研报/光大证券/20181103-光大证券-多因子系列报告之十七：以质取胜，EBQC综合质量因子详解.pdf,reports/光大证券/20181103-光大证券-多因子系列报告之十七：以质取胜，EBQC综合质量因子详解.pdf,20181103-光大证券-多因子系列报告之十七：以质取胜，EBQC综合质量因子详解.pdf,20181103-光大证券-多因子系列报告之十七：以质取胜，EBQC综合质量因子详解,pdf,2923543,2026-04-11T17:03:58.320833+00:00
157,光大证券,光大证券/20190505-光大证券-多因子系列报告之二十一：业绩趋势因子，捕捉业绩加速增长的超额收益.pdf,/mnt/research/研报/光大证券/20190505-光大证券-多因子系列报告之二十一：业绩趋势因子，捕捉业绩加速增长的超额收益.pdf,reports/光大证券/20190505-光大证券-多因子系列报告之二十一：业绩趋势因子，捕捉业绩加速增长的超额收益.pdf,20190505-光大证券-多因子系列报告之二十一：业绩趋势因子，捕捉业绩加速增长的超额收益.pdf,20190505-光大证券-多因子系列报告之二十一：业绩趋势因子，捕捉业绩加速增长的超额收益,pdf,2052701,2026-04-11T17:03:52.197833+00:00
158,光大证券,光大证券/20190804-光大证券-多因子系列报告之二十四：短周期因子的挖掘与组合构建.pdf,/mnt/research/研报/光大证券/20190804-光大证券-多因子系列报告之二十四：短周期因子的挖掘与组合构建.pdf,reports/光大证券/20190804-光大证券-多因子系列报告之二十四：短周期因子的挖掘与组合构建.pdf,20190804-光大证券-多因子系列报告之二十四：短周期因子的挖掘与组合构建.pdf,20190804-光大证券-多因子系列报告之二十四：短周期因子的挖掘与组合构建,pdf,1853571,2026-04-11T17:03:48.148834+00:00
159,光大证券,光大证券/20190908-光大证券-多因子系列报告之二十五：结合短周期因子的指数增强实证.pdf,/mnt/research/研报/光大证券/20190908-光大证券-多因子系列报告之二十五：结合短周期因子的指数增强实证.pdf,reports/光大证券/20190908-光大证券-多因子系列报告之二十五：结合短周期因子的指数增强实证.pdf,20190908-光大证券-多因子系列报告之二十五：结合短周期因子的指数增强实证.pdf,20190908-光大证券-多因子系列报告之二十五：结合短周期因子的指数增强实证,pdf,2545394,2026-04-11T17:03:44.258834+00:00
160,光大证券,光大证券/20191018-光大证券-多因子系列报告之二十六：创新基本面因子，财务数据全扫描.pdf,/mnt/research/研报/光大证券/20191018-光大证券-多因子系列报告之二十六：创新基本面因子，财务数据全扫描.pdf,reports/光大证券/20191018-光大证券-多因子系列报告之二十六：创新基本面因子，财务数据全扫描.pdf,20191018-光大证券-多因子系列报告之二十六：创新基本面因子，财务数据全扫描.pdf,20191018-光大证券-多因子系列报告之二十六：创新基本面因子，财务数据全扫描,pdf,2025033,2026-04-11T17:03:38.728834+00:00
161,光大证券,光大证券/20230209-光大证券-因子梳理与回测之一：北向资金的Alpha.pdf,/mnt/research/研报/光大证券/20230209-光大证券-因子梳理与回测之一：北向资金的Alpha.pdf,reports/光大证券/20230209-光大证券-因子梳理与回测之一：北向资金的Alpha.pdf,20230209-光大证券-因子梳理与回测之一：北向资金的Alpha.pdf,20230209-光大证券-因子梳理与回测之一：北向资金的Alpha,pdf,1647214,2026-04-11T17:03:33.907835+00:00
162,光大证券,光大证券/20230316-光大证券-因子梳理与回测之二：资金流向数据中的Alpha.pdf,/mnt/research/研报/光大证券/20230316-光大证券-因子梳理与回测之二：资金流向数据中的Alpha.pdf,reports/光大证券/20230316-光大证券-因子梳理与回测之二：资金流向数据中的Alpha.pdf,20230316-光大证券-因子梳理与回测之二：资金流向数据中的Alpha.pdf,20230316-光大证券-因子梳理与回测之二：资金流向数据中的Alpha,pdf,1336620,2026-04-11T17:03:28.985835+00:00
163,光大证券,光大证券/20230805-光大证券-量化选股系列报告之十一：提炼大宗交易背后蕴含的超额信息.pdf,/mnt/research/研报/光大证券/20230805-光大证券-量化选股系列报告之十一：提炼大宗交易背后蕴含的超额信息.pdf,reports/光大证券/20230805-光大证券-量化选股系列报告之十一：提炼大宗交易背后蕴含的超额信息.pdf,20230805-光大证券-量化选股系列报告之十一：提炼大宗交易背后蕴含的超额信息.pdf,20230805-光大证券-量化选股系列报告之十一：提炼大宗交易背后蕴含的超额信息,pdf,2881349,2026-04-11T17:03:24.503835+00:00
164,光大证券,光大证券/20240225-光大证券-量化组合跟踪周报：残差波动率因子亮眼，量化组合超额显著.pdf,/mnt/research/研报/光大证券/20240225-光大证券-量化组合跟踪周报：残差波动率因子亮眼，量化组合超额显著.pdf,reports/光大证券/20240225-光大证券-量化组合跟踪周报：残差波动率因子亮眼，量化组合超额显著.pdf,20240225-光大证券-量化组合跟踪周报：残差波动率因子亮眼，量化组合超额显著.pdf,20240225-光大证券-量化组合跟踪周报：残差波动率因子亮眼，量化组合超额显著,pdf,1204098,2026-04-11T17:03:18.687835+00:00
165,兴业证券,兴业证券/20131126-兴业证券-猎金·Alpha因子探索系列之一.pdf,/mnt/research/研报/兴业证券/20131126-兴业证券-猎金·Alpha因子探索系列之一.pdf,reports/兴业证券/20131126-兴业证券-猎金·Alpha因子探索系列之一.pdf,20131126-兴业证券-猎金·Alpha因子探索系列之一.pdf,20131126-兴业证券-猎金·Alpha因子探索系列之一,pdf,698457,2026-04-11T17:03:16.434836+00:00
166,兴业证券,兴业证券/20131203-兴业证券-猎金·Alpha因子探索系列之二.pdf,/mnt/research/研报/兴业证券/20131203-兴业证券-猎金·Alpha因子探索系列之二.pdf,reports/兴业证券/20131203-兴业证券-猎金·Alpha因子探索系列之二.pdf,20131203-兴业证券-猎金·Alpha因子探索系列之二.pdf,20131203-兴业证券-猎金·Alpha因子探索系列之二,pdf,493230,2026-04-11T17:03:15.116836+00:00
167,兴业证券,兴业证券/20140305-兴业证券-通透.事件驱动策略再回首系列之一：分析师一致预期上调.pdf,/mnt/research/研报/兴业证券/20140305-兴业证券-通透.事件驱动策略再回首系列之一：分析师一致预期上调.pdf,reports/兴业证券/20140305-兴业证券-通透.事件驱动策略再回首系列之一：分析师一致预期上调.pdf,20140305-兴业证券-通透.事件驱动策略再回首系列之一：分析师一致预期上调.pdf,20140305-兴业证券-通透.事件驱动策略再回首系列之一：分析师一致预期上调,pdf,679719,2026-04-11T17:03:14.044836+00:00
168,兴业证券,兴业证券/20160509-兴业证券-《猎金系列之十一》：兴业盈利预测调整因子.pdf,/mnt/research/研报/兴业证券/20160509-兴业证券-《猎金系列之十一》：兴业盈利预测调整因子.pdf,reports/兴业证券/20160509-兴业证券-《猎金系列之十一》：兴业盈利预测调整因子.pdf,20160509-兴业证券-《猎金系列之十一》：兴业盈利预测调整因子.pdf,20160509-兴业证券-《猎金系列之十一》：兴业盈利预测调整因子,pdf,1451513,2026-04-11T17:03:12.476836+00:00
169,兴业证券,兴业证券/20170312-兴业证券-猎金系列之十三：分析师预测目标价有参考价值吗-170312.pdf,/mnt/research/研报/兴业证券/20170312-兴业证券-猎金系列之十三：分析师预测目标价有参考价值吗-170312.pdf,reports/兴业证券/20170312-兴业证券-猎金系列之十三：分析师预测目标价有参考价值吗-170312.pdf,20170312-兴业证券-猎金系列之十三：分析师预测目标价有参考价值吗-170312.pdf,20170312-兴业证券-猎金系列之十三：分析师预测目标价有参考价值吗-170312,pdf,1493995,2026-04-11T17:03:09.772836+00:00
170,兴业证券,兴业证券/20170409-兴业证券-价值持续强势，目标收益因子荣登榜首.pdf,/mnt/research/研报/兴业证券/20170409-兴业证券-价值持续强势，目标收益因子荣登榜首.pdf,reports/兴业证券/20170409-兴业证券-价值持续强势，目标收益因子荣登榜首.pdf,20170409-兴业证券-价值持续强势，目标收益因子荣登榜首.pdf,20170409-兴业证券-价值持续强势，目标收益因子荣登榜首,pdf,797255,2026-04-11T17:03:06.777836+00:00
171,兴业证券,兴业证券/20170409-兴业证券-定量研究：价值持续强势，目标收益因子荣登榜首.pdf,/mnt/research/研报/兴业证券/20170409-兴业证券-定量研究：价值持续强势，目标收益因子荣登榜首.pdf,reports/兴业证券/20170409-兴业证券-定量研究：价值持续强势，目标收益因子荣登榜首.pdf,20170409-兴业证券-定量研究：价值持续强势，目标收益因子荣登榜首.pdf,20170409-兴业证券-定量研究：价值持续强势，目标收益因子荣登榜首,pdf,904872,2026-04-11T17:03:03.909837+00:00
172,兴业证券,兴业证券/20170508-兴业证券-雪球知股乎系列之一：和关注度因子有个约定.pdf,/mnt/research/研报/兴业证券/20170508-兴业证券-雪球知股乎系列之一：和关注度因子有个约定.pdf,reports/兴业证券/20170508-兴业证券-雪球知股乎系列之一：和关注度因子有个约定.pdf,20170508-兴业证券-雪球知股乎系列之一：和关注度因子有个约定.pdf,20170508-兴业证券-雪球知股乎系列之一：和关注度因子有个约定,pdf,2003682,2026-04-11T17:03:01.912837+00:00
173,兴业证券,兴业证券/20170602-兴业证券-事件因子系列报告之一：事件因子化投资框架.pdf,/mnt/research/研报/兴业证券/20170602-兴业证券-事件因子系列报告之一：事件因子化投资框架.pdf,reports/兴业证券/20170602-兴业证券-事件因子系列报告之一：事件因子化投资框架.pdf,20170602-兴业证券-事件因子系列报告之一：事件因子化投资框架.pdf,20170602-兴业证券-事件因子系列报告之一：事件因子化投资框架,pdf,1176348,2026-04-11T17:02:56.894837+00:00
174,兴业证券,兴业证券/20171014-兴业证券-雪球知股乎系列三：情绪因子选股正当时.pdf,/mnt/research/研报/兴业证券/20171014-兴业证券-雪球知股乎系列三：情绪因子选股正当时.pdf,reports/兴业证券/20171014-兴业证券-雪球知股乎系列三：情绪因子选股正当时.pdf,20171014-兴业证券-雪球知股乎系列三：情绪因子选股正当时.pdf,20171014-兴业证券-雪球知股乎系列三：情绪因子选股正当时,pdf,2017250,2026-04-11T17:02:52.364837+00:00
175,兴业证券,兴业证券/20180223-兴业证券-事件因子系列报告之二：事件因子与多因子体系的结合.pdf,/mnt/research/研报/兴业证券/20180223-兴业证券-事件因子系列报告之二：事件因子与多因子体系的结合.pdf,reports/兴业证券/20180223-兴业证券-事件因子系列报告之二：事件因子与多因子体系的结合.pdf,20180223-兴业证券-事件因子系列报告之二：事件因子与多因子体系的结合.pdf,20180223-兴业证券-事件因子系列报告之二：事件因子与多因子体系的结合,pdf,1859374,2026-04-11T17:02:47.305838+00:00
176,兴业证券,兴业证券/20180713-兴业证券-宽客眼中的港股那些事儿系列三~另类因子__成长因子初探.pdf,/mnt/research/研报/兴业证券/20180713-兴业证券-宽客眼中的港股那些事儿系列三~另类因子__成长因子初探.pdf,reports/兴业证券/20180713-兴业证券-宽客眼中的港股那些事儿系列三~另类因子__成长因子初探.pdf,20180713-兴业证券-宽客眼中的港股那些事儿系列三~另类因子__成长因子初探.pdf,20180713-兴业证券-宽客眼中的港股那些事儿系列三~另类因子__成长因子初探,pdf,1709111,2026-04-11T17:02:42.947838+00:00
177,兴业证券,兴业证券/20180904-兴业证券-猎金系列之三十：基于股价大幅波动的另类选股因子研究.pdf,/mnt/research/研报/兴业证券/20180904-兴业证券-猎金系列之三十：基于股价大幅波动的另类选股因子研究.pdf,reports/兴业证券/20180904-兴业证券-猎金系列之三十：基于股价大幅波动的另类选股因子研究.pdf,20180904-兴业证券-猎金系列之三十：基于股价大幅波动的另类选股因子研究.pdf,20180904-兴业证券-猎金系列之三十：基于股价大幅波动的另类选股因子研究,pdf,2528465,2026-04-11T17:02:38.184838+00:00
178,兴业证券,兴业证券/20181020-兴业证券-海外文献推荐系列之十九：西学东渐.pdf,/mnt/research/研报/兴业证券/20181020-兴业证券-海外文献推荐系列之十九：西学东渐.pdf,reports/兴业证券/20181020-兴业证券-海外文献推荐系列之十九：西学东渐.pdf,20181020-兴业证券-海外文献推荐系列之十九：西学东渐.pdf,20181020-兴业证券-海外文献推荐系列之十九：西学东渐,pdf,803698,2026-04-11T17:02:32.602839+00:00
179,兴业证券,兴业证券/20181110-兴业证券-金融工程专题海外文献推荐系列之二十：西学东渐.pdf,/mnt/research/研报/兴业证券/20181110-兴业证券-金融工程专题海外文献推荐系列之二十：西学东渐.pdf,reports/兴业证券/20181110-兴业证券-金融工程专题海外文献推荐系列之二十：西学东渐.pdf,20181110-兴业证券-金融工程专题海外文献推荐系列之二十：西学东渐.pdf,20181110-兴业证券-金融工程专题海外文献推荐系列之二十：西学东渐,pdf,798612,2026-04-11T17:02:30.969839+00:00
180,兴业证券,兴业证券/20190123-兴业证券-另类因子研究系列之二：一种价量因子新的构建方式.pdf,/mnt/research/研报/兴业证券/20190123-兴业证券-另类因子研究系列之二：一种价量因子新的构建方式.pdf,reports/兴业证券/20190123-兴业证券-另类因子研究系列之二：一种价量因子新的构建方式.pdf,20190123-兴业证券-另类因子研究系列之二：一种价量因子新的构建方式.pdf,20190123-兴业证券-另类因子研究系列之二：一种价量因子新的构建方式,pdf,1539458,2026-04-11T17:02:29.783839+00:00
181,兴业证券,兴业证券/20191203-兴业证券-基于熵测度的股票收益非对称性因子研究.pdf,/mnt/research/研报/兴业证券/20191203-兴业证券-基于熵测度的股票收益非对称性因子研究.pdf,reports/兴业证券/20191203-兴业证券-基于熵测度的股票收益非对称性因子研究.pdf,20191203-兴业证券-基于熵测度的股票收益非对称性因子研究.pdf,20191203-兴业证券-基于熵测度的股票收益非对称性因子研究,pdf,2941270,2026-04-11T17:02:26.600839+00:00
182,兴业证券,兴业证券/20191226-兴业证券-海外文献推荐系列之五十六：西学东渐.pdf,/mnt/research/研报/兴业证券/20191226-兴业证券-海外文献推荐系列之五十六：西学东渐.pdf,reports/兴业证券/20191226-兴业证券-海外文献推荐系列之五十六：西学东渐.pdf,20191226-兴业证券-海外文献推荐系列之五十六：西学东渐.pdf,20191226-兴业证券-海外文献推荐系列之五十六：西学东渐,pdf,2541720,2026-04-11T17:02:19.637839+00:00
183,兴业证券,兴业证券/20211012-兴业证券-花开股市，相似几何之四：基于基本面因子相似性的A股择时研究.pdf,/mnt/research/研报/兴业证券/20211012-兴业证券-花开股市，相似几何之四：基于基本面因子相似性的A股择时研究.pdf,reports/兴业证券/20211012-兴业证券-花开股市，相似几何之四：基于基本面因子相似性的A股择时研究.pdf,20211012-兴业证券-花开股市，相似几何之四：基于基本面因子相似性的A股择时研究.pdf,20211012-兴业证券-花开股市，相似几何之四：基于基本面因子相似性的A股择时研究,pdf,1189599,2026-04-11T17:02:13.992840+00:00
184,兴业证券,兴业证券/20220622-兴业证券-花开股市，相似几何五：弱关联关系下的特异性Alpha因子挖掘.pdf,/mnt/research/研报/兴业证券/20220622-兴业证券-花开股市，相似几何五：弱关联关系下的特异性Alpha因子挖掘.pdf,reports/兴业证券/20220622-兴业证券-花开股市，相似几何五：弱关联关系下的特异性Alpha因子挖掘.pdf,20220622-兴业证券-花开股市，相似几何五：弱关联关系下的特异性Alpha因子挖掘.pdf,20220622-兴业证券-花开股市，相似几何五：弱关联关系下的特异性Alpha因子挖掘,pdf,1305785,2026-04-11T17:02:10.645840+00:00
185,兴业证券,兴业证券/20240307-兴业证券-海外文献推荐系列之一百六十四：西学东渐.pdf,/mnt/research/研报/兴业证券/20240307-兴业证券-海外文献推荐系列之一百六十四：西学东渐.pdf,reports/兴业证券/20240307-兴业证券-海外文献推荐系列之一百六十四：西学东渐.pdf,20240307-兴业证券-海外文献推荐系列之一百六十四：西学东渐.pdf,20240307-兴业证券-海外文献推荐系列之一百六十四：西学东渐,pdf,1661242,2026-04-11T17:02:07.854840+00:00
186,华创证券,华创证券/20170119-华创证券-债券信用日报：一致预期下的不同选择.pdf,/mnt/research/研报/华创证券/20170119-华创证券-债券信用日报：一致预期下的不同选择.pdf,reports/华创证券/20170119-华创证券-债券信用日报：一致预期下的不同选择.pdf,20170119-华创证券-债券信用日报：一致预期下的不同选择.pdf,20170119-华创证券-债券信用日报：一致预期下的不同选择,pdf,690975,2026-04-11T17:02:00.729841+00:00
187,华创证券,华创证券/2022-08-05_华创证券_专题报告：特征分布建模择时系列之二-物极必反，巧妙做空，特征成交量，模型终完备.pdf,/mnt/research/研报/华创证券/2022-08-05_华创证券_专题报告：特征分布建模择时系列之二-物极必反，巧妙做空，特征成交量，模型终完备.pdf,reports/华创证券/2022-08-05_华创证券_专题报告：特征分布建模择时系列之二-物极必反，巧妙做空，特征成交量，模型终完备.pdf,2022-08-05_华创证券_专题报告：特征分布建模择时系列之二-物极必反，巧妙做空，特征成交量，模型终完备.pdf,2022-08-05_华创证券_专题报告：特征分布建模择时系列之二-物极必反，巧妙做空，特征成交量，模型终完备,pdf,1552181,2026-04-11T17:01:58.963841+00:00
188,华创证券,华创证券/20230731-华创证券-K线形态研究之六：乌云压顶线.pdf,/mnt/research/研报/华创证券/20230731-华创证券-K线形态研究之六：乌云压顶线.pdf,reports/华创证券/20230731-华创证券-K线形态研究之六：乌云压顶线.pdf,20230731-华创证券-K线形态研究之六：乌云压顶线.pdf,20230731-华创证券-K线形态研究之六：乌云压顶线,pdf,1246959,2026-04-11T17:01:54.454841+00:00
189,华创证券,华创证券/20230807-华创证券-【专题报告】形态学研究之八：如何利用形态信号进行行业择时.pdf,/mnt/research/研报/华创证券/20230807-华创证券-【专题报告】形态学研究之八：如何利用形态信号进行行业择时.pdf,reports/华创证券/20230807-华创证券-【专题报告】形态学研究之八：如何利用形态信号进行行业择时.pdf,20230807-华创证券-【专题报告】形态学研究之八：如何利用形态信号进行行业择时.pdf,20230807-华创证券-【专题报告】形态学研究之八：如何利用形态信号进行行业择时,pdf,2253907,2026-04-11T17:01:50.050841+00:00
190,华安证券,华安证券/20200922-华安证券-量化基本面系列报告之二：成长因子再升级，盈利加速度.pdf,/mnt/research/研报/华安证券/20200922-华安证券-量化基本面系列报告之二：成长因子再升级，盈利加速度.pdf,reports/华安证券/20200922-华安证券-量化基本面系列报告之二：成长因子再升级，盈利加速度.pdf,20200922-华安证券-量化基本面系列报告之二：成长因子再升级，盈利加速度.pdf,20200922-华安证券-量化基本面系列报告之二：成长因子再升级，盈利加速度,pdf,2676508,2026-04-11T17:01:38.173842+00:00
191,华安证券,华安证券/20210809-华安证券-“学海拾珠”系列之五十五：因子动量与行业动量，孰因孰果？.pdf,/mnt/research/研报/华安证券/20210809-华安证券-“学海拾珠”系列之五十五：因子动量与行业动量，孰因孰果？.pdf,reports/华安证券/20210809-华安证券-“学海拾珠”系列之五十五：因子动量与行业动量，孰因孰果？.pdf,20210809-华安证券-“学海拾珠”系列之五十五：因子动量与行业动量，孰因孰果？.pdf,20210809-华安证券-“学海拾珠”系列之五十五：因子动量与行业动量，孰因孰果？,pdf,2243901,2026-04-11T17:01:31.430843+00:00
192,华安证券,华安证券/20220117-华安证券-“学海拾珠”系列之七十六：主成分分析法下的股票横截面定价因子模型.pdf,/mnt/research/研报/华安证券/20220117-华安证券-“学海拾珠”系列之七十六：主成分分析法下的股票横截面定价因子模型.pdf,reports/华安证券/20220117-华安证券-“学海拾珠”系列之七十六：主成分分析法下的股票横截面定价因子模型.pdf,20220117-华安证券-“学海拾珠”系列之七十六：主成分分析法下的股票横截面定价因子模型.pdf,20220117-华安证券-“学海拾珠”系列之七十六：主成分分析法下的股票横截面定价因子模型,pdf,1393804,2026-04-11T17:01:25.308843+00:00
193,华安证券,华安证券/20220713-华安证券-“学海拾珠”系列之一百：因子动量与动量因子.pdf,/mnt/research/研报/华安证券/20220713-华安证券-“学海拾珠”系列之一百：因子动量与动量因子.pdf,reports/华安证券/20220713-华安证券-“学海拾珠”系列之一百：因子动量与动量因子.pdf,20220713-华安证券-“学海拾珠”系列之一百：因子动量与动量因子.pdf,20220713-华安证券-“学海拾珠”系列之一百：因子动量与动量因子,pdf,1842663,2026-04-11T17:01:22.362843+00:00
194,华安证券,华安证券/20221122-华安证券-量化基本面系列报告之六：个股alpha与行业beta的双剑合璧.pdf,/mnt/research/研报/华安证券/20221122-华安证券-量化基本面系列报告之六：个股alpha与行业beta的双剑合璧.pdf,reports/华安证券/20221122-华安证券-量化基本面系列报告之六：个股alpha与行业beta的双剑合璧.pdf,20221122-华安证券-量化基本面系列报告之六：个股alpha与行业beta的双剑合璧.pdf,20221122-华安证券-量化基本面系列报告之六：个股alpha与行业beta的双剑合璧,pdf,2204367,2026-04-11T17:01:17.235843+00:00
195,华安证券,华安证券/20230310-华安证券-量化基本面系列报告之九：可比公司法的量化实践，重塑价值因子.pdf,/mnt/research/研报/华安证券/20230310-华安证券-量化基本面系列报告之九：可比公司法的量化实践，重塑价值因子.pdf,reports/华安证券/20230310-华安证券-量化基本面系列报告之九：可比公司法的量化实践，重塑价值因子.pdf,20230310-华安证券-量化基本面系列报告之九：可比公司法的量化实践，重塑价值因子.pdf,20230310-华安证券-量化基本面系列报告之九：可比公司法的量化实践，重塑价值因子,pdf,1620149,2026-04-11T17:01:12.344844+00:00
196,华安证券,华安证券/20230531-华安证券-“学海拾珠”系列之一百四十三：模糊因子与资产配置.pdf,/mnt/research/研报/华安证券/20230531-华安证券-“学海拾珠”系列之一百四十三：模糊因子与资产配置.pdf,reports/华安证券/20230531-华安证券-“学海拾珠”系列之一百四十三：模糊因子与资产配置.pdf,20230531-华安证券-“学海拾珠”系列之一百四十三：模糊因子与资产配置.pdf,20230531-华安证券-“学海拾珠”系列之一百四十三：模糊因子与资产配置,pdf,761084,2026-04-11T17:01:06.465844+00:00
197,华安证券,华安证券/20230613-华安证券-“学海拾珠”系列之一百四十五：股票因子个性化，基于股票嵌入的因子优化.pdf,/mnt/research/研报/华安证券/20230613-华安证券-“学海拾珠”系列之一百四十五：股票因子个性化，基于股票嵌入的因子优化.pdf,reports/华安证券/20230613-华安证券-“学海拾珠”系列之一百四十五：股票因子个性化，基于股票嵌入的因子优化.pdf,20230613-华安证券-“学海拾珠”系列之一百四十五：股票因子个性化，基于股票嵌入的因子优化.pdf,20230613-华安证券-“学海拾珠”系列之一百四十五：股票因子个性化，基于股票嵌入的因子优化,pdf,1238826,2026-04-11T17:01:05.075844+00:00
198,华安证券,华安证券/20230726-华安证券-“学海拾珠”系列之一百五十一：A股的流动性、波动性及其溢出效应.pdf,/mnt/research/研报/华安证券/20230726-华安证券-“学海拾珠”系列之一百五十一：A股的流动性、波动性及其溢出效应.pdf,reports/华安证券/20230726-华安证券-“学海拾珠”系列之一百五十一：A股的流动性、波动性及其溢出效应.pdf,20230726-华安证券-“学海拾珠”系列之一百五十一：A股的流动性、波动性及其溢出效应.pdf,20230726-华安证券-“学海拾珠”系列之一百五十一：A股的流动性、波动性及其溢出效应,pdf,1374110,2026-04-11T17:01:02.332844+00:00
199,华安证券,华安证券/20230910-华安证券-量化研究系列报告之十二：收益和波动共舞，非对称性理论蕴含的alpha.pdf,/mnt/research/研报/华安证券/20230910-华安证券-量化研究系列报告之十二：收益和波动共舞，非对称性理论蕴含的alpha.pdf,reports/华安证券/20230910-华安证券-量化研究系列报告之十二：收益和波动共舞，非对称性理论蕴含的alpha.pdf,20230910-华安证券-量化研究系列报告之十二：收益和波动共舞，非对称性理论蕴含的alpha.pdf,20230910-华安证券-量化研究系列报告之十二：收益和波动共舞，非对称性理论蕴含的alpha,pdf,1350035,2026-04-11T17:00:59.523845+00:00
200,华安证券,华安证券/20230927-华安证券-“学海拾珠”系列之一百六十：交易量对波动率的非对称效应.pdf,/mnt/research/研报/华安证券/20230927-华安证券-“学海拾珠”系列之一百六十：交易量对波动率的非对称效应.pdf,reports/华安证券/20230927-华安证券-“学海拾珠”系列之一百六十：交易量对波动率的非对称效应.pdf,20230927-华安证券-“学海拾珠”系列之一百六十：交易量对波动率的非对称效应.pdf,20230927-华安证券-“学海拾珠”系列之一百六十：交易量对波动率的非对称效应,pdf,2199569,2026-04-11T17:00:55.923845+00:00
201,华安证券,华安证券/20240208-华安证券-“学海拾珠”系列之一百七十八：高成交量回报溢价与经济基本面.pdf,/mnt/research/研报/华安证券/20240208-华安证券-“学海拾珠”系列之一百七十八：高成交量回报溢价与经济基本面.pdf,reports/华安证券/20240208-华安证券-“学海拾珠”系列之一百七十八：高成交量回报溢价与经济基本面.pdf,20240208-华安证券-“学海拾珠”系列之一百七十八：高成交量回报溢价与经济基本面.pdf,20240208-华安证券-“学海拾珠”系列之一百七十八：高成交量回报溢价与经济基本面,pdf,2489248,2026-04-11T17:00:51.667845+00:00
202,华安证券,华安证券/20240316-华安证券-量化研究系列报告之十五：加速换手因子，“适逢其时”的换手奥秘.pdf,/mnt/research/研报/华安证券/20240316-华安证券-量化研究系列报告之十五：加速换手因子，“适逢其时”的换手奥秘.pdf,reports/华安证券/20240316-华安证券-量化研究系列报告之十五：加速换手因子，“适逢其时”的换手奥秘.pdf,20240316-华安证券-量化研究系列报告之十五：加速换手因子，“适逢其时”的换手奥秘.pdf,20240316-华安证券-量化研究系列报告之十五：加速换手因子，“适逢其时”的换手奥秘,pdf,1692087,2026-04-11T17:00:44.779846+00:00
203,华泰证券,华泰证券/20130319-华泰证券-从年度一致预期净利润上调角度寻找投资机会.pdf,/mnt/research/研报/华泰证券/20130319-华泰证券-从年度一致预期净利润上调角度寻找投资机会.pdf,reports/华泰证券/20130319-华泰证券-从年度一致预期净利润上调角度寻找投资机会.pdf,20130319-华泰证券-从年度一致预期净利润上调角度寻找投资机会.pdf,20130319-华泰证券-从年度一致预期净利润上调角度寻找投资机会,pdf,800559,2026-04-11T17:00:40.568846+00:00
204,华泰证券,华泰证券/20160921-华泰证券-多因子系列之一：华泰多因子模型体系初探.pdf,/mnt/research/研报/华泰证券/20160921-华泰证券-多因子系列之一：华泰多因子模型体系初探.pdf,reports/华泰证券/20160921-华泰证券-多因子系列之一：华泰多因子模型体系初探.pdf,20160921-华泰证券-多因子系列之一：华泰多因子模型体系初探.pdf,20160921-华泰证券-多因子系列之一：华泰多因子模型体系初探,pdf,845353,2026-04-11T17:00:37.652846+00:00
205,华泰证券,华泰证券/20160929-华泰证券-多因子系列之二：华泰单因子测试之估值类因子.pdf,/mnt/research/研报/华泰证券/20160929-华泰证券-多因子系列之二：华泰单因子测试之估值类因子.pdf,reports/华泰证券/20160929-华泰证券-多因子系列之二：华泰单因子测试之估值类因子.pdf,20160929-华泰证券-多因子系列之二：华泰单因子测试之估值类因子.pdf,20160929-华泰证券-多因子系列之二：华泰单因子测试之估值类因子,pdf,2785682,2026-04-11T17:00:36.036846+00:00
206,华泰证券,华泰证券/20161220-华泰证券-多因子系列之四：单因子测试之动量类因子.pdf,/mnt/research/研报/华泰证券/20161220-华泰证券-多因子系列之四：单因子测试之动量类因子.pdf,reports/华泰证券/20161220-华泰证券-多因子系列之四：单因子测试之动量类因子.pdf,20161220-华泰证券-多因子系列之四：单因子测试之动量类因子.pdf,20161220-华泰证券-多因子系列之四：单因子测试之动量类因子,pdf,2701041,2026-04-11T17:00:29.974847+00:00
207,华泰证券,华泰证券/20170109-华泰证券-多因子系列之五：华泰单因子测试之换手率类因子.pdf,/mnt/research/研报/华泰证券/20170109-华泰证券-多因子系列之五：华泰单因子测试之换手率类因子.pdf,reports/华泰证券/20170109-华泰证券-多因子系列之五：华泰单因子测试之换手率类因子.pdf,20170109-华泰证券-多因子系列之五：华泰单因子测试之换手率类因子.pdf,20170109-华泰证券-多因子系列之五：华泰单因子测试之换手率类因子,pdf,2573025,2026-04-11T17:00:24.664847+00:00
208,华泰证券,华泰证券/20170313-华泰证券-五因子模型A股实证研究：Fama~French五因子模型实证.pdf,/mnt/research/研报/华泰证券/20170313-华泰证券-五因子模型A股实证研究：Fama~French五因子模型实证.pdf,reports/华泰证券/20170313-华泰证券-五因子模型A股实证研究：Fama~French五因子模型实证.pdf,20170313-华泰证券-五因子模型A股实证研究：Fama~French五因子模型实证.pdf,20170313-华泰证券-五因子模型A股实证研究：Fama~French五因子模型实证,pdf,950076,2026-04-11T17:00:19.369847+00:00
209,华泰证券,华泰证券/20170327-华泰证券-华泰多因子系列之六：华泰单因子测试之波动率类因子.pdf,/mnt/research/研报/华泰证券/20170327-华泰证券-华泰多因子系列之六：华泰单因子测试之波动率类因子.pdf,reports/华泰证券/20170327-华泰证券-华泰多因子系列之六：华泰单因子测试之波动率类因子.pdf,20170327-华泰证券-华泰多因子系列之六：华泰单因子测试之波动率类因子.pdf,20170327-华泰证券-华泰多因子系列之六：华泰单因子测试之波动率类因子,pdf,2625541,2026-04-11T17:00:17.507847+00:00
210,华泰证券,华泰证券/20170419-华泰证券-华泰红利指数与红利因子系列研究报告之二：红利因子的有效性研究.pdf,/mnt/research/研报/华泰证券/20170419-华泰证券-华泰红利指数与红利因子系列研究报告之二：红利因子的有效性研究.pdf,reports/华泰证券/20170419-华泰证券-华泰红利指数与红利因子系列研究报告之二：红利因子的有效性研究.pdf,20170419-华泰证券-华泰红利指数与红利因子系列研究报告之二：红利因子的有效性研究.pdf,20170419-华泰证券-华泰红利指数与红利因子系列研究报告之二：红利因子的有效性研究,pdf,1261268,2026-04-11T17:00:11.383848+00:00
211,华泰证券,华泰证券/20170601-华泰证券-华泰人工智能系列之一：人工智能选股框架及经典算法简介.pdf,/mnt/research/研报/华泰证券/20170601-华泰证券-华泰人工智能系列之一：人工智能选股框架及经典算法简介.pdf,reports/华泰证券/20170601-华泰证券-华泰人工智能系列之一：人工智能选股框架及经典算法简介.pdf,20170601-华泰证券-华泰人工智能系列之一：人工智能选股框架及经典算法简介.pdf,20170601-华泰证券-华泰人工智能系列之一：人工智能选股框架及经典算法简介,pdf,3046502,2026-04-11T17:00:08.405848+00:00
212,华泰证券,华泰证券/20170825-华泰期货-CTA量化策略因子系列（一）：波动率因子.pdf,/mnt/research/研报/华泰证券/20170825-华泰期货-CTA量化策略因子系列（一）：波动率因子.pdf,reports/华泰证券/20170825-华泰期货-CTA量化策略因子系列（一）：波动率因子.pdf,20170825-华泰期货-CTA量化策略因子系列（一）：波动率因子.pdf,20170825-华泰期货-CTA量化策略因子系列（一）：波动率因子,pdf,586566,2026-04-11T16:59:57.512849+00:00
213,华泰证券,华泰证券/20170925-华泰期货-CTA量化策略因子系列（二）：动量因子.pdf,/mnt/research/研报/华泰证券/20170925-华泰期货-CTA量化策略因子系列（二）：动量因子.pdf,reports/华泰证券/20170925-华泰期货-CTA量化策略因子系列（二）：动量因子.pdf,20170925-华泰期货-CTA量化策略因子系列（二）：动量因子.pdf,20170925-华泰期货-CTA量化策略因子系列（二）：动量因子,pdf,1837268,2026-04-11T16:59:55.531849+00:00
214,华泰证券,华泰证券/20171225-华泰期货-CTA量化策略因子系列（五）：偏度与峰度因子-.pdf,/mnt/research/研报/华泰证券/20171225-华泰期货-CTA量化策略因子系列（五）：偏度与峰度因子-.pdf,reports/华泰证券/20171225-华泰期货-CTA量化策略因子系列（五）：偏度与峰度因子-.pdf,20171225-华泰期货-CTA量化策略因子系列（五）：偏度与峰度因子-.pdf,20171225-华泰期货-CTA量化策略因子系列（五）：偏度与峰度因子-,pdf,1217147,2026-04-11T16:59:50.243849+00:00
215,华泰证券,华泰证券/20180517-华泰证券-多因子系列之七：华泰单因子测试之资金流向因子.pdf,/mnt/research/研报/华泰证券/20180517-华泰证券-多因子系列之七：华泰单因子测试之资金流向因子.pdf,reports/华泰证券/20180517-华泰证券-多因子系列之七：华泰单因子测试之资金流向因子.pdf,20180517-华泰证券-多因子系列之七：华泰单因子测试之资金流向因子.pdf,20180517-华泰证券-多因子系列之七：华泰单因子测试之资金流向因子,pdf,2341163,2026-04-11T16:59:47.009849+00:00
216,华泰证券,华泰证券/20180525-华泰证券-多因子系列之八：华泰单因子测试之财务质量因子.pdf,/mnt/research/研报/华泰证券/20180525-华泰证券-多因子系列之八：华泰单因子测试之财务质量因子.pdf,reports/华泰证券/20180525-华泰证券-多因子系列之八：华泰单因子测试之财务质量因子.pdf,20180525-华泰证券-多因子系列之八：华泰单因子测试之财务质量因子.pdf,20180525-华泰证券-多因子系列之八：华泰单因子测试之财务质量因子,pdf,3954426,2026-04-11T16:59:39.580850+00:00
217,华泰证券,华泰证券/20180725-华泰证券-华泰人工智能系列之十二：人工智能选股之特征选择.pdf,/mnt/research/研报/华泰证券/20180725-华泰证券-华泰人工智能系列之十二：人工智能选股之特征选择.pdf,reports/华泰证券/20180725-华泰证券-华泰人工智能系列之十二：人工智能选股之特征选择.pdf,20180725-华泰证券-华泰人工智能系列之十二：人工智能选股之特征选择.pdf,20180725-华泰证券-华泰人工智能系列之十二：人工智能选股之特征选择,pdf,2786575,2026-04-11T16:59:28.993851+00:00
218,华泰证券,华泰证券/20181214-华泰证券-华泰多因子系列之九：华泰单因子测试之一致预期因子.pdf,/mnt/research/研报/华泰证券/20181214-华泰证券-华泰多因子系列之九：华泰单因子测试之一致预期因子.pdf,reports/华泰证券/20181214-华泰证券-华泰多因子系列之九：华泰单因子测试之一致预期因子.pdf,20181214-华泰证券-华泰多因子系列之九：华泰单因子测试之一致预期因子.pdf,20181214-华泰证券-华泰多因子系列之九：华泰单因子测试之一致预期因子,pdf,5862844,2026-04-11T16:59:21.749851+00:00
219,华泰证券,华泰证券/20190104-华泰证券-华泰多因子系列之十：因子合成方法实证分析.pdf,/mnt/research/研报/华泰证券/20190104-华泰证券-华泰多因子系列之十：因子合成方法实证分析.pdf,reports/华泰证券/20190104-华泰证券-华泰多因子系列之十：因子合成方法实证分析.pdf,20190104-华泰证券-华泰多因子系列之十：因子合成方法实证分析.pdf,20190104-华泰证券-华泰多因子系列之十：因子合成方法实证分析,pdf,1323400,2026-04-11T16:59:06.257852+00:00
220,华泰证券,华泰证券/20190521-华泰证券-华泰多因子系列之十一：华泰单因子测试之海量技术因子.pdf,/mnt/research/研报/华泰证券/20190521-华泰证券-华泰多因子系列之十一：华泰单因子测试之海量技术因子.pdf,reports/华泰证券/20190521-华泰证券-华泰多因子系列之十一：华泰单因子测试之海量技术因子.pdf,20190521-华泰证券-华泰多因子系列之十一：华泰单因子测试之海量技术因子.pdf,20190521-华泰证券-华泰多因子系列之十一：华泰单因子测试之海量技术因子,pdf,2547944,2026-04-11T16:59:01.565852+00:00
221,华泰证券,华泰证券/20190610-华泰证券-华泰人工智能系列之二十一：基于遗传规划的选股因子挖掘.pdf,/mnt/research/研报/华泰证券/20190610-华泰证券-华泰人工智能系列之二十一：基于遗传规划的选股因子挖掘.pdf,reports/华泰证券/20190610-华泰证券-华泰人工智能系列之二十一：基于遗传规划的选股因子挖掘.pdf,20190610-华泰证券-华泰人工智能系列之二十一：基于遗传规划的选股因子挖掘.pdf,20190610-华泰证券-华泰人工智能系列之二十一：基于遗传规划的选股因子挖掘,pdf,4385071,2026-04-11T16:58:56.033853+00:00
222,华泰证券,华泰证券/20190807-华泰证券-人工智能系列之二十三：再探基于遗传规划的选股因子挖掘.pdf,/mnt/research/研报/华泰证券/20190807-华泰证券-人工智能系列之二十三：再探基于遗传规划的选股因子挖掘.pdf,reports/华泰证券/20190807-华泰证券-人工智能系列之二十三：再探基于遗传规划的选股因子挖掘.pdf,20190807-华泰证券-人工智能系列之二十三：再探基于遗传规划的选股因子挖掘.pdf,20190807-华泰证券-人工智能系列之二十三：再探基于遗传规划的选股因子挖掘,pdf,9966399,2026-04-11T16:58:43.852854+00:00
223,华泰证券,华泰证券/20191015-华泰证券-华泰多因子系列之十三：华泰单因子测试之历史分位数因子.pdf,/mnt/research/研报/华泰证券/20191015-华泰证券-华泰多因子系列之十三：华泰单因子测试之历史分位数因子.pdf,reports/华泰证券/20191015-华泰证券-华泰多因子系列之十三：华泰单因子测试之历史分位数因子.pdf,20191015-华泰证券-华泰多因子系列之十三：华泰单因子测试之历史分位数因子.pdf,20191015-华泰证券-华泰多因子系列之十三：华泰单因子测试之历史分位数因子,pdf,8296791,2026-04-11T16:58:21.539855+00:00
224,华泰证券,华泰证券/20211206-华泰证券-量化投资月报：为什么年末看好大盘和量价因子？.pdf,/mnt/research/研报/华泰证券/20211206-华泰证券-量化投资月报：为什么年末看好大盘和量价因子？.pdf,reports/华泰证券/20211206-华泰证券-量化投资月报：为什么年末看好大盘和量价因子？.pdf,20211206-华泰证券-量化投资月报：为什么年末看好大盘和量价因子？.pdf,20211206-华泰证券-量化投资月报：为什么年末看好大盘和量价因子？,pdf,1156041,2026-04-11T16:58:04.377856+00:00
225,华泰证券,华泰证券/20221011-华泰证券-金工深度研究：量化如何追求模糊的正确，有序回归.pdf,/mnt/research/研报/华泰证券/20221011-华泰证券-金工深度研究：量化如何追求模糊的正确，有序回归.pdf,reports/华泰证券/20221011-华泰证券-金工深度研究：量化如何追求模糊的正确，有序回归.pdf,20221011-华泰证券-金工深度研究：量化如何追求模糊的正确，有序回归.pdf,20221011-华泰证券-金工深度研究：量化如何追求模糊的正确，有序回归,pdf,1366597,2026-04-11T16:58:01.617856+00:00
226,华泰证券,华泰证券/【华泰金工】人工智能1：人工智能选股框架及经典算法简介20170601.pdf,/mnt/research/研报/华泰证券/【华泰金工】人工智能1：人工智能选股框架及经典算法简介20170601.pdf,reports/华泰证券/【华泰金工】人工智能1：人工智能选股框架及经典算法简介20170601.pdf,【华泰金工】人工智能1：人工智能选股框架及经典算法简介20170601.pdf,【华泰金工】人工智能1：人工智能选股框架及经典算法简介20170601,pdf,3350670,2026-04-11T16:57:57.013857+00:00
227,华泰证券,华泰证券/【华泰金工】人工智能2：人工智能选股之广义线性模型20170622.pdf,/mnt/research/研报/华泰证券/【华泰金工】人工智能2：人工智能选股之广义线性模型20170622.pdf,reports/华泰证券/【华泰金工】人工智能2：人工智能选股之广义线性模型20170622.pdf,【华泰金工】人工智能2：人工智能选股之广义线性模型20170622.pdf,【华泰金工】人工智能2：人工智能选股之广义线性模型20170622,pdf,2679355,2026-04-11T16:57:50.309857+00:00
228,华泰证券,华泰证券/【华泰金工】人工智能3：人工智能选股之支持向量机模型20170804.pdf,/mnt/research/研报/华泰证券/【华泰金工】人工智能3：人工智能选股之支持向量机模型20170804.pdf,reports/华泰证券/【华泰金工】人工智能3：人工智能选股之支持向量机模型20170804.pdf,【华泰金工】人工智能3：人工智能选股之支持向量机模型20170804.pdf,【华泰金工】人工智能3：人工智能选股之支持向量机模型20170804,pdf,3253240,2026-04-11T16:57:43.948858+00:00
229,华泰证券,华泰证券/【华泰金工】人工智能4：人工智能选股之朴素贝叶斯模型20170817.pdf,/mnt/research/研报/华泰证券/【华泰金工】人工智能4：人工智能选股之朴素贝叶斯模型20170817.pdf,reports/华泰证券/【华泰金工】人工智能4：人工智能选股之朴素贝叶斯模型20170817.pdf,【华泰金工】人工智能4：人工智能选股之朴素贝叶斯模型20170817.pdf,【华泰金工】人工智能4：人工智能选股之朴素贝叶斯模型20170817,pdf,2167917,2026-04-11T16:57:37.872858+00:00
230,华泰证券,华泰证券/【华泰金工】人工智能5：人工智能选股之随机森林模型20170831.pdf,/mnt/research/研报/华泰证券/【华泰金工】人工智能5：人工智能选股之随机森林模型20170831.pdf,reports/华泰证券/【华泰金工】人工智能5：人工智能选股之随机森林模型20170831.pdf,【华泰金工】人工智能5：人工智能选股之随机森林模型20170831.pdf,【华泰金工】人工智能5：人工智能选股之随机森林模型20170831,pdf,2202276,2026-04-11T16:57:32.312858+00:00
231,华泰证券,华泰证券/【华泰金工】人工智能6：人工智能选股之Boosting模型20170911.pdf,/mnt/research/研报/华泰证券/【华泰金工】人工智能6：人工智能选股之Boosting模型20170911.pdf,reports/华泰证券/【华泰金工】人工智能6：人工智能选股之Boosting模型20170911.pdf,【华泰金工】人工智能6：人工智能选股之Boosting模型20170911.pdf,【华泰金工】人工智能6：人工智能选股之Boosting模型20170911,pdf,2851628,2026-04-11T16:57:28.222858+00:00
232,华泰证券,华泰证券/【华泰金工】人工智能7：人工智能选股之Python实战20170919.pdf,/mnt/research/研报/华泰证券/【华泰金工】人工智能7：人工智能选股之Python实战20170919.pdf,reports/华泰证券/【华泰金工】人工智能7：人工智能选股之Python实战20170919.pdf,【华泰金工】人工智能7：人工智能选股之Python实战20170919.pdf,【华泰金工】人工智能7：人工智能选股之Python实战20170919,pdf,3524232,2026-04-11T16:57:21.320859+00:00
233,华泰证券,华泰证券/【华泰金工】人工智能8：人工智能选股之全连接神经网络20171123.pdf,/mnt/research/研报/华泰证券/【华泰金工】人工智能8：人工智能选股之全连接神经网络20171123.pdf,reports/华泰证券/【华泰金工】人工智能8：人工智能选股之全连接神经网络20171123.pdf,【华泰金工】人工智能8：人工智能选股之全连接神经网络20171123.pdf,【华泰金工】人工智能8：人工智能选股之全连接神经网络20171123,pdf,2004939,2026-04-11T16:57:13.183860+00:00
234,华泰证券,华泰证券/【华泰金工】人工智能9：人工智能选股之循环神经网络模型20171124.pdf,/mnt/research/研报/华泰证券/【华泰金工】人工智能9：人工智能选股之循环神经网络模型20171124.pdf,reports/华泰证券/【华泰金工】人工智能9：人工智能选股之循环神经网络模型20171124.pdf,【华泰金工】人工智能9：人工智能选股之循环神经网络模型20171124.pdf,【华泰金工】人工智能9：人工智能选股之循环神经网络模型20171124,pdf,2043088,2026-04-11T16:57:07.920860+00:00
235,华泰证券,华泰证券/【华泰金工】华泰高股息率模型精选打新底仓20161213.pdf,/mnt/research/研报/华泰证券/【华泰金工】华泰高股息率模型精选打新底仓20161213.pdf,reports/华泰证券/【华泰金工】华泰高股息率模型精选打新底仓20161213.pdf,【华泰金工】华泰高股息率模型精选打新底仓20161213.pdf,【华泰金工】华泰高股息率模型精选打新底仓20161213,pdf,531142,2026-04-11T16:57:01.067860+00:00
236,华泰证券,华泰证券/【华泰金工】基本面选股10：华泰价值选股之现金流因子研究20170822.pdf,/mnt/research/研报/华泰证券/【华泰金工】基本面选股10：华泰价值选股之现金流因子研究20170822.pdf,reports/华泰证券/【华泰金工】基本面选股10：华泰价值选股之现金流因子研究20170822.pdf,【华泰金工】基本面选股10：华泰价值选股之现金流因子研究20170822.pdf,【华泰金工】基本面选股10：华泰价值选股之现金流因子研究20170822,pdf,2694578,2026-04-11T16:56:59.899860+00:00
237,华泰证券,华泰证券/【华泰金工】基本面选股1：华泰基本面选股之高股息率模型20160626.pdf,/mnt/research/研报/华泰证券/【华泰金工】基本面选股1：华泰基本面选股之高股息率模型20160626.pdf,reports/华泰证券/【华泰金工】基本面选股1：华泰基本面选股之高股息率模型20160626.pdf,【华泰金工】基本面选股1：华泰基本面选股之高股息率模型20160626.pdf,【华泰金工】基本面选股1：华泰基本面选股之高股息率模型20160626,pdf,1165250,2026-04-11T16:56:53.819861+00:00
238,华泰证券,华泰证券/【华泰金工】基本面选股2：华泰基本面选股之低市收率模型20160708.pdf,/mnt/research/研报/华泰证券/【华泰金工】基本面选股2：华泰基本面选股之低市收率模型20160708.pdf,reports/华泰证券/【华泰金工】基本面选股2：华泰基本面选股之低市收率模型20160708.pdf,【华泰金工】基本面选股2：华泰基本面选股之低市收率模型20160708.pdf,【华泰金工】基本面选股2：华泰基本面选股之低市收率模型20160708,pdf,1428527,2026-04-11T16:56:51.039861+00:00
239,华泰证券,华泰证券/【华泰金工】基本面选股3：华泰价值选股系列之相对市盈率20161206.pdf,/mnt/research/研报/华泰证券/【华泰金工】基本面选股3：华泰价值选股系列之相对市盈率20161206.pdf,reports/华泰证券/【华泰金工】基本面选股3：华泰价值选股系列之相对市盈率20161206.pdf,【华泰金工】基本面选股3：华泰价值选股系列之相对市盈率20161206.pdf,【华泰金工】基本面选股3：华泰价值选股系列之相对市盈率20161206,pdf,1457647,2026-04-11T16:56:48.499861+00:00
240,华泰证券,华泰证券/【华泰金工】基本面选股4：华泰价值选股系列之FFScore模型20170209.pdf,/mnt/research/研报/华泰证券/【华泰金工】基本面选股4：华泰价值选股系列之FFScore模型20170209.pdf,reports/华泰证券/【华泰金工】基本面选股4：华泰价值选股系列之FFScore模型20170209.pdf,【华泰金工】基本面选股4：华泰价值选股系列之FFScore模型20170209.pdf,【华泰金工】基本面选股4：华泰价值选股系列之FFScore模型20170209,pdf,1859841,2026-04-11T16:56:45.602861+00:00
241,华泰证券,华泰证券/【华泰金工】基本面选股5：华泰价值选股之高股息港股模型20170405.pdf,/mnt/research/研报/华泰证券/【华泰金工】基本面选股5：华泰价值选股之高股息港股模型20170405.pdf,reports/华泰证券/【华泰金工】基本面选股5：华泰价值选股之高股息港股模型20170405.pdf,【华泰金工】基本面选股5：华泰价值选股之高股息港股模型20170405.pdf,【华泰金工】基本面选股5：华泰价值选股之高股息港股模型20170405,pdf,1184101,2026-04-11T16:56:40.727862+00:00
242,华泰证券,华泰证券/【华泰金工】基本面选股6：华泰价值选股之低市收率港股模型20170424.pdf,/mnt/research/研报/华泰证券/【华泰金工】基本面选股6：华泰价值选股之低市收率港股模型20170424.pdf,reports/华泰证券/【华泰金工】基本面选股6：华泰价值选股之低市收率港股模型20170424.pdf,【华泰金工】基本面选股6：华泰价值选股之低市收率港股模型20170424.pdf,【华泰金工】基本面选股6：华泰价值选股之低市收率港股模型20170424,pdf,1297134,2026-04-11T16:56:38.448862+00:00
243,华泰证券,华泰证券/【华泰金工】基本面选股7：华泰价值选股之低市收率A股模型II20170520.pdf,/mnt/research/研报/华泰证券/【华泰金工】基本面选股7：华泰价值选股之低市收率A股模型II20170520.pdf,reports/华泰证券/【华泰金工】基本面选股7：华泰价值选股之低市收率A股模型II20170520.pdf,【华泰金工】基本面选股7：华泰价值选股之低市收率A股模型II20170520.pdf,【华泰金工】基本面选股7：华泰价值选股之低市收率A股模型II20170520,pdf,1344335,2026-04-11T16:56:36.172862+00:00
244,华泰证券,华泰证券/【华泰金工】基本面选股8：华泰价值选股之“漂亮50”选股模型20170609.pdf,/mnt/research/研报/华泰证券/【华泰金工】基本面选股8：华泰价值选股之“漂亮50”选股模型20170609.pdf,reports/华泰证券/【华泰金工】基本面选股8：华泰价值选股之“漂亮50”选股模型20170609.pdf,【华泰金工】基本面选股8：华泰价值选股之“漂亮50”选股模型20170609.pdf,【华泰金工】基本面选股8：华泰价值选股之“漂亮50”选股模型20170609,pdf,1645469,2026-04-11T16:56:32.798862+00:00
245,华泰证券,华泰证券/【华泰金工】基本面选股9：华泰价值选股之相对市盈率港股模型20170719.pdf,/mnt/research/研报/华泰证券/【华泰金工】基本面选股9：华泰价值选股之相对市盈率港股模型20170719.pdf,reports/华泰证券/【华泰金工】基本面选股9：华泰价值选股之相对市盈率港股模型20170719.pdf,【华泰金工】基本面选股9：华泰价值选股之相对市盈率港股模型20170719.pdf,【华泰金工】基本面选股9：华泰价值选股之相对市盈率港股模型20170719,pdf,1057368,2026-04-11T16:56:29.461862+00:00
246,华鑫证券,华鑫证券/20220630-华鑫证券-2022中期量化投资策略：与鲸同游还是与鲨共舞，资金流因子在中高频行业轮动中的应用.pdf,/mnt/research/研报/华鑫证券/20220630-华鑫证券-2022中期量化投资策略：与鲸同游还是与鲨共舞，资金流因子在中高频行业轮动中的应用.pdf,reports/华鑫证券/20220630-华鑫证券-2022中期量化投资策略：与鲸同游还是与鲨共舞，资金流因子在中高频行业轮动中的应用.pdf,20220630-华鑫证券-2022中期量化投资策略：与鲸同游还是与鲨共舞，资金流因子在中高频行业轮动中的应用.pdf,20220630-华鑫证券-2022中期量化投资策略：与鲸同游还是与鲨共舞，资金流因子在中高频行业轮动中的应用,pdf,3335858,2026-04-11T16:56:26.942863+00:00
247,华鑫证券,华鑫证券/20220710-华鑫证券-陆股通和行业轮动之十五：北向衍生因子开始失效，建议跟踪内资类因子.pdf,/mnt/research/研报/华鑫证券/20220710-华鑫证券-陆股通和行业轮动之十五：北向衍生因子开始失效，建议跟踪内资类因子.pdf,reports/华鑫证券/20220710-华鑫证券-陆股通和行业轮动之十五：北向衍生因子开始失效，建议跟踪内资类因子.pdf,20220710-华鑫证券-陆股通和行业轮动之十五：北向衍生因子开始失效，建议跟踪内资类因子.pdf,20220710-华鑫证券-陆股通和行业轮动之十五：北向衍生因子开始失效，建议跟踪内资类因子,pdf,1804087,2026-04-11T16:56:19.250863+00:00
248,国信证券,国信证券/10数量化投资技术系列之十：行业轮动与资产配置.pdf,/mnt/research/研报/国信证券/10数量化投资技术系列之十：行业轮动与资产配置.pdf,reports/国信证券/10数量化投资技术系列之十：行业轮动与资产配置.pdf,10数量化投资技术系列之十：行业轮动与资产配置.pdf,10数量化投资技术系列之十：行业轮动与资产配置,pdf,406976,2026-04-11T16:56:15.668863+00:00
249,国信证券,国信证券/11数量化投资技术系列之十一-A股市场常用风险表征指标分析--整体乐观但部分风险指标严峻.pdf,/mnt/research/研报/国信证券/11数量化投资技术系列之十一-A股市场常用风险表征指标分析--整体乐观但部分风险指标严峻.pdf,reports/国信证券/11数量化投资技术系列之十一-A股市场常用风险表征指标分析--整体乐观但部分风险指标严峻.pdf,11数量化投资技术系列之十一-A股市场常用风险表征指标分析--整体乐观但部分风险指标严峻.pdf,11数量化投资技术系列之十一-A股市场常用风险表征指标分析--整体乐观但部分风险指标严峻,pdf,398799,2026-04-11T16:56:15.037863+00:00
250,国信证券,国信证券/12数量化投资技术系列之十二-聚类分析与行业选择.pdf,/mnt/research/研报/国信证券/12数量化投资技术系列之十二-聚类分析与行业选择.pdf,reports/国信证券/12数量化投资技术系列之十二-聚类分析与行业选择.pdf,12数量化投资技术系列之十二-聚类分析与行业选择.pdf,12数量化投资技术系列之十二-聚类分析与行业选择,pdf,342514,2026-04-11T16:56:13.912863+00:00
251,国信证券,国信证券/13数量化投资技术系列之十三：利用动量交易策略进行指数增强.pdf,/mnt/research/研报/国信证券/13数量化投资技术系列之十三：利用动量交易策略进行指数增强.pdf,reports/国信证券/13数量化投资技术系列之十三：利用动量交易策略进行指数增强.pdf,13数量化投资技术系列之十三：利用动量交易策略进行指数增强.pdf,13数量化投资技术系列之十三：利用动量交易策略进行指数增强,pdf,1308332,2026-04-11T16:56:12.391864+00:00
252,国信证券,国信证券/14数量化投资技术系列之十四-从系统风险的历史看当前下跌的未来.pdf,/mnt/research/研报/国信证券/14数量化投资技术系列之十四-从系统风险的历史看当前下跌的未来.pdf,reports/国信证券/14数量化投资技术系列之十四-从系统风险的历史看当前下跌的未来.pdf,14数量化投资技术系列之十四-从系统风险的历史看当前下跌的未来.pdf,14数量化投资技术系列之十四-从系统风险的历史看当前下跌的未来,pdf,2209461,2026-04-11T16:56:09.570864+00:00
253,国信证券,国信证券/15数量化投资技术系列之十五：ST股票运行规律初探.pdf,/mnt/research/研报/国信证券/15数量化投资技术系列之十五：ST股票运行规律初探.pdf,reports/国信证券/15数量化投资技术系列之十五：ST股票运行规律初探.pdf,15数量化投资技术系列之十五：ST股票运行规律初探.pdf,15数量化投资技术系列之十五：ST股票运行规律初探,pdf,489553,2026-04-11T16:56:05.489864+00:00
254,国信证券,国信证券/16数量化投资技术系列之十六-相关系数聚类对正Alpha策略的再优化--暨最新行业配置建议.pdf,/mnt/research/研报/国信证券/16数量化投资技术系列之十六-相关系数聚类对正Alpha策略的再优化--暨最新行业配置建议.pdf,reports/国信证券/16数量化投资技术系列之十六-相关系数聚类对正Alpha策略的再优化--暨最新行业配置建议.pdf,16数量化投资技术系列之十六-相关系数聚类对正Alpha策略的再优化--暨最新行业配置建议.pdf,16数量化投资技术系列之十六-相关系数聚类对正Alpha策略的再优化--暨最新行业配置建议,pdf,2187015,2026-04-11T16:56:04.685864+00:00
255,国信证券,国信证券/17数量化投资技术系列之十七-认购权证运行规律与现货市场.pdf,/mnt/research/研报/国信证券/17数量化投资技术系列之十七-认购权证运行规律与现货市场.pdf,reports/国信证券/17数量化投资技术系列之十七-认购权证运行规律与现货市场.pdf,17数量化投资技术系列之十七-认购权证运行规律与现货市场.pdf,17数量化投资技术系列之十七-认购权证运行规律与现货市场,pdf,500121,2026-04-11T16:55:59.402864+00:00
256,国信证券,国信证券/18数量化投资技术系列之十八-投资者行为与市场运行状况.pdf,/mnt/research/研报/国信证券/18数量化投资技术系列之十八-投资者行为与市场运行状况.pdf,reports/国信证券/18数量化投资技术系列之十八-投资者行为与市场运行状况.pdf,18数量化投资技术系列之十八-投资者行为与市场运行状况.pdf,18数量化投资技术系列之十八-投资者行为与市场运行状况,pdf,568018,2026-04-11T16:55:58.410864+00:00
257,国信证券,国信证券/19数量化投资技术系列之十九-封闭式基金价值投资分析.pdf,/mnt/research/研报/国信证券/19数量化投资技术系列之十九-封闭式基金价值投资分析.pdf,reports/国信证券/19数量化投资技术系列之十九-封闭式基金价值投资分析.pdf,19数量化投资技术系列之十九-封闭式基金价值投资分析.pdf,19数量化投资技术系列之十九-封闭式基金价值投资分析,pdf,519443,2026-04-11T16:55:57.373864+00:00
258,国信证券,国信证券/1数量化投资技术系列之一-资金流量指标应用分析.pdf.pdf,/mnt/research/研报/国信证券/1数量化投资技术系列之一-资金流量指标应用分析.pdf.pdf,reports/国信证券/1数量化投资技术系列之一-资金流量指标应用分析.pdf.pdf,1数量化投资技术系列之一-资金流量指标应用分析.pdf.pdf,1数量化投资技术系列之一-资金流量指标应用分析.pdf,pdf,3580392,2026-04-11T16:55:56.447865+00:00
259,国信证券,国信证券/20090703-国信证券-09年中期策略会金融工程专题：中小盘指数基金抽样复制方法.pdf,/mnt/research/研报/国信证券/20090703-国信证券-09年中期策略会金融工程专题：中小盘指数基金抽样复制方法.pdf,reports/国信证券/20090703-国信证券-09年中期策略会金融工程专题：中小盘指数基金抽样复制方法.pdf,20090703-国信证券-09年中期策略会金融工程专题：中小盘指数基金抽样复制方法.pdf,20090703-国信证券-09年中期策略会金融工程专题：中小盘指数基金抽样复制方法,pdf,1021142,2026-04-11T16:55:48.328865+00:00
260,国信证券,国信证券/20090703-国信证券-09年中期策略会金融工程专题：指数创新与应用前景展望.pdf,/mnt/research/研报/国信证券/20090703-国信证券-09年中期策略会金融工程专题：指数创新与应用前景展望.pdf,reports/国信证券/20090703-国信证券-09年中期策略会金融工程专题：指数创新与应用前景展望.pdf,20090703-国信证券-09年中期策略会金融工程专题：指数创新与应用前景展望.pdf,20090703-国信证券-09年中期策略会金融工程专题：指数创新与应用前景展望,pdf,1085409,2026-04-11T16:55:46.368865+00:00
261,国信证券,国信证券/20090703-国信证券-09年中期策略会金融工程专题：行业轮动与资产配置.pdf,/mnt/research/研报/国信证券/20090703-国信证券-09年中期策略会金融工程专题：行业轮动与资产配置.pdf,reports/国信证券/20090703-国信证券-09年中期策略会金融工程专题：行业轮动与资产配置.pdf,20090703-国信证券-09年中期策略会金融工程专题：行业轮动与资产配置.pdf,20090703-国信证券-09年中期策略会金融工程专题：行业轮动与资产配置,pdf,716951,2026-04-11T16:55:43.578865+00:00
262,国信证券,国信证券/20090817-国信证券-时机选择专题研究-从系统风险的历史看当前下跌的未来.pdf,/mnt/research/研报/国信证券/20090817-国信证券-时机选择专题研究-从系统风险的历史看当前下跌的未来.pdf,reports/国信证券/20090817-国信证券-时机选择专题研究-从系统风险的历史看当前下跌的未来.pdf,20090817-国信证券-时机选择专题研究-从系统风险的历史看当前下跌的未来.pdf,20090817-国信证券-时机选择专题研究-从系统风险的历史看当前下跌的未来,pdf,633997,2026-04-11T16:55:42.304865+00:00
263,国信证券,国信证券/20091211-国信证券-国信资产定价因子体系的构建与应用.pdf,/mnt/research/研报/国信证券/20091211-国信证券-国信资产定价因子体系的构建与应用.pdf,reports/国信证券/20091211-国信证券-国信资产定价因子体系的构建与应用.pdf,20091211-国信证券-国信资产定价因子体系的构建与应用.pdf,20091211-国信证券-国信资产定价因子体系的构建与应用,pdf,355947,2026-04-11T16:55:39.720866+00:00
264,国信证券,国信证券/20100115-国信证券-海外量化技术本土化系列报告之二：配对交易综述及A股市场应用.pdf,/mnt/research/研报/国信证券/20100115-国信证券-海外量化技术本土化系列报告之二：配对交易综述及A股市场应用.pdf,reports/国信证券/20100115-国信证券-海外量化技术本土化系列报告之二：配对交易综述及A股市场应用.pdf,20100115-国信证券-海外量化技术本土化系列报告之二：配对交易综述及A股市场应用.pdf,20100115-国信证券-海外量化技术本土化系列报告之二：配对交易综述及A股市场应用,pdf,788457,2026-04-11T16:55:39.119866+00:00
265,国信证券,国信证券/20100201-国信证券-宏观因子量化投资应用系列之一：A股宏观风险因子筛选与选股策略.pdf,/mnt/research/研报/国信证券/20100201-国信证券-宏观因子量化投资应用系列之一：A股宏观风险因子筛选与选股策略.pdf,reports/国信证券/20100201-国信证券-宏观因子量化投资应用系列之一：A股宏观风险因子筛选与选股策略.pdf,20100201-国信证券-宏观因子量化投资应用系列之一：A股宏观风险因子筛选与选股策略.pdf,20100201-国信证券-宏观因子量化投资应用系列之一：A股宏观风险因子筛选与选股策略,pdf,473606,2026-04-11T16:55:37.592866+00:00
266,国信证券,国信证券/20100318-国信证券-海外量化技术本土化系列报告之三：市场中性策略综述及自动化交易系统.pdf,/mnt/research/研报/国信证券/20100318-国信证券-海外量化技术本土化系列报告之三：市场中性策略综述及自动化交易系统.pdf,reports/国信证券/20100318-国信证券-海外量化技术本土化系列报告之三：市场中性策略综述及自动化交易系统.pdf,20100318-国信证券-海外量化技术本土化系列报告之三：市场中性策略综述及自动化交易系统.pdf,20100318-国信证券-海外量化技术本土化系列报告之三：市场中性策略综述及自动化交易系统,pdf,911835,2026-04-11T16:55:36.697866+00:00
267,国信证券,国信证券/20100406-国信证券-程序化交易专题报告系列之二：在高频数据中挖掘交易机会.pdf,/mnt/research/研报/国信证券/20100406-国信证券-程序化交易专题报告系列之二：在高频数据中挖掘交易机会.pdf,reports/国信证券/20100406-国信证券-程序化交易专题报告系列之二：在高频数据中挖掘交易机会.pdf,20100406-国信证券-程序化交易专题报告系列之二：在高频数据中挖掘交易机会.pdf,20100406-国信证券-程序化交易专题报告系列之二：在高频数据中挖掘交易机会,pdf,681339,2026-04-11T16:55:34.071866+00:00
268,国信证券,国信证券/20100618-国信证券-中期策略会专题报告：多因子选股模型结合股指期货实现Alpha收益.pdf,/mnt/research/研报/国信证券/20100618-国信证券-中期策略会专题报告：多因子选股模型结合股指期货实现Alpha收益.pdf,reports/国信证券/20100618-国信证券-中期策略会专题报告：多因子选股模型结合股指期货实现Alpha收益.pdf,20100618-国信证券-中期策略会专题报告：多因子选股模型结合股指期货实现Alpha收益.pdf,20100618-国信证券-中期策略会专题报告：多因子选股模型结合股指期货实现Alpha收益,pdf,1172643,2026-04-11T16:55:32.338866+00:00
269,国信证券,国信证券/20100621-国信证券-沪深300周期非周期ETF及其策略应用.pdf,/mnt/research/研报/国信证券/20100621-国信证券-沪深300周期非周期ETF及其策略应用.pdf,reports/国信证券/20100621-国信证券-沪深300周期非周期ETF及其策略应用.pdf,20100621-国信证券-沪深300周期非周期ETF及其策略应用.pdf,20100621-国信证券-沪深300周期非周期ETF及其策略应用,pdf,2939204,2026-04-11T16:55:28.755866+00:00
270,国信证券,国信证券/20100712-国信证券-海外量化技术本土化系列之七：国信投资时钟初探.pdf,/mnt/research/研报/国信证券/20100712-国信证券-海外量化技术本土化系列之七：国信投资时钟初探.pdf,reports/国信证券/20100712-国信证券-海外量化技术本土化系列之七：国信投资时钟初探.pdf,20100712-国信证券-海外量化技术本土化系列之七：国信投资时钟初探.pdf,20100712-国信证券-海外量化技术本土化系列之七：国信投资时钟初探,pdf,1461019,2026-04-11T16:55:21.656867+00:00
271,国信证券,国信证券/20100831-国信证券-市场趋势数量化识别（第一期）.pdf,/mnt/research/研报/国信证券/20100831-国信证券-市场趋势数量化识别（第一期）.pdf,reports/国信证券/20100831-国信证券-市场趋势数量化识别（第一期）.pdf,20100831-国信证券-市场趋势数量化识别（第一期）.pdf,20100831-国信证券-市场趋势数量化识别（第一期）,pdf,1058728,2026-04-11T16:55:18.479867+00:00
272,国信证券,国信证券/20100903-国信证券-海外量化技术本土化系列报告之八：国信投资时钟之行业关联网络.pdf,/mnt/research/研报/国信证券/20100903-国信证券-海外量化技术本土化系列报告之八：国信投资时钟之行业关联网络.pdf,reports/国信证券/20100903-国信证券-海外量化技术本土化系列报告之八：国信投资时钟之行业关联网络.pdf,20100903-国信证券-海外量化技术本土化系列报告之八：国信投资时钟之行业关联网络.pdf,20100903-国信证券-海外量化技术本土化系列报告之八：国信投资时钟之行业关联网络,pdf,1009149,2026-04-11T16:55:16.496867+00:00
273,国信证券,国信证券/20100906-国信证券-市场趋势数量化识别（第二期）.pdf,/mnt/research/研报/国信证券/20100906-国信证券-市场趋势数量化识别（第二期）.pdf,reports/国信证券/20100906-国信证券-市场趋势数量化识别（第二期）.pdf,20100906-国信证券-市场趋势数量化识别（第二期）.pdf,20100906-国信证券-市场趋势数量化识别（第二期）,pdf,1053671,2026-04-11T16:55:14.243867+00:00
274,国信证券,国信证券/20100907-国信证券-Logistic选股模型及其在沪深300中的实证.pdf,/mnt/research/研报/国信证券/20100907-国信证券-Logistic选股模型及其在沪深300中的实证.pdf,reports/国信证券/20100907-国信证券-Logistic选股模型及其在沪深300中的实证.pdf,20100907-国信证券-Logistic选股模型及其在沪深300中的实证.pdf,20100907-国信证券-Logistic选股模型及其在沪深300中的实证,pdf,735465,2026-04-11T16:55:11.846868+00:00
275,国信证券,国信证券/20100907-国信证券-传统多因素模型及其在沪深300中的实证.pdf,/mnt/research/研报/国信证券/20100907-国信证券-传统多因素模型及其在沪深300中的实证.pdf,reports/国信证券/20100907-国信证券-传统多因素模型及其在沪深300中的实证.pdf,20100907-国信证券-传统多因素模型及其在沪深300中的实证.pdf,20100907-国信证券-传统多因素模型及其在沪深300中的实证,pdf,965483,2026-04-11T16:55:09.642868+00:00
276,国信证券,国信证券/20100907-国信证券-海外量化技术本土化系列报告之九：国信投资时钟之行业轮动.pdf,/mnt/research/研报/国信证券/20100907-国信证券-海外量化技术本土化系列报告之九：国信投资时钟之行业轮动.pdf,reports/国信证券/20100907-国信证券-海外量化技术本土化系列报告之九：国信投资时钟之行业轮动.pdf,20100907-国信证券-海外量化技术本土化系列报告之九：国信投资时钟之行业轮动.pdf,20100907-国信证券-海外量化技术本土化系列报告之九：国信投资时钟之行业轮动,pdf,1147460,2026-04-11T16:55:07.280868+00:00
277,国信证券,国信证券/20100913-国信证券-多因素模型及其在沪深300中的实证.pdf,/mnt/research/研报/国信证券/20100913-国信证券-多因素模型及其在沪深300中的实证.pdf,reports/国信证券/20100913-国信证券-多因素模型及其在沪深300中的实证.pdf,20100913-国信证券-多因素模型及其在沪深300中的实证.pdf,20100913-国信证券-多因素模型及其在沪深300中的实证,pdf,1619696,2026-04-11T16:55:04.567868+00:00
278,国信证券,国信证券/20101102-国信证券-海外量化技术本土化系列报告之十：国信投资时钟之宏观杜邦分析.pdf,/mnt/research/研报/国信证券/20101102-国信证券-海外量化技术本土化系列报告之十：国信投资时钟之宏观杜邦分析.pdf,reports/国信证券/20101102-国信证券-海外量化技术本土化系列报告之十：国信投资时钟之宏观杜邦分析.pdf,20101102-国信证券-海外量化技术本土化系列报告之十：国信投资时钟之宏观杜邦分析.pdf,20101102-国信证券-海外量化技术本土化系列报告之十：国信投资时钟之宏观杜邦分析,pdf,1058570,2026-04-11T16:55:00.048868+00:00
279,国信证券,国信证券/20101118-国信证券-海外量化技术本土化系列报告之十一：美林投资时钟A股探讨.pdf,/mnt/research/研报/国信证券/20101118-国信证券-海外量化技术本土化系列报告之十一：美林投资时钟A股探讨.pdf,reports/国信证券/20101118-国信证券-海外量化技术本土化系列报告之十一：美林投资时钟A股探讨.pdf,20101118-国信证券-海外量化技术本土化系列报告之十一：美林投资时钟A股探讨.pdf,20101118-国信证券-海外量化技术本土化系列报告之十一：美林投资时钟A股探讨,pdf,847601,2026-04-11T16:54:57.568868+00:00
280,国信证券,国信证券/20110530-国信证券-基于基本面先行因子的行业配置模型优化及其应用.pdf,/mnt/research/研报/国信证券/20110530-国信证券-基于基本面先行因子的行业配置模型优化及其应用.pdf,reports/国信证券/20110530-国信证券-基于基本面先行因子的行业配置模型优化及其应用.pdf,20110530-国信证券-基于基本面先行因子的行业配置模型优化及其应用.pdf,20110530-国信证券-基于基本面先行因子的行业配置模型优化及其应用,pdf,702658,2026-04-11T16:54:54.810869+00:00
281,国信证券,国信证券/20110609-国信证券-策略指数专题研究：策略指数演进路径及国内外发展情况概述.pdf,/mnt/research/研报/国信证券/20110609-国信证券-策略指数专题研究：策略指数演进路径及国内外发展情况概述.pdf,reports/国信证券/20110609-国信证券-策略指数专题研究：策略指数演进路径及国内外发展情况概述.pdf,20110609-国信证券-策略指数专题研究：策略指数演进路径及国内外发展情况概述.pdf,20110609-国信证券-策略指数专题研究：策略指数演进路径及国内外发展情况概述,pdf,767571,2026-04-11T16:54:53.141869+00:00
282,国信证券,国信证券/20110715-国信证券-波动率研究系列之一：国信低波动率系列指数.pdf,/mnt/research/研报/国信证券/20110715-国信证券-波动率研究系列之一：国信低波动率系列指数.pdf,reports/国信证券/20110715-国信证券-波动率研究系列之一：国信低波动率系列指数.pdf,20110715-国信证券-波动率研究系列之一：国信低波动率系列指数.pdf,20110715-国信证券-波动率研究系列之一：国信低波动率系列指数,pdf,1070632,2026-04-11T16:54:51.586869+00:00
283,国信证券,国信证券/20120215-国信证券-国信投资时钟之结构定量分析.pdf,/mnt/research/研报/国信证券/20120215-国信证券-国信投资时钟之结构定量分析.pdf,reports/国信证券/20120215-国信证券-国信投资时钟之结构定量分析.pdf,20120215-国信证券-国信投资时钟之结构定量分析.pdf,20120215-国信证券-国信投资时钟之结构定量分析,pdf,1299716,2026-04-11T16:54:49.607869+00:00
284,国信证券,国信证券/20121217-国信证券-国信证券量化技术分析之三：强势股回调.pdf,/mnt/research/研报/国信证券/20121217-国信证券-国信证券量化技术分析之三：强势股回调.pdf,reports/国信证券/20121217-国信证券-国信证券量化技术分析之三：强势股回调.pdf,20121217-国信证券-国信证券量化技术分析之三：强势股回调.pdf,20121217-国信证券-国信证券量化技术分析之三：强势股回调,pdf,767960,2026-04-11T16:54:46.133869+00:00
285,国信证券,国信证券/20121227-国信证券-量化技术分析之四，均线型趋势跟随策略.pdf,/mnt/research/研报/国信证券/20121227-国信证券-量化技术分析之四，均线型趋势跟随策略.pdf,reports/国信证券/20121227-国信证券-量化技术分析之四，均线型趋势跟随策略.pdf,20121227-国信证券-量化技术分析之四，均线型趋势跟随策略.pdf,20121227-国信证券-量化技术分析之四，均线型趋势跟随策略,pdf,867001,2026-04-11T16:54:44.490869+00:00
286,国信证券,国信证券/20130128-国信证券-多因子系列研究报告之一：风险（Beta）指标静态测试.pdf,/mnt/research/研报/国信证券/20130128-国信证券-多因子系列研究报告之一：风险（Beta）指标静态测试.pdf,reports/国信证券/20130128-国信证券-多因子系列研究报告之一：风险（Beta）指标静态测试.pdf,20130128-国信证券-多因子系列研究报告之一：风险（Beta）指标静态测试.pdf,20130128-国信证券-多因子系列研究报告之一：风险（Beta）指标静态测试,pdf,755474,2026-04-11T16:54:42.902869+00:00
287,国信证券,国信证券/20130319-国信证券-多因子系列研究报告之二：降维与模型的搭建.pdf,/mnt/research/研报/国信证券/20130319-国信证券-多因子系列研究报告之二：降维与模型的搭建.pdf,reports/国信证券/20130319-国信证券-多因子系列研究报告之二：降维与模型的搭建.pdf,20130319-国信证券-多因子系列研究报告之二：降维与模型的搭建.pdf,20130319-国信证券-多因子系列研究报告之二：降维与模型的搭建,pdf,829977,2026-04-11T16:54:41.534869+00:00
288,国信证券,国信证券/20130321-国信证券-市场情绪指标量化之一：协同性指标.pdf,/mnt/research/研报/国信证券/20130321-国信证券-市场情绪指标量化之一：协同性指标.pdf,reports/国信证券/20130321-国信证券-市场情绪指标量化之一：协同性指标.pdf,20130321-国信证券-市场情绪指标量化之一：协同性指标.pdf,20130321-国信证券-市场情绪指标量化之一：协同性指标,pdf,709631,2026-04-11T16:54:40.007869+00:00
289,国信证券,国信证券/20130422-国信证券-国信证券多因子系列研究报告之三：多因子模型选股评价.pdf,/mnt/research/研报/国信证券/20130422-国信证券-国信证券多因子系列研究报告之三：多因子模型选股评价.pdf,reports/国信证券/20130422-国信证券-国信证券多因子系列研究报告之三：多因子模型选股评价.pdf,20130422-国信证券-国信证券多因子系列研究报告之三：多因子模型选股评价.pdf,20130422-国信证券-国信证券多因子系列研究报告之三：多因子模型选股评价,pdf,769867,2026-04-11T16:54:37.706870+00:00
290,国信证券,国信证券/20131008-国信证券-结构性产品专题报告之三：可转债的Delta对冲套利策略.pdf,/mnt/research/研报/国信证券/20131008-国信证券-结构性产品专题报告之三：可转债的Delta对冲套利策略.pdf,reports/国信证券/20131008-国信证券-结构性产品专题报告之三：可转债的Delta对冲套利策略.pdf,20131008-国信证券-结构性产品专题报告之三：可转债的Delta对冲套利策略.pdf,20131008-国信证券-结构性产品专题报告之三：可转债的Delta对冲套利策略,pdf,731661,2026-04-11T16:54:35.160870+00:00
291,国信证券,国信证券/20131015-国信证券-金融工程专题研究：价值投资的长期策略、短期风险以及对冲标的衍生的特殊效应.pdf,/mnt/research/研报/国信证券/20131015-国信证券-金融工程专题研究：价值投资的长期策略、短期风险以及对冲标的衍生的特殊效应.pdf,reports/国信证券/20131015-国信证券-金融工程专题研究：价值投资的长期策略、短期风险以及对冲标的衍生的特殊效应.pdf,20131015-国信证券-金融工程专题研究：价值投资的长期策略、短期风险以及对冲标的衍生的特殊效应.pdf,20131015-国信证券-金融工程专题研究：价值投资的长期策略、短期风险以及对冲标的衍生的特殊效应,pdf,790966,2026-04-11T16:54:33.816870+00:00
292,国信证券,国信证券/20131015-国信证券-金融工程专题研究：双现金流选股模型实证研究.pdf,/mnt/research/研报/国信证券/20131015-国信证券-金融工程专题研究：双现金流选股模型实证研究.pdf,reports/国信证券/20131015-国信证券-金融工程专题研究：双现金流选股模型实证研究.pdf,20131015-国信证券-金融工程专题研究：双现金流选股模型实证研究.pdf,20131015-国信证券-金融工程专题研究：双现金流选股模型实证研究,pdf,872567,2026-04-11T16:54:32.410870+00:00
293,国信证券,国信证券/20131015-国信证券-金融工程专题研究：机器学习法选股（2013-10-15）.pdf,/mnt/research/研报/国信证券/20131015-国信证券-金融工程专题研究：机器学习法选股（2013-10-15）.pdf,reports/国信证券/20131015-国信证券-金融工程专题研究：机器学习法选股（2013-10-15）.pdf,20131015-国信证券-金融工程专题研究：机器学习法选股（2013-10-15）.pdf,20131015-国信证券-金融工程专题研究：机器学习法选股（2013-10-15）,pdf,708166,2026-04-11T16:54:30.812870+00:00
294,国信证券,国信证券/20131016-国信证券-基于一致预期数据的量化选股模型.pdf,/mnt/research/研报/国信证券/20131016-国信证券-基于一致预期数据的量化选股模型.pdf,reports/国信证券/20131016-国信证券-基于一致预期数据的量化选股模型.pdf,20131016-国信证券-基于一致预期数据的量化选股模型.pdf,20131016-国信证券-基于一致预期数据的量化选股模型,pdf,1299961,2026-04-11T16:54:29.599870+00:00
295,国信证券,国信证券/20140630-国信证券-国信证券风格投资专题研究之一：Alpha因子风格适应性.pdf,/mnt/research/研报/国信证券/20140630-国信证券-国信证券风格投资专题研究之一：Alpha因子风格适应性.pdf,reports/国信证券/20140630-国信证券-国信证券风格投资专题研究之一：Alpha因子风格适应性.pdf,20140630-国信证券-国信证券风格投资专题研究之一：Alpha因子风格适应性.pdf,20140630-国信证券-国信证券风格投资专题研究之一：Alpha因子风格适应性,pdf,1079025,2026-04-11T16:54:25.691870+00:00
296,国信证券,国信证券/20140630-国信证券-国信证券风格投资专题研究之二：成长到价值常规路径.pdf,/mnt/research/研报/国信证券/20140630-国信证券-国信证券风格投资专题研究之二：成长到价值常规路径.pdf,reports/国信证券/20140630-国信证券-国信证券风格投资专题研究之二：成长到价值常规路径.pdf,20140630-国信证券-国信证券风格投资专题研究之二：成长到价值常规路径.pdf,20140630-国信证券-国信证券风格投资专题研究之二：成长到价值常规路径,pdf,971324,2026-04-11T16:54:23.455871+00:00
297,国信证券,国信证券/20140701-国信证券-国信证券量化研究体系（2014-07-01）.pdf,/mnt/research/研报/国信证券/20140701-国信证券-国信证券量化研究体系（2014-07-01）.pdf,reports/国信证券/20140701-国信证券-国信证券量化研究体系（2014-07-01）.pdf,20140701-国信证券-国信证券量化研究体系（2014-07-01）.pdf,20140701-国信证券-国信证券量化研究体系（2014-07-01）,pdf,947216,2026-04-11T16:54:21.680871+00:00
298,国信证券,国信证券/20140727-国信证券-国信证券量化择时系列报告之一：基于ARFIMA的股市择时模型.pdf,/mnt/research/研报/国信证券/20140727-国信证券-国信证券量化择时系列报告之一：基于ARFIMA的股市择时模型.pdf,reports/国信证券/20140727-国信证券-国信证券量化择时系列报告之一：基于ARFIMA的股市择时模型.pdf,20140727-国信证券-国信证券量化择时系列报告之一：基于ARFIMA的股市择时模型.pdf,20140727-国信证券-国信证券量化择时系列报告之一：基于ARFIMA的股市择时模型,pdf,868237,2026-04-11T16:54:19.860871+00:00
299,国信证券,国信证券/20140804-国信证券-量化择时系列报告之二：国信投资者情绪指数择时模型.pdf,/mnt/research/研报/国信证券/20140804-国信证券-量化择时系列报告之二：国信投资者情绪指数择时模型.pdf,reports/国信证券/20140804-国信证券-量化择时系列报告之二：国信投资者情绪指数择时模型.pdf,20140804-国信证券-量化择时系列报告之二：国信投资者情绪指数择时模型.pdf,20140804-国信证券-量化择时系列报告之二：国信投资者情绪指数择时模型,pdf,664246,2026-04-11T16:54:18.219871+00:00
300,国信证券,国信证券/20160531-国信证券-机器学习专题研究：SVM算法选股以及Adaboost增强.pdf,/mnt/research/研报/国信证券/20160531-国信证券-机器学习专题研究：SVM算法选股以及Adaboost增强.pdf,reports/国信证券/20160531-国信证券-机器学习专题研究：SVM算法选股以及Adaboost增强.pdf,20160531-国信证券-机器学习专题研究：SVM算法选股以及Adaboost增强.pdf,20160531-国信证券-机器学习专题研究：SVM算法选股以及Adaboost增强,pdf,792460,2026-04-11T16:54:15.827871+00:00
301,国信证券,国信证券/20170524-国信证券-金融工程专题研究：递归神经网络RNN，长短期记忆细胞.pdf,/mnt/research/研报/国信证券/20170524-国信证券-金融工程专题研究：递归神经网络RNN，长短期记忆细胞.pdf,reports/国信证券/20170524-国信证券-金融工程专题研究：递归神经网络RNN，长短期记忆细胞.pdf,20170524-国信证券-金融工程专题研究：递归神经网络RNN，长短期记忆细胞.pdf,20170524-国信证券-金融工程专题研究：递归神经网络RNN，长短期记忆细胞,pdf,1276174,2026-04-11T16:54:14.173871+00:00
302,国信证券,国信证券/20211026-国信证券-学术文献研究系列第20期：如何看待价值因子的至暗时刻.pdf,/mnt/research/研报/国信证券/20211026-国信证券-学术文献研究系列第20期：如何看待价值因子的至暗时刻.pdf,reports/国信证券/20211026-国信证券-学术文献研究系列第20期：如何看待价值因子的至暗时刻.pdf,20211026-国信证券-学术文献研究系列第20期：如何看待价值因子的至暗时刻.pdf,20211026-国信证券-学术文献研究系列第20期：如何看待价值因子的至暗时刻,pdf,820684,2026-04-11T16:54:11.750871+00:00
303,国信证券,国信证券/20211116-国信证券-金融工程专题研究：深度学习时间序列预测综述.pdf,/mnt/research/研报/国信证券/20211116-国信证券-金融工程专题研究：深度学习时间序列预测综述.pdf,reports/国信证券/20211116-国信证券-金融工程专题研究：深度学习时间序列预测综述.pdf,20211116-国信证券-金融工程专题研究：深度学习时间序列预测综述.pdf,20211116-国信证券-金融工程专题研究：深度学习时间序列预测综述,pdf,923220,2026-04-11T16:54:10.232872+00:00
304,国信证券,国信证券/20211213-国信证券-金融工程专题研究：动量类因子全解析.pdf,/mnt/research/研报/国信证券/20211213-国信证券-金融工程专题研究：动量类因子全解析.pdf,reports/国信证券/20211213-国信证券-金融工程专题研究：动量类因子全解析.pdf,20211213-国信证券-金融工程专题研究：动量类因子全解析.pdf,20211213-国信证券-金融工程专题研究：动量类因子全解析,pdf,2124378,2026-04-11T16:54:08.555872+00:00
305,国信证券,国信证券/20211227-国信证券-学术文献研究系列第29期：基于A股市场概念动量的股票投资策略.pdf,/mnt/research/研报/国信证券/20211227-国信证券-学术文献研究系列第29期：基于A股市场概念动量的股票投资策略.pdf,reports/国信证券/20211227-国信证券-学术文献研究系列第29期：基于A股市场概念动量的股票投资策略.pdf,20211227-国信证券-学术文献研究系列第29期：基于A股市场概念动量的股票投资策略.pdf,20211227-国信证券-学术文献研究系列第29期：基于A股市场概念动量的股票投资策略,pdf,1343264,2026-04-11T16:54:03.209872+00:00
306,国信证券,国信证券/20220614-国信证券-金融工程专题研究：反转因子全解析.pdf,/mnt/research/研报/国信证券/20220614-国信证券-金融工程专题研究：反转因子全解析.pdf,reports/国信证券/20220614-国信证券-金融工程专题研究：反转因子全解析.pdf,20220614-国信证券-金融工程专题研究：反转因子全解析.pdf,20220614-国信证券-金融工程专题研究：反转因子全解析,pdf,5973548,2026-04-11T16:53:59.808872+00:00
307,国信证券,国信证券/20220622-国信证券-金融工程专题报告：价量类风险因子挖掘初探.pdf,/mnt/research/研报/国信证券/20220622-国信证券-金融工程专题报告：价量类风险因子挖掘初探.pdf,reports/国信证券/20220622-国信证券-金融工程专题报告：价量类风险因子挖掘初探.pdf,20220622-国信证券-金融工程专题报告：价量类风险因子挖掘初探.pdf,20220622-国信证券-金融工程专题报告：价量类风险因子挖掘初探,pdf,11374799,2026-04-11T16:53:42.950873+00:00
308,国信证券,国信证券/20220714-国信证券-多因子选股系列之-反转因子全解析.pdf,/mnt/research/研报/国信证券/20220714-国信证券-多因子选股系列之-反转因子全解析.pdf,reports/国信证券/20220714-国信证券-多因子选股系列之-反转因子全解析.pdf,20220714-国信证券-多因子选股系列之-反转因子全解析.pdf,20220714-国信证券-多因子选股系列之-反转因子全解析,pdf,7116827,2026-04-11T16:53:16.335875+00:00
309,国信证券,国信证券/20240816-国信证券-金融工程专题研究：基于主动买卖特征的高频订单因子改进.pdf,/mnt/research/研报/国信证券/20240816-国信证券-金融工程专题研究：基于主动买卖特征的高频订单因子改进.pdf,reports/国信证券/20240816-国信证券-金融工程专题研究：基于主动买卖特征的高频订单因子改进.pdf,20240816-国信证券-金融工程专题研究：基于主动买卖特征的高频订单因子改进.pdf,20240816-国信证券-金融工程专题研究：基于主动买卖特征的高频订单因子改进,pdf,6893618,2026-04-11T16:53:01.757876+00:00
310,国信证券,国信证券/20数量化投资技术系列之二十：VWAP策略模拟效果及未来扩展.pdf,/mnt/research/研报/国信证券/20数量化投资技术系列之二十：VWAP策略模拟效果及未来扩展.pdf,reports/国信证券/20数量化投资技术系列之二十：VWAP策略模拟效果及未来扩展.pdf,20数量化投资技术系列之二十：VWAP策略模拟效果及未来扩展.pdf,20数量化投资技术系列之二十：VWAP策略模拟效果及未来扩展,pdf,587287,2026-04-11T16:52:45.421877+00:00
311,国信证券,国信证券/21数量化投资技术系列之二十一：基于收益缺口的基金持仓动量反转策略研究.pdf,/mnt/research/研报/国信证券/21数量化投资技术系列之二十一：基于收益缺口的基金持仓动量反转策略研究.pdf,reports/国信证券/21数量化投资技术系列之二十一：基于收益缺口的基金持仓动量反转策略研究.pdf,21数量化投资技术系列之二十一：基于收益缺口的基金持仓动量反转策略研究.pdf,21数量化投资技术系列之二十一：基于收益缺口的基金持仓动量反转策略研究,pdf,738737,2026-04-11T16:52:44.337877+00:00
312,国信证券,国信证券/24数量化投资技术系列之二十四：应用股指期货对量化投资组合进行β风险管理的流程范例.pdf,/mnt/research/研报/国信证券/24数量化投资技术系列之二十四：应用股指期货对量化投资组合进行β风险管理的流程范例.pdf,reports/国信证券/24数量化投资技术系列之二十四：应用股指期货对量化投资组合进行β风险管理的流程范例.pdf,24数量化投资技术系列之二十四：应用股指期货对量化投资组合进行β风险管理的流程范例.pdf,24数量化投资技术系列之二十四：应用股指期货对量化投资组合进行β风险管理的流程范例,pdf,819325,2026-04-11T16:52:43.004877+00:00
313,国信证券,国信证券/25数量化投资技术系列之二十五：实现量化投资盈利目标的征程2009-2010.pdf,/mnt/research/研报/国信证券/25数量化投资技术系列之二十五：实现量化投资盈利目标的征程2009-2010.pdf,reports/国信证券/25数量化投资技术系列之二十五：实现量化投资盈利目标的征程2009-2010.pdf,25数量化投资技术系列之二十五：实现量化投资盈利目标的征程2009-2010.pdf,25数量化投资技术系列之二十五：实现量化投资盈利目标的征程2009-2010,pdf,1840924,2026-04-11T16:52:41.534877+00:00
314,国信证券,国信证券/27数量化投资技术系列之二十七：国信相对强弱指标GSRS在资产配置中的应用.pdf,/mnt/research/研报/国信证券/27数量化投资技术系列之二十七：国信相对强弱指标GSRS在资产配置中的应用.pdf,reports/国信证券/27数量化投资技术系列之二十七：国信相对强弱指标GSRS在资产配置中的应用.pdf,27数量化投资技术系列之二十七：国信相对强弱指标GSRS在资产配置中的应用.pdf,27数量化投资技术系列之二十七：国信相对强弱指标GSRS在资产配置中的应用,pdf,714264,2026-04-11T16:52:38.003878+00:00
315,国信证券,国信证券/29数量化投资技术系列之二十九：将区分度动量模型延伸至三维空间.pdf,/mnt/research/研报/国信证券/29数量化投资技术系列之二十九：将区分度动量模型延伸至三维空间.pdf,reports/国信证券/29数量化投资技术系列之二十九：将区分度动量模型延伸至三维空间.pdf,29数量化投资技术系列之二十九：将区分度动量模型延伸至三维空间.pdf,29数量化投资技术系列之二十九：将区分度动量模型延伸至三维空间,pdf,2153180,2026-04-11T16:52:36.743878+00:00
316,国信证券,国信证券/2数量化投资技术系列之二-数量化投资技术综述.pdf,/mnt/research/研报/国信证券/2数量化投资技术系列之二-数量化投资技术综述.pdf,reports/国信证券/2数量化投资技术系列之二-数量化投资技术综述.pdf,2数量化投资技术系列之二-数量化投资技术综述.pdf,2数量化投资技术系列之二-数量化投资技术综述,pdf,11404053,2026-04-11T16:52:32.777878+00:00
317,国信证券,国信证券/30数量化投资技术系列之三十：A股市场事件冲击效应综述.pdf,/mnt/research/研报/国信证券/30数量化投资技术系列之三十：A股市场事件冲击效应综述.pdf,reports/国信证券/30数量化投资技术系列之三十：A股市场事件冲击效应综述.pdf,30数量化投资技术系列之三十：A股市场事件冲击效应综述.pdf,30数量化投资技术系列之三十：A股市场事件冲击效应综述,pdf,1278525,2026-04-11T16:52:12.386879+00:00
318,国信证券,国信证券/31数量化投资技术系列之三十一：行业内区分度动量选股探讨.pdf,/mnt/research/研报/国信证券/31数量化投资技术系列之三十一：行业内区分度动量选股探讨.pdf,reports/国信证券/31数量化投资技术系列之三十一：行业内区分度动量选股探讨.pdf,31数量化投资技术系列之三十一：行业内区分度动量选股探讨.pdf,31数量化投资技术系列之三十一：行业内区分度动量选股探讨,pdf,1458790,2026-04-11T16:52:09.928879+00:00
319,国信证券,国信证券/32数量化投资技术系列之三十二：基于动量失效的量化择时策略探讨.pdf,/mnt/research/研报/国信证券/32数量化投资技术系列之三十二：基于动量失效的量化择时策略探讨.pdf,reports/国信证券/32数量化投资技术系列之三十二：基于动量失效的量化择时策略探讨.pdf,32数量化投资技术系列之三十二：基于动量失效的量化择时策略探讨.pdf,32数量化投资技术系列之三十二：基于动量失效的量化择时策略探讨,pdf,1763798,2026-04-11T16:52:07.088880+00:00
320,国信证券,国信证券/33数量化投资技术系列之三十三：事件套利之分红、沪深300成份股调整.pdf,/mnt/research/研报/国信证券/33数量化投资技术系列之三十三：事件套利之分红、沪深300成份股调整.pdf,reports/国信证券/33数量化投资技术系列之三十三：事件套利之分红、沪深300成份股调整.pdf,33数量化投资技术系列之三十三：事件套利之分红、沪深300成份股调整.pdf,33数量化投资技术系列之三十三：事件套利之分红、沪深300成份股调整,pdf,1200358,2026-04-11T16:52:02.651880+00:00
321,国信证券,国信证券/34数量化投资技术系列之三十四：创新其实可以很快乐.pdf,/mnt/research/研报/国信证券/34数量化投资技术系列之三十四：创新其实可以很快乐.pdf,reports/国信证券/34数量化投资技术系列之三十四：创新其实可以很快乐.pdf,34数量化投资技术系列之三十四：创新其实可以很快乐.pdf,34数量化投资技术系列之三十四：创新其实可以很快乐,pdf,917553,2026-04-11T16:52:00.088880+00:00
322,国信证券,国信证券/38数量化投资技术系列之三十八：基于投资者异质信念的市场情绪指数研究.pdf,/mnt/research/研报/国信证券/38数量化投资技术系列之三十八：基于投资者异质信念的市场情绪指数研究.pdf,reports/国信证券/38数量化投资技术系列之三十八：基于投资者异质信念的市场情绪指数研究.pdf,38数量化投资技术系列之三十八：基于投资者异质信念的市场情绪指数研究.pdf,38数量化投资技术系列之三十八：基于投资者异质信念的市场情绪指数研究,pdf,1451446,2026-04-11T16:51:57.737880+00:00
323,国信证券,国信证券/39数量化投资技术系列之三十九：基于基本面先行因子的行业配臵模型优化及其应用.pdf,/mnt/research/研报/国信证券/39数量化投资技术系列之三十九：基于基本面先行因子的行业配臵模型优化及其应用.pdf,reports/国信证券/39数量化投资技术系列之三十九：基于基本面先行因子的行业配臵模型优化及其应用.pdf,39数量化投资技术系列之三十九：基于基本面先行因子的行业配臵模型优化及其应用.pdf,39数量化投资技术系列之三十九：基于基本面先行因子的行业配臵模型优化及其应用,pdf,710588,2026-04-11T16:51:54.244880+00:00
324,国信证券,国信证券/3数量化投资技术系列之三-基于景气指数的行业选择与配置方法.pdf,/mnt/research/研报/国信证券/3数量化投资技术系列之三-基于景气指数的行业选择与配置方法.pdf,reports/国信证券/3数量化投资技术系列之三-基于景气指数的行业选择与配置方法.pdf,3数量化投资技术系列之三-基于景气指数的行业选择与配置方法.pdf,3数量化投资技术系列之三-基于景气指数的行业选择与配置方法,pdf,1074084,2026-04-11T16:51:52.491881+00:00
325,国信证券,国信证券/40数量化投资技术系列之四十：实现量化投资盈利目标的征程2010-2011.pdf,/mnt/research/研报/国信证券/40数量化投资技术系列之四十：实现量化投资盈利目标的征程2010-2011.pdf,reports/国信证券/40数量化投资技术系列之四十：实现量化投资盈利目标的征程2010-2011.pdf,40数量化投资技术系列之四十：实现量化投资盈利目标的征程2010-2011.pdf,40数量化投资技术系列之四十：实现量化投资盈利目标的征程2010-2011,pdf,1270197,2026-04-11T16:51:50.026881+00:00
326,国信证券,国信证券/42数量化投资技术系列之四十二：基于模式聚类的短线选股模型.pdf,/mnt/research/研报/国信证券/42数量化投资技术系列之四十二：基于模式聚类的短线选股模型.pdf,reports/国信证券/42数量化投资技术系列之四十二：基于模式聚类的短线选股模型.pdf,42数量化投资技术系列之四十二：基于模式聚类的短线选股模型.pdf,42数量化投资技术系列之四十二：基于模式聚类的短线选股模型,pdf,2289723,2026-04-11T16:51:47.311881+00:00
327,国信证券,国信证券/43数量化投资技术系列之四十三：基于事件冲击效应的高频统计套利策略.pdf,/mnt/research/研报/国信证券/43数量化投资技术系列之四十三：基于事件冲击效应的高频统计套利策略.pdf,reports/国信证券/43数量化投资技术系列之四十三：基于事件冲击效应的高频统计套利策略.pdf,43数量化投资技术系列之四十三：基于事件冲击效应的高频统计套利策略.pdf,43数量化投资技术系列之四十三：基于事件冲击效应的高频统计套利策略,pdf,1041766,2026-04-11T16:51:42.994881+00:00
328,国信证券,国信证券/43数量化投资技术系列之四十三：基于最优化方法的指数管理策略.pdf,/mnt/research/研报/国信证券/43数量化投资技术系列之四十三：基于最优化方法的指数管理策略.pdf,reports/国信证券/43数量化投资技术系列之四十三：基于最优化方法的指数管理策略.pdf,43数量化投资技术系列之四十三：基于最优化方法的指数管理策略.pdf,43数量化投资技术系列之四十三：基于最优化方法的指数管理策略,pdf,990826,2026-04-11T16:51:41.013881+00:00
329,国信证券,国信证券/45数量化投资技术系列之四十五：基于A股市场选股因子边际效用和有效分散的动态区分度动量策略.pdf,/mnt/research/研报/国信证券/45数量化投资技术系列之四十五：基于A股市场选股因子边际效用和有效分散的动态区分度动量策略.pdf,reports/国信证券/45数量化投资技术系列之四十五：基于A股市场选股因子边际效用和有效分散的动态区分度动量策略.pdf,45数量化投资技术系列之四十五：基于A股市场选股因子边际效用和有效分散的动态区分度动量策略.pdf,45数量化投资技术系列之四十五：基于A股市场选股因子边际效用和有效分散的动态区分度动量策略,pdf,1446388,2026-04-11T16:51:39.241881+00:00
330,国信证券,国信证券/4数量化投资技术系列之四-中小盘指数基金抽样复制方法比较.pdf,/mnt/research/研报/国信证券/4数量化投资技术系列之四-中小盘指数基金抽样复制方法比较.pdf,reports/国信证券/4数量化投资技术系列之四-中小盘指数基金抽样复制方法比较.pdf,4数量化投资技术系列之四-中小盘指数基金抽样复制方法比较.pdf,4数量化投资技术系列之四-中小盘指数基金抽样复制方法比较,pdf,977570,2026-04-11T16:51:36.583882+00:00
331,国信证券,国信证券/5数量化投资技术系列之五-增强型指数化投资.pdf,/mnt/research/研报/国信证券/5数量化投资技术系列之五-增强型指数化投资.pdf,reports/国信证券/5数量化投资技术系列之五-增强型指数化投资.pdf,5数量化投资技术系列之五-增强型指数化投资.pdf,5数量化投资技术系列之五-增强型指数化投资,pdf,556778,2026-04-11T16:51:34.814882+00:00
332,国信证券,国信证券/6数量化投资技术系列之六-新产业版块投资的择时和估值.pdf,/mnt/research/研报/国信证券/6数量化投资技术系列之六-新产业版块投资的择时和估值.pdf,reports/国信证券/6数量化投资技术系列之六-新产业版块投资的择时和估值.pdf,6数量化投资技术系列之六-新产业版块投资的择时和估值.pdf,6数量化投资技术系列之六-新产业版块投资的择时和估值,pdf,1177498,2026-04-11T16:51:33.824882+00:00
333,国信证券,国信证券/7数量化投资技术系列之七-基于行业Alpha的分类和配置方法--总是获得正Alpha.pdf,/mnt/research/研报/国信证券/7数量化投资技术系列之七-基于行业Alpha的分类和配置方法--总是获得正Alpha.pdf,reports/国信证券/7数量化投资技术系列之七-基于行业Alpha的分类和配置方法--总是获得正Alpha.pdf,7数量化投资技术系列之七-基于行业Alpha的分类和配置方法--总是获得正Alpha.pdf,7数量化投资技术系列之七-基于行业Alpha的分类和配置方法--总是获得正Alpha,pdf,2614349,2026-04-11T16:51:31.620882+00:00
334,国信证券,国信证券/8数量化投资技术系列之八：基于Gini系数的组合β值控制策略.pdf,/mnt/research/研报/国信证券/8数量化投资技术系列之八：基于Gini系数的组合β值控制策略.pdf,reports/国信证券/8数量化投资技术系列之八：基于Gini系数的组合β值控制策略.pdf,8数量化投资技术系列之八：基于Gini系数的组合β值控制策略.pdf,8数量化投资技术系列之八：基于Gini系数的组合β值控制策略,pdf,557065,2026-04-11T16:51:26.737882+00:00
335,国信证券,国信证券/9数量化投资技术系列之九：行业配置的超额收益来自Alpha.pdf,/mnt/research/研报/国信证券/9数量化投资技术系列之九：行业配置的超额收益来自Alpha.pdf,reports/国信证券/9数量化投资技术系列之九：行业配置的超额收益来自Alpha.pdf,9数量化投资技术系列之九：行业配置的超额收益来自Alpha.pdf,9数量化投资技术系列之九：行业配置的超额收益来自Alpha,pdf,541627,2026-04-11T16:51:25.624882+00:00
336,国外,国外/20160503-J.P.Morgan-HSBC_Holdings_plcLQ1’16，Revenue_beats_consensus_estimate，but_credit_cost&capital_slightly_disappoint.pdf,/mnt/research/研报/国外/20160503-J.P.Morgan-HSBC_Holdings_plcLQ1’16，Revenue_beats_consensus_estimate，but_credit_cost&capital_slightly_disappoint.pdf,reports/国外/20160503-J.P.Morgan-HSBC_Holdings_plcLQ1’16，Revenue_beats_consensus_estimate，but_credit_cost&capital_slightly_disappoint.pdf,20160503-J.P.Morgan-HSBC_Holdings_plcLQ1’16，Revenue_beats_consensus_estimate，but_credit_cost&capital_slightly_disappoint.pdf,20160503-J.P.Morgan-HSBC_Holdings_plcLQ1’16，Revenue_beats_consensus_estimate，but_credit_cost&capital_slightly_disappoint,pdf,1205577,2026-04-11T16:51:24.642882+00:00
337,国外,国外/20160808-J.P._Morgan-Orient_Overseas_Int’l_Ltd（0316.HK）Results_weaker_than_our_below-consensus_expectations；_negative_read-through_for_other_liners.pdf,/mnt/research/研报/国外/20160808-J.P._Morgan-Orient_Overseas_Int’l_Ltd（0316.HK）Results_weaker_than_our_below-consensus_expectations；_negative_read-through_for_other_liners.pdf,reports/国外/20160808-J.P._Morgan-Orient_Overseas_Int’l_Ltd（0316.HK）Results_weaker_than_our_below-consensus_expectations；_negative_read-through_for_other_liners.pdf,20160808-J.P._Morgan-Orient_Overseas_Int’l_Ltd（0316.HK）Results_weaker_than_our_below-consensus_expectations；_negative_read-through_for_other_liners.pdf,20160808-J.P._Morgan-Orient_Overseas_Int’l_Ltd（0316.HK）Results_weaker_than_our_below-consensus_expectations；_negative_read-through_for_other_liners,pdf,1998514,2026-04-11T16:51:22.417882+00:00
338,国外,国外/20161020-Credit_Suisse-China_Mobile_Limited（0941.HK）9M16：_a_solid’beat’on_EBITDA_and_net_profit_versus_consensus_expectations.pdf,/mnt/research/研报/国外/20161020-Credit_Suisse-China_Mobile_Limited（0941.HK）9M16：_a_solid’beat’on_EBITDA_and_net_profit_versus_consensus_expectations.pdf,reports/国外/20161020-Credit_Suisse-China_Mobile_Limited（0941.HK）9M16：_a_solid’beat’on_EBITDA_and_net_profit_versus_consensus_expectations.pdf,20161020-Credit_Suisse-China_Mobile_Limited（0941.HK）9M16：_a_solid’beat’on_EBITDA_and_net_profit_versus_consensus_expectations.pdf,20161020-Credit_Suisse-China_Mobile_Limited（0941.HK）9M16：_a_solid’beat’on_EBITDA_and_net_profit_versus_consensus_expectations,pdf,471898,2026-04-11T16:51:18.216883+00:00
339,国外,国外/20170220-UBS-Community_Health_Systems_4Q16_EBITDA_Comes_in_Ahead_of_Expectations；Guidance_Brackets_Consensus.pdf,/mnt/research/研报/国外/20170220-UBS-Community_Health_Systems_4Q16_EBITDA_Comes_in_Ahead_of_Expectations；Guidance_Brackets_Consensus.pdf,reports/国外/20170220-UBS-Community_Health_Systems_4Q16_EBITDA_Comes_in_Ahead_of_Expectations；Guidance_Brackets_Consensus.pdf,20170220-UBS-Community_Health_Systems_4Q16_EBITDA_Comes_in_Ahead_of_Expectations；Guidance_Brackets_Consensus.pdf,20170220-UBS-Community_Health_Systems_4Q16_EBITDA_Comes_in_Ahead_of_Expectations；Guidance_Brackets_Consensus,pdf,157637,2026-04-11T16:51:16.857883+00:00
340,国外,"国外/20170421-HSBC-Bank_of_the_Phil_Islands(BPI_PM)Hold,Muted_outlook_despite_earnings_beat_consensus.pdf","/mnt/research/研报/国外/20170421-HSBC-Bank_of_the_Phil_Islands(BPI_PM)Hold,Muted_outlook_despite_earnings_beat_consensus.pdf","reports/国外/20170421-HSBC-Bank_of_the_Phil_Islands(BPI_PM)Hold,Muted_outlook_despite_earnings_beat_consensus.pdf","20170421-HSBC-Bank_of_the_Phil_Islands(BPI_PM)Hold,Muted_outlook_despite_earnings_beat_consensus.pdf","20170421-HSBC-Bank_of_the_Phil_Islands(BPI_PM)Hold,Muted_outlook_despite_earnings_beat_consensus",pdf,378711,2026-04-11T16:51:16.411883+00:00
341,国泰君安,国泰君安/20110926-国泰君安-多因子选股模型之因子分析与筛选I：估值与财务成长类指标.pdf,/mnt/research/研报/国泰君安/20110926-国泰君安-多因子选股模型之因子分析与筛选I：估值与财务成长类指标.pdf,reports/国泰君安/20110926-国泰君安-多因子选股模型之因子分析与筛选I：估值与财务成长类指标.pdf,20110926-国泰君安-多因子选股模型之因子分析与筛选I：估值与财务成长类指标.pdf,20110926-国泰君安-多因子选股模型之因子分析与筛选I：估值与财务成长类指标,pdf,1753534,2026-04-11T16:51:15.405883+00:00
342,国泰君安,国泰君安/20111014-国泰君安-多因子选股模型之因子分析与筛选II：财务质量、价量和一致预期类指标.docx,/mnt/research/研报/国泰君安/20111014-国泰君安-多因子选股模型之因子分析与筛选II：财务质量、价量和一致预期类指标.docx,reports/国泰君安/20111014-国泰君安-多因子选股模型之因子分析与筛选II：财务质量、价量和一致预期类指标.docx,20111014-国泰君安-多因子选股模型之因子分析与筛选II：财务质量、价量和一致预期类指标.docx,20111014-国泰君安-多因子选股模型之因子分析与筛选II：财务质量、价量和一致预期类指标,docx,3539474,2026-04-11T16:51:11.304883+00:00
343,国泰君安,国泰君安/20111115-国泰君安-数量化研究系列之十九：多因子选股模型之组合构建Ⅲ.pdf,/mnt/research/研报/国泰君安/20111115-国泰君安-数量化研究系列之十九：多因子选股模型之组合构建Ⅲ.pdf,reports/国泰君安/20111115-国泰君安-数量化研究系列之十九：多因子选股模型之组合构建Ⅲ.pdf,20111115-国泰君安-数量化研究系列之十九：多因子选股模型之组合构建Ⅲ.pdf,20111115-国泰君安-数量化研究系列之十九：多因子选股模型之组合构建Ⅲ,pdf,844730,2026-04-11T16:51:03.637884+00:00
344,国泰君安,国泰君安/20120620-国泰君安-多因子选股模型之行业中性策略Ⅳ.pdf,/mnt/research/研报/国泰君安/20120620-国泰君安-多因子选股模型之行业中性策略Ⅳ.pdf,reports/国泰君安/20120620-国泰君安-多因子选股模型之行业中性策略Ⅳ.pdf,20120620-国泰君安-多因子选股模型之行业中性策略Ⅳ.pdf,20120620-国泰君安-多因子选股模型之行业中性策略Ⅳ,pdf,1171002,2026-04-11T16:51:02.110884+00:00
345,国泰君安,国泰君安/20140224-国泰君安-数量化专题之三十七：预期风险下，基于业绩快报的PEAD投资策略.pdf,/mnt/research/研报/国泰君安/20140224-国泰君安-数量化专题之三十七：预期风险下，基于业绩快报的PEAD投资策略.pdf,reports/国泰君安/20140224-国泰君安-数量化专题之三十七：预期风险下，基于业绩快报的PEAD投资策略.pdf,20140224-国泰君安-数量化专题之三十七：预期风险下，基于业绩快报的PEAD投资策略.pdf,20140224-国泰君安-数量化专题之三十七：预期风险下，基于业绩快报的PEAD投资策略,pdf,1117793,2026-04-11T16:50:59.595884+00:00
346,国泰君安,国泰君安/20140507-国泰君安-数量化专题之四十二：寻找牛、熊股基本特征_基于财务、估值角度.pdf,/mnt/research/研报/国泰君安/20140507-国泰君安-数量化专题之四十二：寻找牛、熊股基本特征_基于财务、估值角度.pdf,reports/国泰君安/20140507-国泰君安-数量化专题之四十二：寻找牛、熊股基本特征_基于财务、估值角度.pdf,20140507-国泰君安-数量化专题之四十二：寻找牛、熊股基本特征_基于财务、估值角度.pdf,20140507-国泰君安-数量化专题之四十二：寻找牛、熊股基本特征_基于财务、估值角度,pdf,1301090,2026-04-11T16:50:57.561884+00:00
347,国泰君安,国泰君安/20150426-国泰君安-数量化专题之五十七：基于组合权重优化的风格中性多因子选股策略.pdf,/mnt/research/研报/国泰君安/20150426-国泰君安-数量化专题之五十七：基于组合权重优化的风格中性多因子选股策略.pdf,reports/国泰君安/20150426-国泰君安-数量化专题之五十七：基于组合权重优化的风格中性多因子选股策略.pdf,20150426-国泰君安-数量化专题之五十七：基于组合权重优化的风格中性多因子选股策略.pdf,20150426-国泰君安-数量化专题之五十七：基于组合权重优化的风格中性多因子选股策略,pdf,2086968,2026-04-11T16:50:55.157884+00:00
348,国泰君安,国泰君安/20150731-国泰君安-数量化专题之六十三：分析师对投资者行为的影响.pdf,/mnt/research/研报/国泰君安/20150731-国泰君安-数量化专题之六十三：分析师对投资者行为的影响.pdf,reports/国泰君安/20150731-国泰君安-数量化专题之六十三：分析师对投资者行为的影响.pdf,20150731-国泰君安-数量化专题之六十三：分析师对投资者行为的影响.pdf,20150731-国泰君安-数量化专题之六十三：分析师对投资者行为的影响,pdf,1220610,2026-04-11T16:50:49.229885+00:00
349,国泰君安,国泰君安/20160301-国泰君安-数量化专题之六十八：如何将阿尔法因子转化为超额收益（上）.pdf,/mnt/research/研报/国泰君安/20160301-国泰君安-数量化专题之六十八：如何将阿尔法因子转化为超额收益（上）.pdf,reports/国泰君安/20160301-国泰君安-数量化专题之六十八：如何将阿尔法因子转化为超额收益（上）.pdf,20160301-国泰君安-数量化专题之六十八：如何将阿尔法因子转化为超额收益（上）.pdf,20160301-国泰君安-数量化专题之六十八：如何将阿尔法因子转化为超额收益（上）,pdf,2031872,2026-04-11T16:50:46.301885+00:00
350,国泰君安,国泰君安/20160527-国泰君安-数量化专题之七十三：事件驱动策略的因子化特征.pdf,/mnt/research/研报/国泰君安/20160527-国泰君安-数量化专题之七十三：事件驱动策略的因子化特征.pdf,reports/国泰君安/20160527-国泰君安-数量化专题之七十三：事件驱动策略的因子化特征.pdf,20160527-国泰君安-数量化专题之七十三：事件驱动策略的因子化特征.pdf,20160527-国泰君安-数量化专题之七十三：事件驱动策略的因子化特征,pdf,1491714,2026-04-11T16:50:42.505885+00:00
351,国泰君安,国泰君安/20170607-国泰君安-基于短周期价量特征的多因子选股体系.pdf,/mnt/research/研报/国泰君安/20170607-国泰君安-基于短周期价量特征的多因子选股体系.pdf,reports/国泰君安/20170607-国泰君安-基于短周期价量特征的多因子选股体系.pdf,20170607-国泰君安-基于短周期价量特征的多因子选股体系.pdf,20170607-国泰君安-基于短周期价量特征的多因子选股体系,pdf,4751929,2026-04-11T16:50:39.081885+00:00
352,国泰君安,国泰君安/20170615-国泰君安-数量化专题之九十三：基于短周期价量特征的多因子选股体系.pdf,/mnt/research/研报/国泰君安/20170615-国泰君安-数量化专题之九十三：基于短周期价量特征的多因子选股体系.pdf,reports/国泰君安/20170615-国泰君安-数量化专题之九十三：基于短周期价量特征的多因子选股体系.pdf,20170615-国泰君安-数量化专题之九十三：基于短周期价量特征的多因子选股体系.pdf,20170615-国泰君安-数量化专题之九十三：基于短周期价量特征的多因子选股体系,pdf,2024514,2026-04-11T16:50:28.451886+00:00
353,国泰君安,国泰君安/20170711-国泰君安-数量化专题之九十七：基于深度组合的选股策略.pdf,/mnt/research/研报/国泰君安/20170711-国泰君安-数量化专题之九十七：基于深度组合的选股策略.pdf,reports/国泰君安/20170711-国泰君安-数量化专题之九十七：基于深度组合的选股策略.pdf,20170711-国泰君安-数量化专题之九十七：基于深度组合的选股策略.pdf,20170711-国泰君安-数量化专题之九十七：基于深度组合的选股策略,pdf,1713379,2026-04-11T16:50:23.753886+00:00
354,国泰君安,国泰君安/20170718-国泰君安-数量化专题之九十八：基于前景理论的选股策略.pdf,/mnt/research/研报/国泰君安/20170718-国泰君安-数量化专题之九十八：基于前景理论的选股策略.pdf,reports/国泰君安/20170718-国泰君安-数量化专题之九十八：基于前景理论的选股策略.pdf,20170718-国泰君安-数量化专题之九十八：基于前景理论的选股策略.pdf,20170718-国泰君安-数量化专题之九十八：基于前景理论的选股策略,pdf,1189534,2026-04-11T16:50:20.567887+00:00
355,国泰君安,国泰君安/20170830-国泰君安-数量化专题之一百零二：基于弹簧模型的量价分析.pdf,/mnt/research/研报/国泰君安/20170830-国泰君安-数量化专题之一百零二：基于弹簧模型的量价分析.pdf,reports/国泰君安/20170830-国泰君安-数量化专题之一百零二：基于弹簧模型的量价分析.pdf,20170830-国泰君安-数量化专题之一百零二：基于弹簧模型的量价分析.pdf,20170830-国泰君安-数量化专题之一百零二：基于弹簧模型的量价分析,pdf,1167278,2026-04-11T16:50:18.284887+00:00
356,国泰君安,国泰君安/20170831-国泰君安-数量化专题之一百零三：基于二维收益分解的选股策略.pdf,/mnt/research/研报/国泰君安/20170831-国泰君安-数量化专题之一百零三：基于二维收益分解的选股策略.pdf,reports/国泰君安/20170831-国泰君安-数量化专题之一百零三：基于二维收益分解的选股策略.pdf,20170831-国泰君安-数量化专题之一百零三：基于二维收益分解的选股策略.pdf,20170831-国泰君安-数量化专题之一百零三：基于二维收益分解的选股策略,pdf,975891,2026-04-11T16:50:16.119887+00:00
357,国泰君安,国泰君安/20180310-国泰君安-数量化专题之一百零八：基于不同域研究的多因子选股体系.pdf,/mnt/research/研报/国泰君安/20180310-国泰君安-数量化专题之一百零八：基于不同域研究的多因子选股体系.pdf,reports/国泰君安/20180310-国泰君安-数量化专题之一百零八：基于不同域研究的多因子选股体系.pdf,20180310-国泰君安-数量化专题之一百零八：基于不同域研究的多因子选股体系.pdf,20180310-国泰君安-数量化专题之一百零八：基于不同域研究的多因子选股体系,pdf,3740719,2026-04-11T16:50:14.287887+00:00
358,国泰君安,国泰君安/20180726-国泰君安-数量化专题之一百一十七：基于风险模糊度的选股策略.pdf,/mnt/research/研报/国泰君安/20180726-国泰君安-数量化专题之一百一十七：基于风险模糊度的选股策略.pdf,reports/国泰君安/20180726-国泰君安-数量化专题之一百一十七：基于风险模糊度的选股策略.pdf,20180726-国泰君安-数量化专题之一百一十七：基于风险模糊度的选股策略.pdf,20180726-国泰君安-数量化专题之一百一十七：基于风险模糊度的选股策略,pdf,996715,2026-04-11T16:50:06.622888+00:00
359,国泰君安,国泰君安/20180909-国泰君安-量化产品周报：流动性持续走低，价量因子面临考验.pdf,/mnt/research/研报/国泰君安/20180909-国泰君安-量化产品周报：流动性持续走低，价量因子面临考验.pdf,reports/国泰君安/20180909-国泰君安-量化产品周报：流动性持续走低，价量因子面临考验.pdf,20180909-国泰君安-量化产品周报：流动性持续走低，价量因子面临考验.pdf,20180909-国泰君安-量化产品周报：流动性持续走低，价量因子面临考验,pdf,1966775,2026-04-11T16:50:04.893888+00:00
360,国泰君安,国泰君安/20181022-国泰君安-数量化专题之一百二十一：上市公司业绩变脸中的业绩预告之谜.pdf,/mnt/research/研报/国泰君安/20181022-国泰君安-数量化专题之一百二十一：上市公司业绩变脸中的业绩预告之谜.pdf,reports/国泰君安/20181022-国泰君安-数量化专题之一百二十一：上市公司业绩变脸中的业绩预告之谜.pdf,20181022-国泰君安-数量化专题之一百二十一：上市公司业绩变脸中的业绩预告之谜.pdf,20181022-国泰君安-数量化专题之一百二十一：上市公司业绩变脸中的业绩预告之谜,pdf,1079444,2026-04-11T16:50:01.122888+00:00
361,国泰君安,国泰君安/20181110-国泰君安-数量化专题之一百二十一：基于风险供求模糊匹配的择时策略.pdf,/mnt/research/研报/国泰君安/20181110-国泰君安-数量化专题之一百二十一：基于风险供求模糊匹配的择时策略.pdf,reports/国泰君安/20181110-国泰君安-数量化专题之一百二十一：基于风险供求模糊匹配的择时策略.pdf,20181110-国泰君安-数量化专题之一百二十一：基于风险供求模糊匹配的择时策略.pdf,20181110-国泰君安-数量化专题之一百二十一：基于风险供求模糊匹配的择时策略,pdf,634988,2026-04-11T16:49:58.824888+00:00
362,国泰君安,国泰君安/20181114-国泰君安-数量化专题报告：基于PLS方法的潜变量因子研究.pdf,/mnt/research/研报/国泰君安/20181114-国泰君安-数量化专题报告：基于PLS方法的潜变量因子研究.pdf,reports/国泰君安/20181114-国泰君安-数量化专题报告：基于PLS方法的潜变量因子研究.pdf,20181114-国泰君安-数量化专题报告：基于PLS方法的潜变量因子研究.pdf,20181114-国泰君安-数量化专题报告：基于PLS方法的潜变量因子研究,pdf,772742,2026-04-11T16:49:57.567888+00:00
363,国泰君安,国泰君安/20210416-国泰君安-AI投资方法论：从多因子到多信号.pdf,/mnt/research/研报/国泰君安/20210416-国泰君安-AI投资方法论：从多因子到多信号.pdf,reports/国泰君安/20210416-国泰君安-AI投资方法论：从多因子到多信号.pdf,20210416-国泰君安-AI投资方法论：从多因子到多信号.pdf,20210416-国泰君安-AI投资方法论：从多因子到多信号,pdf,1271245,2026-04-11T16:49:56.093888+00:00
364,国泰君安,国泰君安/20210530-国泰君安-AI投资方法论之二：技术因子的非线性预测力.pdf,/mnt/research/研报/国泰君安/20210530-国泰君安-AI投资方法论之二：技术因子的非线性预测力.pdf,reports/国泰君安/20210530-国泰君安-AI投资方法论之二：技术因子的非线性预测力.pdf,20210530-国泰君安-AI投资方法论之二：技术因子的非线性预测力.pdf,20210530-国泰君安-AI投资方法论之二：技术因子的非线性预测力,pdf,1180002,2026-04-11T16:49:53.578888+00:00
365,国泰君安,国泰君安/20210726-国泰君安-AI投资方法论之三：ALPHA再优化，完全市值行业中性法.pdf,/mnt/research/研报/国泰君安/20210726-国泰君安-AI投资方法论之三：ALPHA再优化，完全市值行业中性法.pdf,reports/国泰君安/20210726-国泰君安-AI投资方法论之三：ALPHA再优化，完全市值行业中性法.pdf,20210726-国泰君安-AI投资方法论之三：ALPHA再优化，完全市值行业中性法.pdf,20210726-国泰君安-AI投资方法论之三：ALPHA再优化，完全市值行业中性法,pdf,1014474,2026-04-11T16:49:51.378889+00:00
366,国泰君安,国泰君安/20211115-国泰君安-学界纵横系列之二十三：如何评价量化策略拥挤度.pdf,/mnt/research/研报/国泰君安/20211115-国泰君安-学界纵横系列之二十三：如何评价量化策略拥挤度.pdf,reports/国泰君安/20211115-国泰君安-学界纵横系列之二十三：如何评价量化策略拥挤度.pdf,20211115-国泰君安-学界纵横系列之二十三：如何评价量化策略拥挤度.pdf,20211115-国泰君安-学界纵横系列之二十三：如何评价量化策略拥挤度,pdf,1694999,2026-04-11T16:49:49.572889+00:00
367,国泰君安,国泰君安/20220223-国泰君安-精品文献解读系列（二十六）：如何衡量观测因子拥挤度.pdf,/mnt/research/研报/国泰君安/20220223-国泰君安-精品文献解读系列（二十六）：如何衡量观测因子拥挤度.pdf,reports/国泰君安/20220223-国泰君安-精品文献解读系列（二十六）：如何衡量观测因子拥挤度.pdf,20220223-国泰君安-精品文献解读系列（二十六）：如何衡量观测因子拥挤度.pdf,20220223-国泰君安-精品文献解读系列（二十六）：如何衡量观测因子拥挤度,pdf,2391310,2026-04-11T16:49:46.382889+00:00
368,国泰君安,国泰君安/20220803-国泰君安-多因子全球化系列之二：港股因子有效性和组合设计.pdf,/mnt/research/研报/国泰君安/20220803-国泰君安-多因子全球化系列之二：港股因子有效性和组合设计.pdf,reports/国泰君安/20220803-国泰君安-多因子全球化系列之二：港股因子有效性和组合设计.pdf,20220803-国泰君安-多因子全球化系列之二：港股因子有效性和组合设计.pdf,20220803-国泰君安-多因子全球化系列之二：港股因子有效性和组合设计,pdf,3711823,2026-04-11T16:49:40.799889+00:00
369,国泰君安,国泰君安/20221124-国泰君安-多因子全球化系列之三：港股分析师数据及有效性解析.pdf,/mnt/research/研报/国泰君安/20221124-国泰君安-多因子全球化系列之三：港股分析师数据及有效性解析.pdf,reports/国泰君安/20221124-国泰君安-多因子全球化系列之三：港股分析师数据及有效性解析.pdf,20221124-国泰君安-多因子全球化系列之三：港股分析师数据及有效性解析.pdf,20221124-国泰君安-多因子全球化系列之三：港股分析师数据及有效性解析,pdf,780294,2026-04-11T16:49:31.268890+00:00
370,国泰君安,国泰君安/20230729-国泰君安-学术纵横系列之五十：基于未来现金流构建新价值因子.pdf,/mnt/research/研报/国泰君安/20230729-国泰君安-学术纵横系列之五十：基于未来现金流构建新价值因子.pdf,reports/国泰君安/20230729-国泰君安-学术纵横系列之五十：基于未来现金流构建新价值因子.pdf,20230729-国泰君安-学术纵横系列之五十：基于未来现金流构建新价值因子.pdf,20230729-国泰君安-学术纵横系列之五十：基于未来现金流构建新价值因子,pdf,1609690,2026-04-11T16:49:28.664890+00:00
371,国泰君安,国泰君安/20230821-国泰君安-学术纵横系列之五十一：防御型股票的特征.pdf,/mnt/research/研报/国泰君安/20230821-国泰君安-学术纵横系列之五十一：防御型股票的特征.pdf,reports/国泰君安/20230821-国泰君安-学术纵横系列之五十一：防御型股票的特征.pdf,20230821-国泰君安-学术纵横系列之五十一：防御型股票的特征.pdf,20230821-国泰君安-学术纵横系列之五十一：防御型股票的特征,pdf,1812955,2026-04-11T16:49:24.753890+00:00
372,国泰君安,国泰君安/20230925-国泰君安-学术纵横系列之五十二：日夜收益差的形成机制.pdf,/mnt/research/研报/国泰君安/20230925-国泰君安-学术纵横系列之五十二：日夜收益差的形成机制.pdf,reports/国泰君安/20230925-国泰君安-学术纵横系列之五十二：日夜收益差的形成机制.pdf,20230925-国泰君安-学术纵横系列之五十二：日夜收益差的形成机制.pdf,20230925-国泰君安-学术纵横系列之五十二：日夜收益差的形成机制,pdf,1390119,2026-04-11T16:49:20.451890+00:00
373,国泰君安,国泰君安/20240526-国泰君安-学术纵横系列之五十四：订单流数据特征挖掘的机器学习方法.pdf,/mnt/research/研报/国泰君安/20240526-国泰君安-学术纵横系列之五十四：订单流数据特征挖掘的机器学习方法.pdf,reports/国泰君安/20240526-国泰君安-学术纵横系列之五十四：订单流数据特征挖掘的机器学习方法.pdf,20240526-国泰君安-学术纵横系列之五十四：订单流数据特征挖掘的机器学习方法.pdf,20240526-国泰君安-学术纵横系列之五十四：订单流数据特征挖掘的机器学习方法,pdf,1570584,2026-04-11T16:49:17.609891+00:00
374,国泰君安,国泰君安/20240530-国泰君安-权益配置因子研究系列07：基于Barra CNE6的A股风险模型实践，股票协方差矩阵估计篇.pdf,/mnt/research/研报/国泰君安/20240530-国泰君安-权益配置因子研究系列07：基于Barra CNE6的A股风险模型实践，股票协方差矩阵估计篇.pdf,reports/国泰君安/20240530-国泰君安-权益配置因子研究系列07：基于Barra CNE6的A股风险模型实践，股票协方差矩阵估计篇.pdf,20240530-国泰君安-权益配置因子研究系列07：基于Barra CNE6的A股风险模型实践，股票协方差矩阵估计篇.pdf,20240530-国泰君安-权益配置因子研究系列07：基于Barra CNE6的A股风险模型实践，股票协方差矩阵估计篇,pdf,1532191,2026-04-11T16:49:14.724891+00:00
375,国泰君安,国泰君安/20240923-国泰君安-权益配置因子研究08：基于level 2行情的高频因子选股效果研究，快照数据篇.pdf,/mnt/research/研报/国泰君安/20240923-国泰君安-权益配置因子研究08：基于level 2行情的高频因子选股效果研究，快照数据篇.pdf,reports/国泰君安/20240923-国泰君安-权益配置因子研究08：基于level 2行情的高频因子选股效果研究，快照数据篇.pdf,20240923-国泰君安-权益配置因子研究08：基于level 2行情的高频因子选股效果研究，快照数据篇.pdf,20240923-国泰君安-权益配置因子研究08：基于level 2行情的高频因子选股效果研究，快照数据篇,pdf,7102763,2026-04-11T16:49:07.870891+00:00
376,国泰君安,国泰君安/P020101010466038759869.pdf,/mnt/research/研报/国泰君安/P020101010466038759869.pdf,reports/国泰君安/P020101010466038759869.pdf,P020101010466038759869.pdf,P020101010466038759869,pdf,306236,2026-04-11T16:48:49.570893+00:00
377,国泰君安,国泰君安/国泰君安_金融工程专题报告_成长趋势因子-财务数据中再掘金-数量化专题之五十五——刘富兵_陈奥林_20150401 .pdf,/mnt/research/研报/国泰君安/国泰君安_金融工程专题报告_成长趋势因子-财务数据中再掘金-数量化专题之五十五——刘富兵_陈奥林_20150401 .pdf,reports/国泰君安/国泰君安_金融工程专题报告_成长趋势因子-财务数据中再掘金-数量化专题之五十五——刘富兵_陈奥林_20150401 .pdf,国泰君安_金融工程专题报告_成长趋势因子-财务数据中再掘金-数量化专题之五十五——刘富兵_陈奥林_20150401 .pdf,国泰君安_金融工程专题报告_成长趋势因子-财务数据中再掘金-数量化专题之五十五——刘富兵_陈奥林_20150401 ,pdf,1686798,2026-04-11T16:48:48.864893+00:00
378,国泰君安,国泰君安/多因子选股模型之因子分析与筛选II——财务质量、价量和一致预期类指标.pdf,/mnt/research/研报/国泰君安/多因子选股模型之因子分析与筛选II——财务质量、价量和一致预期类指标.pdf,reports/国泰君安/多因子选股模型之因子分析与筛选II——财务质量、价量和一致预期类指标.pdf,多因子选股模型之因子分析与筛选II——财务质量、价量和一致预期类指标.pdf,多因子选股模型之因子分析与筛选II——财务质量、价量和一致预期类指标,pdf,2130560,2026-04-11T16:48:44.764893+00:00
379,国海证券,国海证券/20160724-国海证券-多因子模型系列报告之二：研究量化Alpha选股策略.pdf,/mnt/research/研报/国海证券/20160724-国海证券-多因子模型系列报告之二：研究量化Alpha选股策略.pdf,reports/国海证券/20160724-国海证券-多因子模型系列报告之二：研究量化Alpha选股策略.pdf,20160724-国海证券-多因子模型系列报告之二：研究量化Alpha选股策略.pdf,20160724-国海证券-多因子模型系列报告之二：研究量化Alpha选股策略,pdf,3033176,2026-04-11T16:48:38.345893+00:00
380,国盛证券,国盛证券/20190325-国盛证券-多因子系列之四：对价值因子的思考和改进.pdf,/mnt/research/研报/国盛证券/20190325-国盛证券-多因子系列之四：对价值因子的思考和改进.pdf,reports/国盛证券/20190325-国盛证券-多因子系列之四：对价值因子的思考和改进.pdf,20190325-国盛证券-多因子系列之四：对价值因子的思考和改进.pdf,20190325-国盛证券-多因子系列之四：对价值因子的思考和改进,pdf,2381726,2026-04-11T16:48:28.500894+00:00
381,国盛证券,国盛证券/20190509-国盛证券-多因子系列之五：使用预测数据改进财报月基本面因子.pdf,/mnt/research/研报/国盛证券/20190509-国盛证券-多因子系列之五：使用预测数据改进财报月基本面因子.pdf,reports/国盛证券/20190509-国盛证券-多因子系列之五：使用预测数据改进财报月基本面因子.pdf,20190509-国盛证券-多因子系列之五：使用预测数据改进财报月基本面因子.pdf,20190509-国盛证券-多因子系列之五：使用预测数据改进财报月基本面因子,pdf,2395864,2026-04-11T16:48:21.569894+00:00
382,国盛证券,国盛证券/20191018-国盛证券-量化专题报告：多因子系列之八，日间量价模型研究.pdf,/mnt/research/研报/国盛证券/20191018-国盛证券-量化专题报告：多因子系列之八，日间量价模型研究.pdf,reports/国盛证券/20191018-国盛证券-量化专题报告：多因子系列之八，日间量价模型研究.pdf,20191018-国盛证券-量化专题报告：多因子系列之八，日间量价模型研究.pdf,20191018-国盛证券-量化专题报告：多因子系列之八，日间量价模型研究,pdf,1510449,2026-04-11T16:48:14.647895+00:00
383,国盛证券,国盛证券/20220207-国盛证券-基本面量化系列研究之三：如何寻找当年的领涨行业？.pdf,/mnt/research/研报/国盛证券/20220207-国盛证券-基本面量化系列研究之三：如何寻找当年的领涨行业？.pdf,reports/国盛证券/20220207-国盛证券-基本面量化系列研究之三：如何寻找当年的领涨行业？.pdf,20220207-国盛证券-基本面量化系列研究之三：如何寻找当年的领涨行业？.pdf,20220207-国盛证券-基本面量化系列研究之三：如何寻找当年的领涨行业？,pdf,1259058,2026-04-11T16:48:10.530895+00:00
384,国盛证券,国盛证券/20220426-国盛证券-“量价淘金”选股因子系列研究（一）：基于对知情交易者信息优势的刻画，如何将隔夜涨跌变为有效的选股因子？.pdf,/mnt/research/研报/国盛证券/20220426-国盛证券-“量价淘金”选股因子系列研究（一）：基于对知情交易者信息优势的刻画，如何将隔夜涨跌变为有效的选股因子？.pdf,reports/国盛证券/20220426-国盛证券-“量价淘金”选股因子系列研究（一）：基于对知情交易者信息优势的刻画，如何将隔夜涨跌变为有效的选股因子？.pdf,20220426-国盛证券-“量价淘金”选股因子系列研究（一）：基于对知情交易者信息优势的刻画，如何将隔夜涨跌变为有效的选股因子？.pdf,20220426-国盛证券-“量价淘金”选股因子系列研究（一）：基于对知情交易者信息优势的刻画，如何将隔夜涨跌变为有效的选股因子？,pdf,2062032,2026-04-11T16:48:06.784895+00:00
385,国盛证券,国盛证券/20220628-国盛证券-“薪火”量化分析系列研究（一）：如何将隔夜涨跌变为有效的选股因子Q&A.pdf,/mnt/research/研报/国盛证券/20220628-国盛证券-“薪火”量化分析系列研究（一）：如何将隔夜涨跌变为有效的选股因子Q&A.pdf,reports/国盛证券/20220628-国盛证券-“薪火”量化分析系列研究（一）：如何将隔夜涨跌变为有效的选股因子Q&A.pdf,20220628-国盛证券-“薪火”量化分析系列研究（一）：如何将隔夜涨跌变为有效的选股因子Q&A.pdf,20220628-国盛证券-“薪火”量化分析系列研究（一）：如何将隔夜涨跌变为有效的选股因子Q&A,pdf,1349362,2026-04-11T16:48:01.441896+00:00
386,国盛证券,国盛证券/20221024-国盛证券-“量价淘金”选股因子系列研究（二）：不同交易者结构下的动量与反转.pdf,/mnt/research/研报/国盛证券/20221024-国盛证券-“量价淘金”选股因子系列研究（二）：不同交易者结构下的动量与反转.pdf,reports/国盛证券/20221024-国盛证券-“量价淘金”选股因子系列研究（二）：不同交易者结构下的动量与反转.pdf,20221024-国盛证券-“量价淘金”选股因子系列研究（二）：不同交易者结构下的动量与反转.pdf,20221024-国盛证券-“量价淘金”选股因子系列研究（二）：不同交易者结构下的动量与反转,pdf,1688332,2026-04-11T16:47:58.558896+00:00
387,国盛证券,国盛证券/20230306-国盛证券-量化专题报告：“量价淘金”选股因子系列研究（三），如何基于RSI技术指标构建有效的选股因子？.pdf,/mnt/research/研报/国盛证券/20230306-国盛证券-量化专题报告：“量价淘金”选股因子系列研究（三），如何基于RSI技术指标构建有效的选股因子？.pdf,reports/国盛证券/20230306-国盛证券-量化专题报告：“量价淘金”选股因子系列研究（三），如何基于RSI技术指标构建有效的选股因子？.pdf,20230306-国盛证券-量化专题报告：“量价淘金”选股因子系列研究（三），如何基于RSI技术指标构建有效的选股因子？.pdf,20230306-国盛证券-量化专题报告：“量价淘金”选股因子系列研究（三），如何基于RSI技术指标构建有效的选股因子？,pdf,1267504,2026-04-11T16:47:53.941896+00:00
388,国盛证券,国盛证券/20240313-国盛证券-基本面量化系列研究之二十九：保持“红利底仓+AI进攻”的均衡配置.pdf,/mnt/research/研报/国盛证券/20240313-国盛证券-基本面量化系列研究之二十九：保持“红利底仓+AI进攻”的均衡配置.pdf,reports/国盛证券/20240313-国盛证券-基本面量化系列研究之二十九：保持“红利底仓+AI进攻”的均衡配置.pdf,20240313-国盛证券-基本面量化系列研究之二十九：保持“红利底仓+AI进攻”的均衡配置.pdf,20240313-国盛证券-基本面量化系列研究之二十九：保持“红利底仓+AI进攻”的均衡配置,pdf,1831662,2026-04-11T16:47:50.383896+00:00
389,国盛证券,国盛证券/20240528-国盛证券-量化专题报告：“量价淘金”选股因子系列研究（五），基于趋势资金日内交易行为的选股因子.pdf,/mnt/research/研报/国盛证券/20240528-国盛证券-量化专题报告：“量价淘金”选股因子系列研究（五），基于趋势资金日内交易行为的选股因子.pdf,reports/国盛证券/20240528-国盛证券-量化专题报告：“量价淘金”选股因子系列研究（五），基于趋势资金日内交易行为的选股因子.pdf,20240528-国盛证券-量化专题报告：“量价淘金”选股因子系列研究（五），基于趋势资金日内交易行为的选股因子.pdf,20240528-国盛证券-量化专题报告：“量价淘金”选股因子系列研究（五），基于趋势资金日内交易行为的选股因子,pdf,990183,2026-04-11T16:47:45.684897+00:00
390,国联证券,国联证券/20211127-国联证券-周期内barra~CNE6的A股适用探析：规模和成长因子迎来春天.pdf,/mnt/research/研报/国联证券/20211127-国联证券-周期内barra~CNE6的A股适用探析：规模和成长因子迎来春天.pdf,reports/国联证券/20211127-国联证券-周期内barra~CNE6的A股适用探析：规模和成长因子迎来春天.pdf,20211127-国联证券-周期内barra~CNE6的A股适用探析：规模和成长因子迎来春天.pdf,20211127-国联证券-周期内barra~CNE6的A股适用探析：规模和成长因子迎来春天,pdf,2018259,2026-04-11T16:47:42.338897+00:00
391,国联证券,国联证券/20240128-国联证券-金融工程专题：基于遗传规划的对传统量价因子的优化思路.pdf,/mnt/research/研报/国联证券/20240128-国联证券-金融工程专题：基于遗传规划的对传统量价因子的优化思路.pdf,reports/国联证券/20240128-国联证券-金融工程专题：基于遗传规划的对传统量价因子的优化思路.pdf,20240128-国联证券-金融工程专题：基于遗传规划的对传统量价因子的优化思路.pdf,20240128-国联证券-金融工程专题：基于遗传规划的对传统量价因子的优化思路,pdf,1061524,2026-04-11T16:47:36.494897+00:00
392,国金证券,国金证券/20221118-国金证券-金融工程专题报告：Alpha掘金系列之二，基于高频快照数据的量价背离选股因子.pdf,/mnt/research/研报/国金证券/20221118-国金证券-金融工程专题报告：Alpha掘金系列之二，基于高频快照数据的量价背离选股因子.pdf,reports/国金证券/20221118-国金证券-金融工程专题报告：Alpha掘金系列之二，基于高频快照数据的量价背离选股因子.pdf,20221118-国金证券-金融工程专题报告：Alpha掘金系列之二，基于高频快照数据的量价背离选股因子.pdf,20221118-国金证券-金融工程专题报告：Alpha掘金系列之二，基于高频快照数据的量价背离选股因子,pdf,835465,2026-04-11T16:47:33.670897+00:00
393,国金证券,国金证券/20230202-国金证券-Alpha掘金系列之三：高频非线性选股因子的线性化与失效因子的动态纠正.pdf,/mnt/research/研报/国金证券/20230202-国金证券-Alpha掘金系列之三：高频非线性选股因子的线性化与失效因子的动态纠正.pdf,reports/国金证券/20230202-国金证券-Alpha掘金系列之三：高频非线性选股因子的线性化与失效因子的动态纠正.pdf,20230202-国金证券-Alpha掘金系列之三：高频非线性选股因子的线性化与失效因子的动态纠正.pdf,20230202-国金证券-Alpha掘金系列之三：高频非线性选股因子的线性化与失效因子的动态纠正,pdf,1144945,2026-04-11T16:47:30.542898+00:00
394,国金证券,国金证券/20230226-国金证券-主动量化研究之一：自主可控概念量化投资指南，择时、选股、选基.pdf,/mnt/research/研报/国金证券/20230226-国金证券-主动量化研究之一：自主可控概念量化投资指南，择时、选股、选基.pdf,reports/国金证券/20230226-国金证券-主动量化研究之一：自主可控概念量化投资指南，择时、选股、选基.pdf,20230226-国金证券-主动量化研究之一：自主可控概念量化投资指南，择时、选股、选基.pdf,20230226-国金证券-主动量化研究之一：自主可控概念量化投资指南，择时、选股、选基,pdf,1304386,2026-04-11T16:47:28.024898+00:00
395,国金证券,国金证券/20230227-国金证券-Alpha掘金系列之四：基于逐笔成交数据的遗憾规避因子.pdf,/mnt/research/研报/国金证券/20230227-国金证券-Alpha掘金系列之四：基于逐笔成交数据的遗憾规避因子.pdf,reports/国金证券/20230227-国金证券-Alpha掘金系列之四：基于逐笔成交数据的遗憾规避因子.pdf,20230227-国金证券-Alpha掘金系列之四：基于逐笔成交数据的遗憾规避因子.pdf,20230227-国金证券-Alpha掘金系列之四：基于逐笔成交数据的遗憾规避因子,pdf,1032519,2026-04-11T16:47:24.579898+00:00
396,国金证券,国金证券/20230404-国金证券-Alpha掘金系列之五：如何利用ChatGPT挖掘高频选股因子？.pdf,/mnt/research/研报/国金证券/20230404-国金证券-Alpha掘金系列之五：如何利用ChatGPT挖掘高频选股因子？.pdf,reports/国金证券/20230404-国金证券-Alpha掘金系列之五：如何利用ChatGPT挖掘高频选股因子？.pdf,20230404-国金证券-Alpha掘金系列之五：如何利用ChatGPT挖掘高频选股因子？.pdf,20230404-国金证券-Alpha掘金系列之五：如何利用ChatGPT挖掘高频选股因子？,pdf,1735823,2026-04-11T16:47:19.829898+00:00
397,国金证券,国金证券/20230626-国金证券-Alpha掘金系列之六：弹性与投资者耐心，基于高频订单簿的斜率凸性因子.pdf,/mnt/research/研报/国金证券/20230626-国金证券-Alpha掘金系列之六：弹性与投资者耐心，基于高频订单簿的斜率凸性因子.pdf,reports/国金证券/20230626-国金证券-Alpha掘金系列之六：弹性与投资者耐心，基于高频订单簿的斜率凸性因子.pdf,20230626-国金证券-Alpha掘金系列之六：弹性与投资者耐心，基于高频订单簿的斜率凸性因子.pdf,20230626-国金证券-Alpha掘金系列之六：弹性与投资者耐心，基于高频订单簿的斜率凸性因子,pdf,1008313,2026-04-11T16:47:15.581899+00:00
398,天风证券,天风证券/20170416-天风证券-量化择时及多因子跟踪周报.pdf,/mnt/research/研报/天风证券/20170416-天风证券-量化择时及多因子跟踪周报.pdf,reports/天风证券/20170416-天风证券-量化择时及多因子跟踪周报.pdf,20170416-天风证券-量化择时及多因子跟踪周报.pdf,20170416-天风证券-量化择时及多因子跟踪周报,pdf,650762,2026-04-11T16:47:12.112899+00:00
399,天风证券,天风证券/20170621-天风证券-因子的事件化研究.pdf,/mnt/research/研报/天风证券/20170621-天风证券-因子的事件化研究.pdf,reports/天风证券/20170621-天风证券-因子的事件化研究.pdf,20170621-天风证券-因子的事件化研究.pdf,20170621-天风证券-因子的事件化研究,pdf,1791323,2026-04-11T16:47:10.146899+00:00
400,天风证券,天风证券/20170815-天风证券-MHKQ因子择时模型在A股中的应用.pdf,/mnt/research/研报/天风证券/20170815-天风证券-MHKQ因子择时模型在A股中的应用.pdf,reports/天风证券/20170815-天风证券-MHKQ因子择时模型在A股中的应用.pdf,20170815-天风证券-MHKQ因子择时模型在A股中的应用.pdf,20170815-天风证券-MHKQ因子择时模型在A股中的应用,pdf,1680941,2026-04-11T16:47:03.710900+00:00
401,天风证券,天风证券/20190327-天风证券-金工专题报告：A股公司治理类因子解析.pdf,/mnt/research/研报/天风证券/20190327-天风证券-金工专题报告：A股公司治理类因子解析.pdf,reports/天风证券/20190327-天风证券-金工专题报告：A股公司治理类因子解析.pdf,20190327-天风证券-金工专题报告：A股公司治理类因子解析.pdf,20190327-天风证券-金工专题报告：A股公司治理类因子解析,pdf,3300129,2026-04-11T16:46:57.440900+00:00
402,天风证券,天风证券/20190905-天风证券-市场微观结构探析系列之二：订单簿上的alpha.pdf,/mnt/research/研报/天风证券/20190905-天风证券-市场微观结构探析系列之二：订单簿上的alpha.pdf,reports/天风证券/20190905-天风证券-市场微观结构探析系列之二：订单簿上的alpha.pdf,20190905-天风证券-市场微观结构探析系列之二：订单簿上的alpha.pdf,20190905-天风证券-市场微观结构探析系列之二：订单簿上的alpha,pdf,1313038,2026-04-11T16:46:46.683901+00:00
403,天风证券,天风证券/20190925-天风证券-金工专题报告：如何刻画因子对收益的真实预测效果.pdf,/mnt/research/研报/天风证券/20190925-天风证券-金工专题报告：如何刻画因子对收益的真实预测效果.pdf,reports/天风证券/20190925-天风证券-金工专题报告：如何刻画因子对收益的真实预测效果.pdf,20190925-天风证券-金工专题报告：如何刻画因子对收益的真实预测效果.pdf,20190925-天风证券-金工专题报告：如何刻画因子对收益的真实预测效果,pdf,4841560,2026-04-11T16:46:43.113901+00:00
404,天风证券,天风证券/20230506-天风证券-因子跟踪周报：bp、股东持股比例因子表现较好.pdf,/mnt/research/研报/天风证券/20230506-天风证券-因子跟踪周报：bp、股东持股比例因子表现较好.pdf,reports/天风证券/20230506-天风证券-因子跟踪周报：bp、股东持股比例因子表现较好.pdf,20230506-天风证券-因子跟踪周报：bp、股东持股比例因子表现较好.pdf,20230506-天风证券-因子跟踪周报：bp、股东持股比例因子表现较好,pdf,621709,2026-04-11T16:46:23.869902+00:00
405,太平洋证券,太平洋证券/20240218-太平洋证券-基于交易异常的广义反转因子.pdf,/mnt/research/研报/太平洋证券/20240218-太平洋证券-基于交易异常的广义反转因子.pdf,reports/太平洋证券/20240218-太平洋证券-基于交易异常的广义反转因子.pdf,20240218-太平洋证券-基于交易异常的广义反转因子.pdf,20240218-太平洋证券-基于交易异常的广义反转因子,pdf,3708021,2026-04-11T16:46:22.227902+00:00
406,安信证券,安信证券/20170416-安信证券-规模成长全线回撤，关注股息率和交易类因子.pdf,/mnt/research/研报/安信证券/20170416-安信证券-规模成长全线回撤，关注股息率和交易类因子.pdf,reports/安信证券/20170416-安信证券-规模成长全线回撤，关注股息率和交易类因子.pdf,20170416-安信证券-规模成长全线回撤，关注股息率和交易类因子.pdf,20170416-安信证券-规模成长全线回撤，关注股息率和交易类因子,pdf,404714,2026-04-11T16:46:08.019903+00:00
407,安信证券,安信证券/20170611-安信证券-规模因子迎来反弹窗口，短期反转因子表现可期.pdf,/mnt/research/研报/安信证券/20170611-安信证券-规模因子迎来反弹窗口，短期反转因子表现可期.pdf,reports/安信证券/20170611-安信证券-规模因子迎来反弹窗口，短期反转因子表现可期.pdf,20170611-安信证券-规模因子迎来反弹窗口，短期反转因子表现可期.pdf,20170611-安信证券-规模因子迎来反弹窗口，短期反转因子表现可期,pdf,794686,2026-04-11T16:46:06.525903+00:00
408,安信证券,安信证券/20180722-安信证券-美股SmartBeta产品巡礼之三：价质因子.pdf,/mnt/research/研报/安信证券/20180722-安信证券-美股SmartBeta产品巡礼之三：价质因子.pdf,reports/安信证券/20180722-安信证券-美股SmartBeta产品巡礼之三：价质因子.pdf,20180722-安信证券-美股SmartBeta产品巡礼之三：价质因子.pdf,20180722-安信证券-美股SmartBeta产品巡礼之三：价质因子,pdf,766093,2026-04-11T16:46:03.526903+00:00
409,山西证券,山西证券/20131104-山西证券-基于一致预期的超额预期量化选股模型.pdf,/mnt/research/研报/山西证券/20131104-山西证券-基于一致预期的超额预期量化选股模型.pdf,reports/山西证券/20131104-山西证券-基于一致预期的超额预期量化选股模型.pdf,20131104-山西证券-基于一致预期的超额预期量化选股模型.pdf,20131104-山西证券-基于一致预期的超额预期量化选股模型,pdf,284379,2026-04-11T16:46:00.925904+00:00
410,广发证券,广发证券/20121115-广发证券-基于情景分析的多因子Alpha策略：多因子Alpha系列报告之(十四).pdf,/mnt/research/研报/广发证券/20121115-广发证券-基于情景分析的多因子Alpha策略：多因子Alpha系列报告之(十四).pdf,reports/广发证券/20121115-广发证券-基于情景分析的多因子Alpha策略：多因子Alpha系列报告之(十四).pdf,20121115-广发证券-基于情景分析的多因子Alpha策略：多因子Alpha系列报告之(十四).pdf,20121115-广发证券-基于情景分析的多因子Alpha策略：多因子Alpha系列报告之(十四),pdf,1882410,2026-04-11T16:45:59.508904+00:00
411,广发证券,广发证券/20140729-广发证券-事件驱动策略之十三：多维视角下的一致预期选股策略.pdf,/mnt/research/研报/广发证券/20140729-广发证券-事件驱动策略之十三：多维视角下的一致预期选股策略.pdf,reports/广发证券/20140729-广发证券-事件驱动策略之十三：多维视角下的一致预期选股策略.pdf,20140729-广发证券-事件驱动策略之十三：多维视角下的一致预期选股策略.pdf,20140729-广发证券-事件驱动策略之十三：多维视角下的一致预期选股策略,pdf,1666750,2026-04-11T16:45:54.081904+00:00
412,广发证券,广发证券/20140902-广发证券-多因子Alpha系列报告之（二十一）：ALPHA因子何处寻觅，掘金海量技术指标.pdf,/mnt/research/研报/广发证券/20140902-广发证券-多因子Alpha系列报告之（二十一）：ALPHA因子何处寻觅，掘金海量技术指标.pdf,reports/广发证券/20140902-广发证券-多因子Alpha系列报告之（二十一）：ALPHA因子何处寻觅，掘金海量技术指标.pdf,20140902-广发证券-多因子Alpha系列报告之（二十一）：ALPHA因子何处寻觅，掘金海量技术指标.pdf,20140902-广发证券-多因子Alpha系列报告之（二十一）：ALPHA因子何处寻觅，掘金海量技术指标,pdf,1163114,2026-04-11T16:45:46.541904+00:00
413,广发证券,广发证券/20150408-广发证券-多因子ALPHA系列报告之（二十二）：一致预期指标构建及其在因子选股中的应用.pdf,/mnt/research/研报/广发证券/20150408-广发证券-多因子ALPHA系列报告之（二十二）：一致预期指标构建及其在因子选股中的应用.pdf,reports/广发证券/20150408-广发证券-多因子ALPHA系列报告之（二十二）：一致预期指标构建及其在因子选股中的应用.pdf,20150408-广发证券-多因子ALPHA系列报告之（二十二）：一致预期指标构建及其在因子选股中的应用.pdf,20150408-广发证券-多因子ALPHA系列报告之（二十二）：一致预期指标构建及其在因子选股中的应用,pdf,1684547,2026-04-11T16:45:43.292905+00:00
414,广发证券,广发证券/20150706-广发证券-多因子ALPHA系列报告之(二十四)：财报因子使用方法新探.pdf,/mnt/research/研报/广发证券/20150706-广发证券-多因子ALPHA系列报告之(二十四)：财报因子使用方法新探.pdf,reports/广发证券/20150706-广发证券-多因子ALPHA系列报告之(二十四)：财报因子使用方法新探.pdf,20150706-广发证券-多因子ALPHA系列报告之(二十四)：财报因子使用方法新探.pdf,20150706-广发证券-多因子ALPHA系列报告之(二十四)：财报因子使用方法新探,pdf,1878093,2026-04-11T16:45:37.763905+00:00
415,广发证券,广发证券/20160725-广发证券-多因子Alpha系列报告之二十八：基于因子及事件的智能替换策略.pdf,/mnt/research/研报/广发证券/20160725-广发证券-多因子Alpha系列报告之二十八：基于因子及事件的智能替换策略.pdf,reports/广发证券/20160725-广发证券-多因子Alpha系列报告之二十八：基于因子及事件的智能替换策略.pdf,20160725-广发证券-多因子Alpha系列报告之二十八：基于因子及事件的智能替换策略.pdf,20160725-广发证券-多因子Alpha系列报告之二十八：基于因子及事件的智能替换策略,pdf,1546247,2026-04-11T16:45:32.842906+00:00
416,广发证券,广发证券/20170330-广发证券-多因子Alpha系列报告之三十：个股配对思想在因子策略中的应用.pdf,/mnt/research/研报/广发证券/20170330-广发证券-多因子Alpha系列报告之三十：个股配对思想在因子策略中的应用.pdf,reports/广发证券/20170330-广发证券-多因子Alpha系列报告之三十：个股配对思想在因子策略中的应用.pdf,20170330-广发证券-多因子Alpha系列报告之三十：个股配对思想在因子策略中的应用.pdf,20170330-广发证券-多因子Alpha系列报告之三十：个股配对思想在因子策略中的应用,pdf,2051517,2026-04-11T16:45:28.983906+00:00
417,广发证券,广发证券/20170414-广发证券-大类资产配置体系：基于宏观因子~量化资产配置研究之四.pdf,/mnt/research/研报/广发证券/20170414-广发证券-大类资产配置体系：基于宏观因子~量化资产配置研究之四.pdf,reports/广发证券/20170414-广发证券-大类资产配置体系：基于宏观因子~量化资产配置研究之四.pdf,20170414-广发证券-大类资产配置体系：基于宏观因子~量化资产配置研究之四.pdf,20170414-广发证券-大类资产配置体系：基于宏观因子~量化资产配置研究之四,pdf,2130875,2026-04-11T16:45:24.698906+00:00
418,广发证券,广发证券/20170507-广发证券-行业轮动策略周报（2017年5月6日）：去杠杆冲击严重，因子极值继续领跑.pdf,/mnt/research/研报/广发证券/20170507-广发证券-行业轮动策略周报（2017年5月6日）：去杠杆冲击严重，因子极值继续领跑.pdf,reports/广发证券/20170507-广发证券-行业轮动策略周报（2017年5月6日）：去杠杆冲击严重，因子极值继续领跑.pdf,20170507-广发证券-行业轮动策略周报（2017年5月6日）：去杠杆冲击严重，因子极值继续领跑.pdf,20170507-广发证券-行业轮动策略周报（2017年5月6日）：去杠杆冲击严重，因子极值继续领跑,pdf,1392064,2026-04-11T16:45:19.541906+00:00
419,广发证券,广发证券/20170605-广发证券-交易性择时策略研究之十：德州扑克AI算法在量化择时不交易中的应用.pdf,/mnt/research/研报/广发证券/20170605-广发证券-交易性择时策略研究之十：德州扑克AI算法在量化择时不交易中的应用.pdf,reports/广发证券/20170605-广发证券-交易性择时策略研究之十：德州扑克AI算法在量化择时不交易中的应用.pdf,20170605-广发证券-交易性择时策略研究之十：德州扑克AI算法在量化择时不交易中的应用.pdf,20170605-广发证券-交易性择时策略研究之十：德州扑克AI算法在量化择时不交易中的应用,pdf,1795735,2026-04-11T16:45:15.893907+00:00
420,广发证券,广发证券/20170606-广发证券-深度学习新进展：ALPHA因子的再挖掘.pdf,/mnt/research/研报/广发证券/20170606-广发证券-深度学习新进展：ALPHA因子的再挖掘.pdf,reports/广发证券/20170606-广发证券-深度学习新进展：ALPHA因子的再挖掘.pdf,20170606-广发证券-深度学习新进展：ALPHA因子的再挖掘.pdf,20170606-广发证券-深度学习新进展：ALPHA因子的再挖掘,pdf,3795930,2026-04-11T16:45:12.026907+00:00
421,广发证券,广发证券/20170607-广发证券-港股通淘金~ALPHA因子何处寻？.pdf,/mnt/research/研报/广发证券/20170607-广发证券-港股通淘金~ALPHA因子何处寻？.pdf,reports/广发证券/20170607-广发证券-港股通淘金~ALPHA因子何处寻？.pdf,20170607-广发证券-港股通淘金~ALPHA因子何处寻？.pdf,20170607-广发证券-港股通淘金~ALPHA因子何处寻？,pdf,2280302,2026-04-11T16:45:02.530907+00:00
422,广发证券,广发证券/20170707-广发证券-行为金融因子研究之一：资本利得突出量CGO与风险偏好.pdf,/mnt/research/研报/广发证券/20170707-广发证券-行为金融因子研究之一：资本利得突出量CGO与风险偏好.pdf,reports/广发证券/20170707-广发证券-行为金融因子研究之一：资本利得突出量CGO与风险偏好.pdf,20170707-广发证券-行为金融因子研究之一：资本利得突出量CGO与风险偏好.pdf,20170707-广发证券-行为金融因子研究之一：资本利得突出量CGO与风险偏好,pdf,2163646,2026-04-11T16:44:53.766908+00:00
423,广发证券,广发证券/20170707-广发证券-量化港股策略研究之一：港股通淘金，Alpha因子何处寻.pdf,/mnt/research/研报/广发证券/20170707-广发证券-量化港股策略研究之一：港股通淘金，Alpha因子何处寻.pdf,reports/广发证券/20170707-广发证券-量化港股策略研究之一：港股通淘金，Alpha因子何处寻.pdf,20170707-广发证券-量化港股策略研究之一：港股通淘金，Alpha因子何处寻.pdf,20170707-广发证券-量化港股策略研究之一：港股通淘金，Alpha因子何处寻,pdf,2026685,2026-04-11T16:44:47.463908+00:00
424,广发证券,广发证券/20170820-广发证券-人工智能在量化投资领域的实践与展望.pdf,/mnt/research/研报/广发证券/20170820-广发证券-人工智能在量化投资领域的实践与展望.pdf,reports/广发证券/20170820-广发证券-人工智能在量化投资领域的实践与展望.pdf,20170820-广发证券-人工智能在量化投资领域的实践与展望.pdf,20170820-广发证券-人工智能在量化投资领域的实践与展望,pdf,4338533,2026-04-11T16:44:41.519909+00:00
425,广发证券,广发证券/20180130-广发证券-行为金融因子研究之三：结合凸显理论的选股研究.pdf,/mnt/research/研报/广发证券/20180130-广发证券-行为金融因子研究之三：结合凸显理论的选股研究.pdf,reports/广发证券/20180130-广发证券-行为金融因子研究之三：结合凸显理论的选股研究.pdf,20180130-广发证券-行为金融因子研究之三：结合凸显理论的选股研究.pdf,20180130-广发证券-行为金融因子研究之三：结合凸显理论的选股研究,pdf,1590617,2026-04-11T16:44:26.285910+00:00
426,广发证券,广发证券/20180426-广发证券-多因子Alpha系列报告之（三十六）：机器学习多因子动态调仓策略.pdf,/mnt/research/研报/广发证券/20180426-广发证券-多因子Alpha系列报告之（三十六）：机器学习多因子动态调仓策略.pdf,reports/广发证券/20180426-广发证券-多因子Alpha系列报告之（三十六）：机器学习多因子动态调仓策略.pdf,20180426-广发证券-多因子Alpha系列报告之（三十六）：机器学习多因子动态调仓策略.pdf,20180426-广发证券-多因子Alpha系列报告之（三十六）：机器学习多因子动态调仓策略,pdf,1811738,2026-04-11T16:44:21.757910+00:00
427,广发证券,广发证券/20180705-广发证券-多因子Alpha系列报告之（三十七）：探寻资金流背后的风格轮动规律.pdf,/mnt/research/研报/广发证券/20180705-广发证券-多因子Alpha系列报告之（三十七）：探寻资金流背后的风格轮动规律.pdf,reports/广发证券/20180705-广发证券-多因子Alpha系列报告之（三十七）：探寻资金流背后的风格轮动规律.pdf,20180705-广发证券-多因子Alpha系列报告之（三十七）：探寻资金流背后的风格轮动规律.pdf,20180705-广发证券-多因子Alpha系列报告之（三十七）：探寻资金流背后的风格轮动规律,pdf,1838994,2026-04-11T16:44:16.635911+00:00
428,广发证券,广发证券/20180730-广发证券-金融工程专题产品创新专题报告系列之二十一：高相关性因子与其Smart_Beta指数构建.pdf,/mnt/research/研报/广发证券/20180730-广发证券-金融工程专题产品创新专题报告系列之二十一：高相关性因子与其Smart_Beta指数构建.pdf,reports/广发证券/20180730-广发证券-金融工程专题产品创新专题报告系列之二十一：高相关性因子与其Smart_Beta指数构建.pdf,20180730-广发证券-金融工程专题产品创新专题报告系列之二十一：高相关性因子与其Smart_Beta指数构建.pdf,20180730-广发证券-金融工程专题产品创新专题报告系列之二十一：高相关性因子与其Smart_Beta指数构建,pdf,1625580,2026-04-11T16:44:12.822911+00:00
429,广发证券,广发证券/20190108-广发证券-多因子Alpha系列报告之（三十八）：从个股分化看风格轮动.pdf,/mnt/research/研报/广发证券/20190108-广发证券-多因子Alpha系列报告之（三十八）：从个股分化看风格轮动.pdf,reports/广发证券/20190108-广发证券-多因子Alpha系列报告之（三十八）：从个股分化看风格轮动.pdf,20190108-广发证券-多因子Alpha系列报告之（三十八）：从个股分化看风格轮动.pdf,20190108-广发证券-多因子Alpha系列报告之（三十八）：从个股分化看风格轮动,pdf,1477654,2026-04-11T16:44:08.033911+00:00
430,广发证券,广发证券/20190307-广发证券-行为金融因子研究之四：基于V型处置效应的选股策略研究.pdf,/mnt/research/研报/广发证券/20190307-广发证券-行为金融因子研究之四：基于V型处置效应的选股策略研究.pdf,reports/广发证券/20190307-广发证券-行为金融因子研究之四：基于V型处置效应的选股策略研究.pdf,20190307-广发证券-行为金融因子研究之四：基于V型处置效应的选股策略研究.pdf,20190307-广发证券-行为金融因子研究之四：基于V型处置效应的选股策略研究,pdf,3925799,2026-04-11T16:44:04.530911+00:00
431,广发证券,广发证券/20190409-财通证券-“拾穗”多因子系列报告（第8期）：非线性规模因子：A股市场存在中市值效应吗？.pdf,/mnt/research/研报/广发证券/20190409-财通证券-“拾穗”多因子系列报告（第8期）：非线性规模因子：A股市场存在中市值效应吗？.pdf,reports/广发证券/20190409-财通证券-“拾穗”多因子系列报告（第8期）：非线性规模因子：A股市场存在中市值效应吗？.pdf,20190409-财通证券-“拾穗”多因子系列报告（第8期）：非线性规模因子：A股市场存在中市值效应吗？.pdf,20190409-财通证券-“拾穗”多因子系列报告（第8期）：非线性规模因子：A股市场存在中市值效应吗？,pdf,2477850,2026-04-11T16:43:55.326912+00:00
432,广发证券,广发证券/20190506-广发证券-高频数据因子研究系列一：基于日内高频数据的短周期选股因子研究.pdf,/mnt/research/研报/广发证券/20190506-广发证券-高频数据因子研究系列一：基于日内高频数据的短周期选股因子研究.pdf,reports/广发证券/20190506-广发证券-高频数据因子研究系列一：基于日内高频数据的短周期选股因子研究.pdf,20190506-广发证券-高频数据因子研究系列一：基于日内高频数据的短周期选股因子研究.pdf,20190506-广发证券-高频数据因子研究系列一：基于日内高频数据的短周期选股因子研究,pdf,3018924,2026-04-11T16:43:50.397912+00:00
433,广发证券,广发证券/20190510-广发证券-行为金融因子研究之五：情绪Beta因子在选股中的应用.pdf,/mnt/research/研报/广发证券/20190510-广发证券-行为金融因子研究之五：情绪Beta因子在选股中的应用.pdf,reports/广发证券/20190510-广发证券-行为金融因子研究之五：情绪Beta因子在选股中的应用.pdf,20190510-广发证券-行为金融因子研究之五：情绪Beta因子在选股中的应用.pdf,20190510-广发证券-行为金融因子研究之五：情绪Beta因子在选股中的应用,pdf,2821815,2026-04-11T16:43:43.320913+00:00
434,广发证券,广发证券/20190815-广发证券-高频数据因子研究系列二：基于日内高频数据的短周期选股因子研究.pdf,/mnt/research/研报/广发证券/20190815-广发证券-高频数据因子研究系列二：基于日内高频数据的短周期选股因子研究.pdf,reports/广发证券/20190815-广发证券-高频数据因子研究系列二：基于日内高频数据的短周期选股因子研究.pdf,20190815-广发证券-高频数据因子研究系列二：基于日内高频数据的短周期选股因子研究.pdf,20190815-广发证券-高频数据因子研究系列二：基于日内高频数据的短周期选股因子研究,pdf,2767097,2026-04-11T16:43:36.906913+00:00
435,广发证券,广发证券/20200505-广发证券-高频数据因子研究系列三：基于个股羊群效应的选股因子研究.pdf,/mnt/research/研报/广发证券/20200505-广发证券-高频数据因子研究系列三：基于个股羊群效应的选股因子研究.pdf,reports/广发证券/20200505-广发证券-高频数据因子研究系列三：基于个股羊群效应的选股因子研究.pdf,20200505-广发证券-高频数据因子研究系列三：基于个股羊群效应的选股因子研究.pdf,20200505-广发证券-高频数据因子研究系列三：基于个股羊群效应的选股因子研究,pdf,2614236,2026-04-11T16:43:30.951913+00:00
436,广发证券,广发证券/★★★★广发证券-投资策略-探寻西蒙斯投资之道：基于HMM模型的周择时策略研究-罗军.pdf.pdf,/mnt/research/研报/广发证券/★★★★广发证券-投资策略-探寻西蒙斯投资之道：基于HMM模型的周择时策略研究-罗军.pdf.pdf,reports/广发证券/★★★★广发证券-投资策略-探寻西蒙斯投资之道：基于HMM模型的周择时策略研究-罗军.pdf.pdf,★★★★广发证券-投资策略-探寻西蒙斯投资之道：基于HMM模型的周择时策略研究-罗军.pdf.pdf,★★★★广发证券-投资策略-探寻西蒙斯投资之道：基于HMM模型的周择时策略研究-罗军.pdf,pdf,386149,2026-04-11T16:43:24.780914+00:00
437,广发证券,广发证券/【批量下载】再探西蒙斯投资之道：基于隐马尔科夫模型的选股策略研究等.zip,/mnt/research/研报/广发证券/【批量下载】再探西蒙斯投资之道：基于隐马尔科夫模型的选股策略研究等.zip,reports/广发证券/【批量下载】再探西蒙斯投资之道：基于隐马尔科夫模型的选股策略研究等.zip,【批量下载】再探西蒙斯投资之道：基于隐马尔科夫模型的选股策略研究等.zip,【批量下载】再探西蒙斯投资之道：基于隐马尔科夫模型的选股策略研究等,zip,48439692,2026-04-11T16:43:24.069914+00:00
438,广发证券,广发证券/大数据深度学习系列之二：深度学习算法掘金ALPHA因子.pdf,/mnt/research/研报/广发证券/大数据深度学习系列之二：深度学习算法掘金ALPHA因子.pdf,reports/广发证券/大数据深度学习系列之二：深度学习算法掘金ALPHA因子.pdf,大数据深度学习系列之二：深度学习算法掘金ALPHA因子.pdf,大数据深度学习系列之二：深度学习算法掘金ALPHA因子,pdf,1422824,2026-04-11T16:41:12.311923+00:00
439,开源证券,开源证券/20191228-开源证券-市场微观结构研究系列（2）：交易行为因子的2019年.pdf,/mnt/research/研报/开源证券/20191228-开源证券-市场微观结构研究系列（2）：交易行为因子的2019年.pdf,reports/开源证券/20191228-开源证券-市场微观结构研究系列（2）：交易行为因子的2019年.pdf,20191228-开源证券-市场微观结构研究系列（2）：交易行为因子的2019年.pdf,20191228-开源证券-市场微观结构研究系列（2）：交易行为因子的2019年,pdf,671259,2026-04-11T16:41:09.606923+00:00
440,开源证券,开源证券/20200209-开源证券-市场微观结构研究系列（3）：聪明钱因子模型的2.0版本.pdf,/mnt/research/研报/开源证券/20200209-开源证券-市场微观结构研究系列（3）：聪明钱因子模型的2.0版本.pdf,reports/开源证券/20200209-开源证券-市场微观结构研究系列（3）：聪明钱因子模型的2.0版本.pdf,20200209-开源证券-市场微观结构研究系列（3）：聪明钱因子模型的2.0版本.pdf,20200209-开源证券-市场微观结构研究系列（3）：聪明钱因子模型的2.0版本,pdf,1166708,2026-04-11T16:41:08.209923+00:00
441,开源证券,开源证券/20201015-开源证券-开源量化评论（9）：长端动量因子与基本面更兼容.pdf,/mnt/research/研报/开源证券/20201015-开源证券-开源量化评论（9）：长端动量因子与基本面更兼容.pdf,reports/开源证券/20201015-开源证券-开源量化评论（9）：长端动量因子与基本面更兼容.pdf,20201015-开源证券-开源量化评论（9）：长端动量因子与基本面更兼容.pdf,20201015-开源证券-开源量化评论（9）：长端动量因子与基本面更兼容,pdf,1070043,2026-04-11T16:41:06.111923+00:00
442,开源证券,开源证券/20210924-开源证券-开源量化评论（36）：独家量价因子的高频测试.pdf,/mnt/research/研报/开源证券/20210924-开源证券-开源量化评论（36）：独家量价因子的高频测试.pdf,reports/开源证券/20210924-开源证券-开源量化评论（36）：独家量价因子的高频测试.pdf,20210924-开源证券-开源量化评论（36）：独家量价因子的高频测试.pdf,20210924-开源证券-开源量化评论（36）：独家量价因子的高频测试,pdf,948297,2026-04-11T16:41:04.058923+00:00
443,开源证券,开源证券/20220502-开源证券-市场微观结构研究系列（13）：理想反转因子的4年总结，依旧理想.pdf,/mnt/research/研报/开源证券/20220502-开源证券-市场微观结构研究系列（13）：理想反转因子的4年总结，依旧理想.pdf,reports/开源证券/20220502-开源证券-市场微观结构研究系列（13）：理想反转因子的4年总结，依旧理想.pdf,20220502-开源证券-市场微观结构研究系列（13）：理想反转因子的4年总结，依旧理想.pdf,20220502-开源证券-市场微观结构研究系列（13）：理想反转因子的4年总结，依旧理想,pdf,1652761,2026-04-11T16:41:02.401923+00:00
444,开源证券,开源证券/20220602-开源证券-市场微观结构研究系列（14）：新型因子，资金流动力学与散户羊群效应.pdf,/mnt/research/研报/开源证券/20220602-开源证券-市场微观结构研究系列（14）：新型因子，资金流动力学与散户羊群效应.pdf,reports/开源证券/20220602-开源证券-市场微观结构研究系列（14）：新型因子，资金流动力学与散户羊群效应.pdf,20220602-开源证券-市场微观结构研究系列（14）：新型因子，资金流动力学与散户羊群效应.pdf,20220602-开源证券-市场微观结构研究系列（14）：新型因子，资金流动力学与散户羊群效应,pdf,1397159,2026-04-11T16:40:59.457923+00:00
445,开源证券,开源证券/20220904-开源证券-市场微观结构研究系列（16）：大小单重定标与资金流因子改进.pdf,/mnt/research/研报/开源证券/20220904-开源证券-市场微观结构研究系列（16）：大小单重定标与资金流因子改进.pdf,reports/开源证券/20220904-开源证券-市场微观结构研究系列（16）：大小单重定标与资金流因子改进.pdf,20220904-开源证券-市场微观结构研究系列（16）：大小单重定标与资金流因子改进.pdf,20220904-开源证券-市场微观结构研究系列（16）：大小单重定标与资金流因子改进,pdf,2443174,2026-04-11T16:40:56.880924+00:00
446,开源证券,开源证券/20221126-开源证券-开源量化评论（67）：长端动量2.0，长期、低换手、多头显著的量价因子.pdf,/mnt/research/研报/开源证券/20221126-开源证券-开源量化评论（67）：长端动量2.0，长期、低换手、多头显著的量价因子.pdf,reports/开源证券/20221126-开源证券-开源量化评论（67）：长端动量2.0，长期、低换手、多头显著的量价因子.pdf,20221126-开源证券-开源量化评论（67）：长端动量2.0，长期、低换手、多头显著的量价因子.pdf,20221126-开源证券-开源量化评论（67）：长端动量2.0，长期、低换手、多头显著的量价因子,pdf,2205250,2026-04-11T16:40:52.415924+00:00
447,开源证券,开源证券/20221203-开源证券-市场微观结构研究系列（17）：日内极端收益前后的反转特性与因子构建.pdf,/mnt/research/研报/开源证券/20221203-开源证券-市场微观结构研究系列（17）：日内极端收益前后的反转特性与因子构建.pdf,reports/开源证券/20221203-开源证券-市场微观结构研究系列（17）：日内极端收益前后的反转特性与因子构建.pdf,20221203-开源证券-市场微观结构研究系列（17）：日内极端收益前后的反转特性与因子构建.pdf,20221203-开源证券-市场微观结构研究系列（17）：日内极端收益前后的反转特性与因子构建,pdf,1431463,2026-04-11T16:40:48.450924+00:00
448,开源证券,开源证券/20221225-开源证券-市场微观结构研究系列（19）：日内分钟收益率的时序特征，逻辑讨论与因子增强.pdf,/mnt/research/研报/开源证券/20221225-开源证券-市场微观结构研究系列（19）：日内分钟收益率的时序特征，逻辑讨论与因子增强.pdf,reports/开源证券/20221225-开源证券-市场微观结构研究系列（19）：日内分钟收益率的时序特征，逻辑讨论与因子增强.pdf,20221225-开源证券-市场微观结构研究系列（19）：日内分钟收益率的时序特征，逻辑讨论与因子增强.pdf,20221225-开源证券-市场微观结构研究系列（19）：日内分钟收益率的时序特征，逻辑讨论与因子增强,pdf,2637609,2026-04-11T16:40:44.600924+00:00
449,开源证券,开源证券/20221227-开源证券-开源量化评论（69）：机构行为alpha的细分结构，龙虎榜、机构调研、大宗交易.pdf,/mnt/research/研报/开源证券/20221227-开源证券-开源量化评论（69）：机构行为alpha的细分结构，龙虎榜、机构调研、大宗交易.pdf,reports/开源证券/20221227-开源证券-开源量化评论（69）：机构行为alpha的细分结构，龙虎榜、机构调研、大宗交易.pdf,20221227-开源证券-开源量化评论（69）：机构行为alpha的细分结构，龙虎榜、机构调研、大宗交易.pdf,20221227-开源证券-开源量化评论（69）：机构行为alpha的细分结构，龙虎榜、机构调研、大宗交易,pdf,1855314,2026-04-11T16:40:36.049925+00:00
450,开源证券,开源证券/20230618-开源证券-量化评论（76）：股东户数因子的深挖和改进.pdf,/mnt/research/研报/开源证券/20230618-开源证券-量化评论（76）：股东户数因子的深挖和改进.pdf,reports/开源证券/20230618-开源证券-量化评论（76）：股东户数因子的深挖和改进.pdf,20230618-开源证券-量化评论（76）：股东户数因子的深挖和改进.pdf,20230618-开源证券-量化评论（76）：股东户数因子的深挖和改进,pdf,1032685,2026-04-11T16:40:31.219925+00:00
451,开源证券,开源证券/20230919-开源证券-市场微观结构研究系列（21）：订单流系列，关于市场微观结构变迁的故事.pdf,/mnt/research/研报/开源证券/20230919-开源证券-市场微观结构研究系列（21）：订单流系列，关于市场微观结构变迁的故事.pdf,reports/开源证券/20230919-开源证券-市场微观结构研究系列（21）：订单流系列，关于市场微观结构变迁的故事.pdf,20230919-开源证券-市场微观结构研究系列（21）：订单流系列，关于市场微观结构变迁的故事.pdf,20230919-开源证券-市场微观结构研究系列（21）：订单流系列，关于市场微观结构变迁的故事,pdf,3510554,2026-04-11T16:40:28.750925+00:00
452,德邦证券,德邦证券/20210917-德邦证券-德邦金工文献精译第一期：机器学习因子，在线性因子模型中捕获非线性.pdf,/mnt/research/研报/德邦证券/20210917-德邦证券-德邦金工文献精译第一期：机器学习因子，在线性因子模型中捕获非线性.pdf,reports/德邦证券/20210917-德邦证券-德邦金工文献精译第一期：机器学习因子，在线性因子模型中捕获非线性.pdf,20210917-德邦证券-德邦金工文献精译第一期：机器学习因子，在线性因子模型中捕获非线性.pdf,20210917-德邦证券-德邦金工文献精译第一期：机器学习因子，在线性因子模型中捕获非线性,pdf,1777058,2026-04-11T16:40:20.454926+00:00
453,德邦证券,德邦证券/20211124-德邦证券-金工机器学习专题之二：机器学习残差因子表现归因.pdf,/mnt/research/研报/德邦证券/20211124-德邦证券-金工机器学习专题之二：机器学习残差因子表现归因.pdf,reports/德邦证券/20211124-德邦证券-金工机器学习专题之二：机器学习残差因子表现归因.pdf,20211124-德邦证券-金工机器学习专题之二：机器学习残差因子表现归因.pdf,20211124-德邦证券-金工机器学习专题之二：机器学习残差因子表现归因,pdf,1834397,2026-04-11T16:40:16.509926+00:00
454,德邦证券,德邦证券/20220125-德邦证券-德邦金工机器学习专题之三：基于财务与风格因子的机器学习选股.pdf,/mnt/research/研报/德邦证券/20220125-德邦证券-德邦金工机器学习专题之三：基于财务与风格因子的机器学习选股.pdf,reports/德邦证券/20220125-德邦证券-德邦金工机器学习专题之三：基于财务与风格因子的机器学习选股.pdf,20220125-德邦证券-德邦金工机器学习专题之三：基于财务与风格因子的机器学习选股.pdf,20220125-德邦证券-德邦金工机器学习专题之三：基于财务与风格因子的机器学习选股,pdf,2572118,2026-04-11T16:40:12.263927+00:00
455,德邦证券,德邦证券/20220309-德邦证券-德邦金工机器学习专题之四：动态因子筛选.pdf,/mnt/research/研报/德邦证券/20220309-德邦证券-德邦金工机器学习专题之四：动态因子筛选.pdf,reports/德邦证券/20220309-德邦证券-德邦金工机器学习专题之四：动态因子筛选.pdf,20220309-德邦证券-德邦金工机器学习专题之四：动态因子筛选.pdf,20220309-德邦证券-德邦金工机器学习专题之四：动态因子筛选,pdf,1979664,2026-04-11T16:40:05.625927+00:00
456,招商证券,招商证券/20110801-招商证券-量化选股因子测试系列报告之五：基于股票风格特征的量化评分模型.pdf,/mnt/research/研报/招商证券/20110801-招商证券-量化选股因子测试系列报告之五：基于股票风格特征的量化评分模型.pdf,reports/招商证券/20110801-招商证券-量化选股因子测试系列报告之五：基于股票风格特征的量化评分模型.pdf,20110801-招商证券-量化选股因子测试系列报告之五：基于股票风格特征的量化评分模型.pdf,20110801-招商证券-量化选股因子测试系列报告之五：基于股票风格特征的量化评分模型,pdf,1359010,2026-04-11T16:40:00.610927+00:00
457,招商证券,招商证券/20140411-招商证券-量化选股系列报告之六：基于纯技术指标的多因子选股模型.pdf,/mnt/research/研报/招商证券/20140411-招商证券-量化选股系列报告之六：基于纯技术指标的多因子选股模型.pdf,reports/招商证券/20140411-招商证券-量化选股系列报告之六：基于纯技术指标的多因子选股模型.pdf,20140411-招商证券-量化选股系列报告之六：基于纯技术指标的多因子选股模型.pdf,20140411-招商证券-量化选股系列报告之六：基于纯技术指标的多因子选股模型,pdf,905305,2026-04-11T16:39:57.685927+00:00
458,招商证券,招商证券/20160918-招商证券-银行业深度报告：风险资产全收益系列报告二，1H16行业整体向好，招行独占鳌头.pdf,/mnt/research/研报/招商证券/20160918-招商证券-银行业深度报告：风险资产全收益系列报告二，1H16行业整体向好，招行独占鳌头.pdf,reports/招商证券/20160918-招商证券-银行业深度报告：风险资产全收益系列报告二，1H16行业整体向好，招行独占鳌头.pdf,20160918-招商证券-银行业深度报告：风险资产全收益系列报告二，1H16行业整体向好，招行独占鳌头.pdf,20160918-招商证券-银行业深度报告：风险资产全收益系列报告二，1H16行业整体向好，招行独占鳌头,pdf,1548655,2026-04-11T16:39:55.998928+00:00
459,招商证券,招商证券/20170217-招商证券-A股市场流动性监测周报：资金预期指标明显下行，流动性指标微降.pdf,/mnt/research/研报/招商证券/20170217-招商证券-A股市场流动性监测周报：资金预期指标明显下行，流动性指标微降.pdf,reports/招商证券/20170217-招商证券-A股市场流动性监测周报：资金预期指标明显下行，流动性指标微降.pdf,20170217-招商证券-A股市场流动性监测周报：资金预期指标明显下行，流动性指标微降.pdf,20170217-招商证券-A股市场流动性监测周报：资金预期指标明显下行，流动性指标微降,pdf,684544,2026-04-11T16:39:53.412928+00:00
460,招商证券,招商证券/20171017-招商证券-因子模型系列1：基于增量信息逐层解释的因子模型框架搭建.pdf,/mnt/research/研报/招商证券/20171017-招商证券-因子模型系列1：基于增量信息逐层解释的因子模型框架搭建.pdf,reports/招商证券/20171017-招商证券-因子模型系列1：基于增量信息逐层解释的因子模型框架搭建.pdf,20171017-招商证券-因子模型系列1：基于增量信息逐层解释的因子模型框架搭建.pdf,20171017-招商证券-因子模型系列1：基于增量信息逐层解释的因子模型框架搭建,pdf,1494405,2026-04-11T16:39:52.268928+00:00
461,招商证券,招商证券/20171231-招商证券-因子模型系列二：市值类因子有效性剖析.pdf,/mnt/research/研报/招商证券/20171231-招商证券-因子模型系列二：市值类因子有效性剖析.pdf,reports/招商证券/20171231-招商证券-因子模型系列二：市值类因子有效性剖析.pdf,20171231-招商证券-因子模型系列二：市值类因子有效性剖析.pdf,20171231-招商证券-因子模型系列二：市值类因子有效性剖析,pdf,3662086,2026-04-11T16:39:48.729928+00:00
462,招商证券,招商证券/20180128-招商证券-因子模型系列三：盈利类单因子有效性考察.pdf,/mnt/research/研报/招商证券/20180128-招商证券-因子模型系列三：盈利类单因子有效性考察.pdf,reports/招商证券/20180128-招商证券-因子模型系列三：盈利类单因子有效性考察.pdf,20180128-招商证券-因子模型系列三：盈利类单因子有效性考察.pdf,20180128-招商证券-因子模型系列三：盈利类单因子有效性考察,pdf,8456969,2026-04-11T16:39:41.873929+00:00
463,招商证券,招商证券/20180128-招商证券-因子模型系列之三：盈利类单因子有效性考察.pdf,/mnt/research/研报/招商证券/20180128-招商证券-因子模型系列之三：盈利类单因子有效性考察.pdf,reports/招商证券/20180128-招商证券-因子模型系列之三：盈利类单因子有效性考察.pdf,20180128-招商证券-因子模型系列之三：盈利类单因子有效性考察.pdf,20180128-招商证券-因子模型系列之三：盈利类单因子有效性考察,pdf,8961681,2026-04-11T16:39:17.930930+00:00
464,招商证券,招商证券/20180128-招商证券-因子模型系列之五：财务杠杆类与流动性类单因子有效性考察.pdf,/mnt/research/研报/招商证券/20180128-招商证券-因子模型系列之五：财务杠杆类与流动性类单因子有效性考察.pdf,reports/招商证券/20180128-招商证券-因子模型系列之五：财务杠杆类与流动性类单因子有效性考察.pdf,20180128-招商证券-因子模型系列之五：财务杠杆类与流动性类单因子有效性考察.pdf,20180128-招商证券-因子模型系列之五：财务杠杆类与流动性类单因子有效性考察,pdf,5435470,2026-04-11T16:38:56.950932+00:00
465,招商证券,招商证券/20180202-招商证券-因子模型系列之九：技术指标类单因子有效性考察.pdf,/mnt/research/研报/招商证券/20180202-招商证券-因子模型系列之九：技术指标类单因子有效性考察.pdf,reports/招商证券/20180202-招商证券-因子模型系列之九：技术指标类单因子有效性考察.pdf,20180202-招商证券-因子模型系列之九：技术指标类单因子有效性考察.pdf,20180202-招商证券-因子模型系列之九：技术指标类单因子有效性考察,pdf,9243679,2026-04-11T16:38:46.450932+00:00
466,招商证券,招商证券/20180202-招商证券-因子模型系列之八：波动类因子单因子有效性考察.pdf,/mnt/research/研报/招商证券/20180202-招商证券-因子模型系列之八：波动类因子单因子有效性考察.pdf,reports/招商证券/20180202-招商证券-因子模型系列之八：波动类因子单因子有效性考察.pdf,20180202-招商证券-因子模型系列之八：波动类因子单因子有效性考察.pdf,20180202-招商证券-因子模型系列之八：波动类因子单因子有效性考察,pdf,7141696,2026-04-11T16:38:27.230933+00:00
467,招商证券,招商证券/20190110-招商证券-因子模型系列之十二：利用XGBoost预测规模因子收益方向.pdf,/mnt/research/研报/招商证券/20190110-招商证券-因子模型系列之十二：利用XGBoost预测规模因子收益方向.pdf,reports/招商证券/20190110-招商证券-因子模型系列之十二：利用XGBoost预测规模因子收益方向.pdf,20190110-招商证券-因子模型系列之十二：利用XGBoost预测规模因子收益方向.pdf,20190110-招商证券-因子模型系列之十二：利用XGBoost预测规模因子收益方向,pdf,1881530,2026-04-11T16:38:09.895935+00:00
468,招商证券,招商证券/20191211-招商证券-“青出于蓝”系列研究之二：基于HP滤波的改进价值因子研究.pdf,/mnt/research/研报/招商证券/20191211-招商证券-“青出于蓝”系列研究之二：基于HP滤波的改进价值因子研究.pdf,reports/招商证券/20191211-招商证券-“青出于蓝”系列研究之二：基于HP滤波的改进价值因子研究.pdf,20191211-招商证券-“青出于蓝”系列研究之二：基于HP滤波的改进价值因子研究.pdf,20191211-招商证券-“青出于蓝”系列研究之二：基于HP滤波的改进价值因子研究,pdf,1330817,2026-04-11T16:38:06.093935+00:00
469,招商证券,招商证券/20210107-招商证券-“高频寻踪”系列之二：轻装上阵，高频数据因子的应用.pdf,/mnt/research/研报/招商证券/20210107-招商证券-“高频寻踪”系列之二：轻装上阵，高频数据因子的应用.pdf,reports/招商证券/20210107-招商证券-“高频寻踪”系列之二：轻装上阵，高频数据因子的应用.pdf,20210107-招商证券-“高频寻踪”系列之二：轻装上阵，高频数据因子的应用.pdf,20210107-招商证券-“高频寻踪”系列之二：轻装上阵，高频数据因子的应用,pdf,3030534,2026-04-11T16:38:03.410935+00:00
470,招商证券,招商证券/20210524-招商证券-因子周报：价值大幅回撤，盈利质量因子集体强势.pdf,/mnt/research/研报/招商证券/20210524-招商证券-因子周报：价值大幅回撤，盈利质量因子集体强势.pdf,reports/招商证券/20210524-招商证券-因子周报：价值大幅回撤，盈利质量因子集体强势.pdf,20210524-招商证券-因子周报：价值大幅回撤，盈利质量因子集体强势.pdf,20210524-招商证券-因子周报：价值大幅回撤，盈利质量因子集体强势,pdf,665520,2026-04-11T16:37:57.705935+00:00
471,招商证券,招商证券/20221214-招商证券-“青出于蓝”系列研究之四：行为金融新视角，“凸显性收益”因子STR.pdf,/mnt/research/研报/招商证券/20221214-招商证券-“青出于蓝”系列研究之四：行为金融新视角，“凸显性收益”因子STR.pdf,reports/招商证券/20221214-招商证券-“青出于蓝”系列研究之四：行为金融新视角，“凸显性收益”因子STR.pdf,20221214-招商证券-“青出于蓝”系列研究之四：行为金融新视角，“凸显性收益”因子STR.pdf,20221214-招商证券-“青出于蓝”系列研究之四：行为金融新视角，“凸显性收益”因子STR,pdf,982270,2026-04-11T16:37:56.437935+00:00
472,招商证券,招商证券/20230609-招商证券-“青出于蓝”系列研究之六：如何对非流动性因子进行改进.pdf,/mnt/research/研报/招商证券/20230609-招商证券-“青出于蓝”系列研究之六：如何对非流动性因子进行改进.pdf,reports/招商证券/20230609-招商证券-“青出于蓝”系列研究之六：如何对非流动性因子进行改进.pdf,20230609-招商证券-“青出于蓝”系列研究之六：如何对非流动性因子进行改进.pdf,20230609-招商证券-“青出于蓝”系列研究之六：如何对非流动性因子进行改进,pdf,1390054,2026-04-11T16:37:54.500936+00:00
473,招商证券,招商证券/20230925-招商证券-“琢璞”系列报告之七十八：增强型动量策略.pdf,/mnt/research/研报/招商证券/20230925-招商证券-“琢璞”系列报告之七十八：增强型动量策略.pdf,reports/招商证券/20230925-招商证券-“琢璞”系列报告之七十八：增强型动量策略.pdf,20230925-招商证券-“琢璞”系列报告之七十八：增强型动量策略.pdf,20230925-招商证券-“琢璞”系列报告之七十八：增强型动量策略,pdf,3228538,2026-04-11T16:37:51.154936+00:00
474,招商证券,招商证券/20240308-招商证券-国内量化私募行业周报：更新至2024年3月1日.pdf,/mnt/research/研报/招商证券/20240308-招商证券-国内量化私募行业周报：更新至2024年3月1日.pdf,reports/招商证券/20240308-招商证券-国内量化私募行业周报：更新至2024年3月1日.pdf,20240308-招商证券-国内量化私募行业周报：更新至2024年3月1日.pdf,20240308-招商证券-国内量化私募行业周报：更新至2024年3月1日,pdf,2487075,2026-04-11T16:37:44.266936+00:00
475,招商证券,招商证券/20240310-浙商证券-产品研究系列：本轮私募指增超额回撤修复几何.pdf,/mnt/research/研报/招商证券/20240310-浙商证券-产品研究系列：本轮私募指增超额回撤修复几何.pdf,reports/招商证券/20240310-浙商证券-产品研究系列：本轮私募指增超额回撤修复几何.pdf,20240310-浙商证券-产品研究系列：本轮私募指增超额回撤修复几何.pdf,20240310-浙商证券-产品研究系列：本轮私募指增超额回撤修复几何,pdf,604246,2026-04-11T16:37:39.474936+00:00
476,招商证券,招商证券/20240416-招商证券-AI系列研究之三：利用基本面信息改进机器学习因子.pdf,/mnt/research/研报/招商证券/20240416-招商证券-AI系列研究之三：利用基本面信息改进机器学习因子.pdf,reports/招商证券/20240416-招商证券-AI系列研究之三：利用基本面信息改进机器学习因子.pdf,20240416-招商证券-AI系列研究之三：利用基本面信息改进机器学习因子.pdf,20240416-招商证券-AI系列研究之三：利用基本面信息改进机器学习因子,pdf,1558171,2026-04-11T16:37:38.399937+00:00
477,招商证券,招商证券/20240816-招商证券-“青出于蓝”系列研究之八：基于逐笔数据的AFH改进因子.pdf,/mnt/research/研报/招商证券/20240816-招商证券-“青出于蓝”系列研究之八：基于逐笔数据的AFH改进因子.pdf,reports/招商证券/20240816-招商证券-“青出于蓝”系列研究之八：基于逐笔数据的AFH改进因子.pdf,20240816-招商证券-“青出于蓝”系列研究之八：基于逐笔数据的AFH改进因子.pdf,20240816-招商证券-“青出于蓝”系列研究之八：基于逐笔数据的AFH改进因子,pdf,760782,2026-04-11T16:37:35.165937+00:00
478,方正证券,方正证券/20130422-方正证券-A股市场数量化分析.pdf,/mnt/research/研报/方正证券/20130422-方正证券-A股市场数量化分析.pdf,reports/方正证券/20130422-方正证券-A股市场数量化分析.pdf,20130422-方正证券-A股市场数量化分析.pdf,20130422-方正证券-A股市场数量化分析,pdf,716036,2026-04-11T16:37:33.458937+00:00
479,方正证券,方正证券/20131129-方正证券-金融工程专题：市场一致预期数据应用.pdf,/mnt/research/研报/方正证券/20131129-方正证券-金融工程专题：市场一致预期数据应用.pdf,reports/方正证券/20131129-方正证券-金融工程专题：市场一致预期数据应用.pdf,20131129-方正证券-金融工程专题：市场一致预期数据应用.pdf,20131129-方正证券-金融工程专题：市场一致预期数据应用,pdf,1430557,2026-04-11T16:37:31.942937+00:00
480,方正证券,方正证券/20131223-方正证券-金融工程周报：市场一致预期数据应用周报.pdf,/mnt/research/研报/方正证券/20131223-方正证券-金融工程周报：市场一致预期数据应用周报.pdf,reports/方正证券/20131223-方正证券-金融工程周报：市场一致预期数据应用周报.pdf,20131223-方正证券-金融工程周报：市场一致预期数据应用周报.pdf,20131223-方正证券-金融工程周报：市场一致预期数据应用周报,pdf,780097,2026-04-11T16:37:29.029937+00:00
481,方正证券,方正证券/20140728-方正证券-市场一致预期量化选股周报.pdf,/mnt/research/研报/方正证券/20140728-方正证券-市场一致预期量化选股周报.pdf,reports/方正证券/20140728-方正证券-市场一致预期量化选股周报.pdf,20140728-方正证券-市场一致预期量化选股周报.pdf,20140728-方正证券-市场一致预期量化选股周报,pdf,1246580,2026-04-11T16:37:28.047937+00:00
482,方正证券,方正证券/20141215-方正证券-金融工程周报：市场一致预期量化选股周报.pdf,/mnt/research/研报/方正证券/20141215-方正证券-金融工程周报：市场一致预期量化选股周报.pdf,reports/方正证券/20141215-方正证券-金融工程周报：市场一致预期量化选股周报.pdf,20141215-方正证券-金融工程周报：市场一致预期量化选股周报.pdf,20141215-方正证券-金融工程周报：市场一致预期量化选股周报,pdf,874380,2026-04-11T16:37:25.267937+00:00
483,方正证券,方正证券/20141222-方正证券-金融工程周报：市场一致预期量化选股周报.pdf,/mnt/research/研报/方正证券/20141222-方正证券-金融工程周报：市场一致预期量化选股周报.pdf,reports/方正证券/20141222-方正证券-金融工程周报：市场一致预期量化选股周报.pdf,20141222-方正证券-金融工程周报：市场一致预期量化选股周报.pdf,20141222-方正证券-金融工程周报：市场一致预期量化选股周报,pdf,899474,2026-04-11T16:37:23.424937+00:00
484,方正证券,方正证券/20161015-方正证券-聆听高频世界的声音系列研究（五）：凤鸣朝阳股价日内模式中蕴藏的选股因子.pdf,/mnt/research/研报/方正证券/20161015-方正证券-聆听高频世界的声音系列研究（五）：凤鸣朝阳股价日内模式中蕴藏的选股因子.pdf,reports/方正证券/20161015-方正证券-聆听高频世界的声音系列研究（五）：凤鸣朝阳股价日内模式中蕴藏的选股因子.pdf,20161015-方正证券-聆听高频世界的声音系列研究（五）：凤鸣朝阳股价日内模式中蕴藏的选股因子.pdf,20161015-方正证券-聆听高频世界的声音系列研究（五）：凤鸣朝阳股价日内模式中蕴藏的选股因子,pdf,1186058,2026-04-11T16:37:21.556938+00:00
485,方正证券,方正证券/20170813-方正证券-“聆听高频世界的声音”系列研究（六）：本福特的启示，从分钟成交量看机构痕迹.pdf,/mnt/research/研报/方正证券/20170813-方正证券-“聆听高频世界的声音”系列研究（六）：本福特的启示，从分钟成交量看机构痕迹.pdf,reports/方正证券/20170813-方正证券-“聆听高频世界的声音”系列研究（六）：本福特的启示，从分钟成交量看机构痕迹.pdf,20170813-方正证券-“聆听高频世界的声音”系列研究（六）：本福特的启示，从分钟成交量看机构痕迹.pdf,20170813-方正证券-“聆听高频世界的声音”系列研究（六）：本福特的启示，从分钟成交量看机构痕迹,pdf,1123603,2026-04-11T16:37:19.395938+00:00
486,方正证券,方正证券/20170914-方正证券-“聆听高频世界的声音”系列研究（七）：枯树生花，基于日内模式的动量因子革新.pdf,/mnt/research/研报/方正证券/20170914-方正证券-“聆听高频世界的声音”系列研究（七）：枯树生花，基于日内模式的动量因子革新.pdf,reports/方正证券/20170914-方正证券-“聆听高频世界的声音”系列研究（七）：枯树生花，基于日内模式的动量因子革新.pdf,20170914-方正证券-“聆听高频世界的声音”系列研究（七）：枯树生花，基于日内模式的动量因子革新.pdf,20170914-方正证券-“聆听高频世界的声音”系列研究（七）：枯树生花，基于日内模式的动量因子革新,pdf,1070487,2026-04-11T16:37:17.370938+00:00
487,方正证券,方正证券/20171124-方正证券-市场行为的宝藏系列研究二：抢跑者的脚步声，基于价量互动的选股因子.pdf,/mnt/research/研报/方正证券/20171124-方正证券-市场行为的宝藏系列研究二：抢跑者的脚步声，基于价量互动的选股因子.pdf,reports/方正证券/20171124-方正证券-市场行为的宝藏系列研究二：抢跑者的脚步声，基于价量互动的选股因子.pdf,20171124-方正证券-市场行为的宝藏系列研究二：抢跑者的脚步声，基于价量互动的选股因子.pdf,20171124-方正证券-市场行为的宝藏系列研究二：抢跑者的脚步声，基于价量互动的选股因子,pdf,1092814,2026-04-11T16:37:15.433938+00:00
488,方正证券,方正证券/20180106-方正证券-“星火”多因子系列报告（一）：Barra模型初探，A股市场风格解析.pdf,/mnt/research/研报/方正证券/20180106-方正证券-“星火”多因子系列报告（一）：Barra模型初探，A股市场风格解析.pdf,reports/方正证券/20180106-方正证券-“星火”多因子系列报告（一）：Barra模型初探，A股市场风格解析.pdf,20180106-方正证券-“星火”多因子系列报告（一）：Barra模型初探，A股市场风格解析.pdf,20180106-方正证券-“星火”多因子系列报告（一）：Barra模型初探，A股市场风格解析,pdf,1956829,2026-04-11T16:37:13.452938+00:00
489,方正证券,方正证券/20180724-方正证券-“因子七十二变”系列之一：A股“跳一跳”，隔夜跳空选股因子.pdf,/mnt/research/研报/方正证券/20180724-方正证券-“因子七十二变”系列之一：A股“跳一跳”，隔夜跳空选股因子.pdf,reports/方正证券/20180724-方正证券-“因子七十二变”系列之一：A股“跳一跳”，隔夜跳空选股因子.pdf,20180724-方正证券-“因子七十二变”系列之一：A股“跳一跳”，隔夜跳空选股因子.pdf,20180724-方正证券-“因子七十二变”系列之一：A股“跳一跳”，隔夜跳空选股因子,pdf,1777000,2026-04-11T16:37:09.835938+00:00
490,方正证券,方正证券/20180806-方正证券-“因子七十二变”系列之二：超越反转，基于均线的乖离率选股因子.pdf,/mnt/research/研报/方正证券/20180806-方正证券-“因子七十二变”系列之二：超越反转，基于均线的乖离率选股因子.pdf,reports/方正证券/20180806-方正证券-“因子七十二变”系列之二：超越反转，基于均线的乖离率选股因子.pdf,20180806-方正证券-“因子七十二变”系列之二：超越反转，基于均线的乖离率选股因子.pdf,20180806-方正证券-“因子七十二变”系列之二：超越反转，基于均线的乖离率选股因子,pdf,1627810,2026-04-11T16:37:06.329939+00:00
491,方正证券,方正证券/20181205-方正证券-“因子七十二变”系列之三：基于价量互动的选股因子2，量价齐飞，水天一色.pdf,/mnt/research/研报/方正证券/20181205-方正证券-“因子七十二变”系列之三：基于价量互动的选股因子2，量价齐飞，水天一色.pdf,reports/方正证券/20181205-方正证券-“因子七十二变”系列之三：基于价量互动的选股因子2，量价齐飞，水天一色.pdf,20181205-方正证券-“因子七十二变”系列之三：基于价量互动的选股因子2，量价齐飞，水天一色.pdf,20181205-方正证券-“因子七十二变”系列之三：基于价量互动的选股因子2，量价齐飞，水天一色,pdf,1334164,2026-04-11T16:37:03.199939+00:00
492,方正证券,方正证券/20181205-方正证券-“因子七十二变”系列之四：基于价量互动的选股因子3，量价抢跑，推陈出新.pdf,/mnt/research/研报/方正证券/20181205-方正证券-“因子七十二变”系列之四：基于价量互动的选股因子3，量价抢跑，推陈出新.pdf,reports/方正证券/20181205-方正证券-“因子七十二变”系列之四：基于价量互动的选股因子3，量价抢跑，推陈出新.pdf,20181205-方正证券-“因子七十二变”系列之四：基于价量互动的选股因子3，量价抢跑，推陈出新.pdf,20181205-方正证券-“因子七十二变”系列之四：基于价量互动的选股因子3，量价抢跑，推陈出新,pdf,1250020,2026-04-11T16:37:00.483939+00:00
493,方正证券,方正证券/20220412-方正证券-多因子选股系列研究之一：成交量激增时刻蕴含的alpha信息.pdf,/mnt/research/研报/方正证券/20220412-方正证券-多因子选股系列研究之一：成交量激增时刻蕴含的alpha信息.pdf,reports/方正证券/20220412-方正证券-多因子选股系列研究之一：成交量激增时刻蕴含的alpha信息.pdf,20220412-方正证券-多因子选股系列研究之一：成交量激增时刻蕴含的alpha信息.pdf,20220412-方正证券-多因子选股系列研究之一：成交量激增时刻蕴含的alpha信息,pdf,1619206,2026-04-11T16:36:57.902939+00:00
494,方正证券,方正证券/20220508-方正证券-多因子选股系列研究之二：个股成交量的潮汐变化及“潮汐”因子构建.pdf,/mnt/research/研报/方正证券/20220508-方正证券-多因子选股系列研究之二：个股成交量的潮汐变化及“潮汐”因子构建.pdf,reports/方正证券/20220508-方正证券-多因子选股系列研究之二：个股成交量的潮汐变化及“潮汐”因子构建.pdf,20220508-方正证券-多因子选股系列研究之二：个股成交量的潮汐变化及“潮汐”因子构建.pdf,20220508-方正证券-多因子选股系列研究之二：个股成交量的潮汐变化及“潮汐”因子构建,pdf,1734299,2026-04-11T16:36:54.585939+00:00
495,方正证券,方正证券/20220530-方正证券-多因子选股系列研究之三：个股波动率的变动及“勇攀高峰”因子构建.pdf,/mnt/research/研报/方正证券/20220530-方正证券-多因子选股系列研究之三：个股波动率的变动及“勇攀高峰”因子构建.pdf,reports/方正证券/20220530-方正证券-多因子选股系列研究之三：个股波动率的变动及“勇攀高峰”因子构建.pdf,20220530-方正证券-多因子选股系列研究之三：个股波动率的变动及“勇攀高峰”因子构建.pdf,20220530-方正证券-多因子选股系列研究之三：个股波动率的变动及“勇攀高峰”因子构建,pdf,2717740,2026-04-11T16:36:51.144940+00:00
496,方正证券,方正证券/20220611-方正证券-多因子选股系列研究之四：个股动量效应的识别及“球队硬币”因子构建.pdf,/mnt/research/研报/方正证券/20220611-方正证券-多因子选股系列研究之四：个股动量效应的识别及“球队硬币”因子构建.pdf,reports/方正证券/20220611-方正证券-多因子选股系列研究之四：个股动量效应的识别及“球队硬币”因子构建.pdf,20220611-方正证券-多因子选股系列研究之四：个股动量效应的识别及“球队硬币”因子构建.pdf,20220611-方正证券-多因子选股系列研究之四：个股动量效应的识别及“球队硬币”因子构建,pdf,2145726,2026-04-11T16:36:44.763940+00:00
497,方正证券,方正证券/20220804-方正证券-多因子选股系列研究之五：波动率的波动率与投资者模糊性厌恶.pdf,/mnt/research/研报/方正证券/20220804-方正证券-多因子选股系列研究之五：波动率的波动率与投资者模糊性厌恶.pdf,reports/方正证券/20220804-方正证券-多因子选股系列研究之五：波动率的波动率与投资者模糊性厌恶.pdf,20220804-方正证券-多因子选股系列研究之五：波动率的波动率与投资者模糊性厌恶.pdf,20220804-方正证券-多因子选股系列研究之五：波动率的波动率与投资者模糊性厌恶,pdf,1845121,2026-04-11T16:36:39.117940+00:00
498,方正证券,方正证券/20220922-方正证券-多因子选股系列研究之六：个股股价跳跃及其对振幅因子的改进.pdf,/mnt/research/研报/方正证券/20220922-方正证券-多因子选股系列研究之六：个股股价跳跃及其对振幅因子的改进.pdf,reports/方正证券/20220922-方正证券-多因子选股系列研究之六：个股股价跳跃及其对振幅因子的改进.pdf,20220922-方正证券-多因子选股系列研究之六：个股股价跳跃及其对振幅因子的改进.pdf,20220922-方正证券-多因子选股系列研究之六：个股股价跳跃及其对振幅因子的改进,pdf,1430743,2026-04-11T16:36:33.625941+00:00
499,方正证券,方正证券/20221213-方正证券-多因子选股系列研究之八：显著效应、极端收益扭曲决策权重和“草木皆兵”因子.pdf,/mnt/research/研报/方正证券/20221213-方正证券-多因子选股系列研究之八：显著效应、极端收益扭曲决策权重和“草木皆兵”因子.pdf,reports/方正证券/20221213-方正证券-多因子选股系列研究之八：显著效应、极端收益扭曲决策权重和“草木皆兵”因子.pdf,20221213-方正证券-多因子选股系列研究之八：显著效应、极端收益扭曲决策权重和“草木皆兵”因子.pdf,20221213-方正证券-多因子选股系列研究之八：显著效应、极端收益扭曲决策权重和“草木皆兵”因子,pdf,1799395,2026-04-11T16:36:30.036941+00:00
500,方正证券,方正证券/20230215-方正证券-多因子选股系列研究之九：个股成交额的市场跟随性与“水中行舟”因子.pdf,/mnt/research/研报/方正证券/20230215-方正证券-多因子选股系列研究之九：个股成交额的市场跟随性与“水中行舟”因子.pdf,reports/方正证券/20230215-方正证券-多因子选股系列研究之九：个股成交额的市场跟随性与“水中行舟”因子.pdf,20230215-方正证券-多因子选股系列研究之九：个股成交额的市场跟随性与“水中行舟”因子.pdf,20230215-方正证券-多因子选股系列研究之九：个股成交额的市场跟随性与“水中行舟”因子,pdf,1578424,2026-04-11T16:36:25.709941+00:00
501,方正证券,方正证券/20230327-方正证券-多因子选股系列研究之十：推动个股价格变化的因素分解与“花隐林间”因子.pdf,/mnt/research/研报/方正证券/20230327-方正证券-多因子选股系列研究之十：推动个股价格变化的因素分解与“花隐林间”因子.pdf,reports/方正证券/20230327-方正证券-多因子选股系列研究之十：推动个股价格变化的因素分解与“花隐林间”因子.pdf,20230327-方正证券-多因子选股系列研究之十：推动个股价格变化的因素分解与“花隐林间”因子.pdf,20230327-方正证券-多因子选股系列研究之十：推动个股价格变化的因素分解与“花隐林间”因子,pdf,2005477,2026-04-11T16:36:21.427942+00:00
502,方正证券,方正证券/20230611-方正证券-多因子选股系列研究之十一：大单成交后的跟随效应与“待著而救”因子.pdf,/mnt/research/研报/方正证券/20230611-方正证券-多因子选股系列研究之十一：大单成交后的跟随效应与“待著而救”因子.pdf,reports/方正证券/20230611-方正证券-多因子选股系列研究之十一：大单成交后的跟随效应与“待著而救”因子.pdf,20230611-方正证券-多因子选股系列研究之十一：大单成交后的跟随效应与“待著而救”因子.pdf,20230611-方正证券-多因子选股系列研究之十一：大单成交后的跟随效应与“待著而救”因子,pdf,1648679,2026-04-11T16:36:16.420942+00:00
503,方正证券,方正证券/20230718-方正证券-多因子选股系列研究之十二：剥离分析师预期调整中的动量效应与真知灼见因子构建.pdf,/mnt/research/研报/方正证券/20230718-方正证券-多因子选股系列研究之十二：剥离分析师预期调整中的动量效应与真知灼见因子构建.pdf,reports/方正证券/20230718-方正证券-多因子选股系列研究之十二：剥离分析师预期调整中的动量效应与真知灼见因子构建.pdf,20230718-方正证券-多因子选股系列研究之十二：剥离分析师预期调整中的动量效应与真知灼见因子构建.pdf,20230718-方正证券-多因子选股系列研究之十二：剥离分析师预期调整中的动量效应与真知灼见因子构建,pdf,1419060,2026-04-11T16:36:12.422942+00:00
504,方正证券,方正证券/20240319-方正证券-多因子选股系列研究之十六：日内协同股票性价比度量与“协同效应”因子构建.pdf,/mnt/research/研报/方正证券/20240319-方正证券-多因子选股系列研究之十六：日内协同股票性价比度量与“协同效应”因子构建.pdf,reports/方正证券/20240319-方正证券-多因子选股系列研究之十六：日内协同股票性价比度量与“协同效应”因子构建.pdf,20240319-方正证券-多因子选股系列研究之十六：日内协同股票性价比度量与“协同效应”因子构建.pdf,20240319-方正证券-多因子选股系列研究之十六：日内协同股票性价比度量与“协同效应”因子构建,pdf,2022465,2026-04-11T16:36:08.853942+00:00
505,方正证券,方正证券/20240829-方正证券-多因子选股系列研究之十九：个股交易放量期间的买入强度刻画与“激流勇进”因子构建.pdf,/mnt/research/研报/方正证券/20240829-方正证券-多因子选股系列研究之十九：个股交易放量期间的买入强度刻画与“激流勇进”因子构建.pdf,reports/方正证券/20240829-方正证券-多因子选股系列研究之十九：个股交易放量期间的买入强度刻画与“激流勇进”因子构建.pdf,20240829-方正证券-多因子选股系列研究之十九：个股交易放量期间的买入强度刻画与“激流勇进”因子构建.pdf,20240829-方正证券-多因子选股系列研究之十九：个股交易放量期间的买入强度刻画与“激流勇进”因子构建,pdf,1321749,2026-04-11T16:36:03.759943+00:00
506,民生证券,民生证券/20190520-民生证券-因子研究专题四：低波动异象，解析、改进及成因实证.pdf,/mnt/research/研报/民生证券/20190520-民生证券-因子研究专题四：低波动异象，解析、改进及成因实证.pdf,reports/民生证券/20190520-民生证券-因子研究专题四：低波动异象，解析、改进及成因实证.pdf,20190520-民生证券-因子研究专题四：低波动异象，解析、改进及成因实证.pdf,20190520-民生证券-因子研究专题四：低波动异象，解析、改进及成因实证,pdf,3231760,2026-04-11T16:36:00.155943+00:00
507,浙商证券,浙商证券/20120201-浙商证券-事件驱动数量化策略研究系列之一：基于增持个股的因子选股策略.pdf,/mnt/research/研报/浙商证券/20120201-浙商证券-事件驱动数量化策略研究系列之一：基于增持个股的因子选股策略.pdf,reports/浙商证券/20120201-浙商证券-事件驱动数量化策略研究系列之一：基于增持个股的因子选股策略.pdf,20120201-浙商证券-事件驱动数量化策略研究系列之一：基于增持个股的因子选股策略.pdf,20120201-浙商证券-事件驱动数量化策略研究系列之一：基于增持个股的因子选股策略,pdf,1538016,2026-04-11T16:35:51.296944+00:00
508,浙商证券,浙商证券/20191018-浙商证券-人工智能系列（二）：人工智能再出发，次优理论下的组合配置与策略构建.pdf,/mnt/research/研报/浙商证券/20191018-浙商证券-人工智能系列（二）：人工智能再出发，次优理论下的组合配置与策略构建.pdf,reports/浙商证券/20191018-浙商证券-人工智能系列（二）：人工智能再出发，次优理论下的组合配置与策略构建.pdf,20191018-浙商证券-人工智能系列（二）：人工智能再出发，次优理论下的组合配置与策略构建.pdf,20191018-浙商证券-人工智能系列（二）：人工智能再出发，次优理论下的组合配置与策略构建,pdf,2409247,2026-04-11T16:35:47.239944+00:00
509,浙商证券,浙商证券/20191111-浙商证券-投研漫谈（一）：兼谈金融预测框架，多因子和人工智能谁是“正规军”.pdf,/mnt/research/研报/浙商证券/20191111-浙商证券-投研漫谈（一）：兼谈金融预测框架，多因子和人工智能谁是“正规军”.pdf,reports/浙商证券/20191111-浙商证券-投研漫谈（一）：兼谈金融预测框架，多因子和人工智能谁是“正规军”.pdf,20191111-浙商证券-投研漫谈（一）：兼谈金融预测框架，多因子和人工智能谁是“正规军”.pdf,20191111-浙商证券-投研漫谈（一）：兼谈金融预测框架，多因子和人工智能谁是“正规军”,pdf,778236,2026-04-11T16:35:41.209944+00:00
510,浙商证券,浙商证券/20200121-浙商证券-兼谈金融预测框架：多因子和人工智能谁是“正规军”？.pdf,/mnt/research/研报/浙商证券/20200121-浙商证券-兼谈金融预测框架：多因子和人工智能谁是“正规军”？.pdf,reports/浙商证券/20200121-浙商证券-兼谈金融预测框架：多因子和人工智能谁是“正规军”？.pdf,20200121-浙商证券-兼谈金融预测框架：多因子和人工智能谁是“正规军”？.pdf,20200121-浙商证券-兼谈金融预测框架：多因子和人工智能谁是“正规军”？,pdf,1013558,2026-04-11T16:35:39.556944+00:00
511,浙商证券,浙商证券/20220701-浙商证券-基本面量化系列（四）：质量因子.pdf,/mnt/research/研报/浙商证券/20220701-浙商证券-基本面量化系列（四）：质量因子.pdf,reports/浙商证券/20220701-浙商证券-基本面量化系列（四）：质量因子.pdf,20220701-浙商证券-基本面量化系列（四）：质量因子.pdf,20220701-浙商证券-基本面量化系列（四）：质量因子,pdf,2914746,2026-04-11T16:35:37.535944+00:00
512,浙商证券,浙商证券/20230615-浙商证券-机器学习与因子（一）：特征工程算法测评.pdf,/mnt/research/研报/浙商证券/20230615-浙商证券-机器学习与因子（一）：特征工程算法测评.pdf,reports/浙商证券/20230615-浙商证券-机器学习与因子（一）：特征工程算法测评.pdf,20230615-浙商证券-机器学习与因子（一）：特征工程算法测评.pdf,20230615-浙商证券-机器学习与因子（一）：特征工程算法测评,pdf,4079132,2026-04-11T16:35:32.048945+00:00
513,浙商证券,浙商证券/20230812-浙商证券-机器学习与因子（二）：Transformer 特征工程算法测评.pdf,/mnt/research/研报/浙商证券/20230812-浙商证券-机器学习与因子（二）：Transformer 特征工程算法测评.pdf,reports/浙商证券/20230812-浙商证券-机器学习与因子（二）：Transformer 特征工程算法测评.pdf,20230812-浙商证券-机器学习与因子（二）：Transformer 特征工程算法测评.pdf,20230812-浙商证券-机器学习与因子（二）：Transformer 特征工程算法测评,pdf,1415048,2026-04-11T16:35:24.037946+00:00
514,浙商证券,浙商证券/20230814-浙商证券-金融工程专题：从博弈分母端beta到捕捉盈利修复alpha.pdf,/mnt/research/研报/浙商证券/20230814-浙商证券-金融工程专题：从博弈分母端beta到捕捉盈利修复alpha.pdf,reports/浙商证券/20230814-浙商证券-金融工程专题：从博弈分母端beta到捕捉盈利修复alpha.pdf,20230814-浙商证券-金融工程专题：从博弈分母端beta到捕捉盈利修复alpha.pdf,20230814-浙商证券-金融工程专题：从博弈分母端beta到捕捉盈利修复alpha,pdf,1309679,2026-04-11T16:35:21.070946+00:00
515,浙商证券,浙商证券/基于财务、估值与动量指标的量化选股策略.pdf,/mnt/research/研报/浙商证券/基于财务、估值与动量指标的量化选股策略.pdf,reports/浙商证券/基于财务、估值与动量指标的量化选股策略.pdf,基于财务、估值与动量指标的量化选股策略.pdf,基于财务、估值与动量指标的量化选股策略,pdf,1102848,2026-04-11T16:35:17.862946+00:00
516,海通证券,海通证券/019_选股因子系列研究%28二十%29——基于条件期望的因子择时模型.pdf,/mnt/research/研报/海通证券/019_选股因子系列研究%28二十%29——基于条件期望的因子择时模型.pdf,reports/海通证券/019_选股因子系列研究%28二十%29——基于条件期望的因子择时模型.pdf,019_选股因子系列研究%28二十%29——基于条件期望的因子择时模型.pdf,019_选股因子系列研究%28二十%29——基于条件期望的因子择时模型,pdf,1270533,2026-04-11T16:35:15.091946+00:00
517,海通证券,海通证券/043_学术研究中的财务异象与本土实证（一）——盈利能力.pdf,/mnt/research/研报/海通证券/043_学术研究中的财务异象与本土实证（一）——盈利能力.pdf,reports/海通证券/043_学术研究中的财务异象与本土实证（一）——盈利能力.pdf,043_学术研究中的财务异象与本土实证（一）——盈利能力.pdf,043_学术研究中的财务异象与本土实证（一）——盈利能力,pdf,1146448,2026-04-11T16:35:12.035946+00:00
518,海通证券,海通证券/058_业绩超预期股票收益特征分析.pdf,/mnt/research/研报/海通证券/058_业绩超预期股票收益特征分析.pdf,reports/海通证券/058_业绩超预期股票收益特征分析.pdf,058_业绩超预期股票收益特征分析.pdf,058_业绩超预期股票收益特征分析,pdf,1289881,2026-04-11T16:35:09.447946+00:00
519,海通证券,海通证券/20120830-海通证券-他山之石系列一.pdf,/mnt/research/研报/海通证券/20120830-海通证券-他山之石系列一.pdf,reports/海通证券/20120830-海通证券-他山之石系列一.pdf,20120830-海通证券-他山之石系列一.pdf,20120830-海通证券-他山之石系列一,pdf,1808320,2026-04-11T16:35:06.788947+00:00
520,海通证券,海通证券/20120830-海通证券-金工基金研究：他山之石(2012年8月下).pdf,/mnt/research/研报/海通证券/20120830-海通证券-金工基金研究：他山之石(2012年8月下).pdf,reports/海通证券/20120830-海通证券-金工基金研究：他山之石(2012年8月下).pdf,20120830-海通证券-金工基金研究：他山之石(2012年8月下).pdf,20120830-海通证券-金工基金研究：他山之石(2012年8月下),pdf,1835084,2026-04-11T16:35:02.759947+00:00
521,海通证券,海通证券/20121207-海通证券-金融工程研究双周报：他山之石系列四.pdf,/mnt/research/研报/海通证券/20121207-海通证券-金融工程研究双周报：他山之石系列四.pdf,reports/海通证券/20121207-海通证券-金融工程研究双周报：他山之石系列四.pdf,20121207-海通证券-金融工程研究双周报：他山之石系列四.pdf,20121207-海通证券-金融工程研究双周报：他山之石系列四,pdf,1035779,2026-04-11T16:34:59.119947+00:00
522,海通证券,海通证券/20130121-海通证券-金工基金研究：他山之石.pdf,/mnt/research/研报/海通证券/20130121-海通证券-金工基金研究：他山之石.pdf,reports/海通证券/20130121-海通证券-金工基金研究：他山之石.pdf,20130121-海通证券-金工基金研究：他山之石.pdf,20130121-海通证券-金工基金研究：他山之石,pdf,4700704,2026-04-11T16:34:57.165947+00:00
523,海通证券,海通证券/20130226-海通证券-金工基金研究：他山之石（2013年2月）.pdf,/mnt/research/研报/海通证券/20130226-海通证券-金工基金研究：他山之石（2013年2月）.pdf,reports/海通证券/20130226-海通证券-金工基金研究：他山之石（2013年2月）.pdf,20130226-海通证券-金工基金研究：他山之石（2013年2月）.pdf,20130226-海通证券-金工基金研究：他山之石（2013年2月）,pdf,2168059,2026-04-11T16:34:47.890948+00:00
524,海通证券,海通证券/20130325-海通证券-因子模型的尾部相关性研究：选股因子研究系列（二）.pdf,/mnt/research/研报/海通证券/20130325-海通证券-因子模型的尾部相关性研究：选股因子研究系列（二）.pdf,reports/海通证券/20130325-海通证券-因子模型的尾部相关性研究：选股因子研究系列（二）.pdf,20130325-海通证券-因子模型的尾部相关性研究：选股因子研究系列（二）.pdf,20130325-海通证券-因子模型的尾部相关性研究：选股因子研究系列（二）,pdf,1371199,2026-04-11T16:34:42.838948+00:00
525,海通证券,海通证券/20130326-海通证券-双周刊：他山之石（2013年3月）.pdf,/mnt/research/研报/海通证券/20130326-海通证券-双周刊：他山之石（2013年3月）.pdf,reports/海通证券/20130326-海通证券-双周刊：他山之石（2013年3月）.pdf,20130326-海通证券-双周刊：他山之石（2013年3月）.pdf,20130326-海通证券-双周刊：他山之石（2013年3月）,pdf,4156843,2026-04-11T16:34:40.174948+00:00
526,海通证券,海通证券/20130425-海通证券-金工基金研究：他山之石（2013年4月）.pdf,/mnt/research/研报/海通证券/20130425-海通证券-金工基金研究：他山之石（2013年4月）.pdf,reports/海通证券/20130425-海通证券-金工基金研究：他山之石（2013年4月）.pdf,20130425-海通证券-金工基金研究：他山之石（2013年4月）.pdf,20130425-海通证券-金工基金研究：他山之石（2013年4月）,pdf,2153123,2026-04-11T16:34:31.404949+00:00
527,海通证券,海通证券/20130702-海通证券-他山之石（2013年7月）.pdf,/mnt/research/研报/海通证券/20130702-海通证券-他山之石（2013年7月）.pdf,reports/海通证券/20130702-海通证券-他山之石（2013年7月）.pdf,20130702-海通证券-他山之石（2013年7月）.pdf,20130702-海通证券-他山之石（2013年7月）,pdf,2987793,2026-04-11T16:34:26.312949+00:00
528,海通证券,海通证券/20130726-海通证券-他山之石.pdf,/mnt/research/研报/海通证券/20130726-海通证券-他山之石.pdf,reports/海通证券/20130726-海通证券-他山之石.pdf,20130726-海通证券-他山之石.pdf,20130726-海通证券-他山之石,pdf,7922569,2026-04-11T16:34:18.987950+00:00
529,海通证券,海通证券/20130828-海通证券-他山之石（2013年8月）.pdf,/mnt/research/研报/海通证券/20130828-海通证券-他山之石（2013年8月）.pdf,reports/海通证券/20130828-海通证券-他山之石（2013年8月）.pdf,20130828-海通证券-他山之石（2013年8月）.pdf,20130828-海通证券-他山之石（2013年8月）,pdf,1667825,2026-04-11T16:33:58.469951+00:00
530,海通证券,海通证券/20131031-海通证券-选股因子研究系列（五）：寻找股价驱动新因子之净换手率.pdf,/mnt/research/研报/海通证券/20131031-海通证券-选股因子研究系列（五）：寻找股价驱动新因子之净换手率.pdf,reports/海通证券/20131031-海通证券-选股因子研究系列（五）：寻找股价驱动新因子之净换手率.pdf,20131031-海通证券-选股因子研究系列（五）：寻找股价驱动新因子之净换手率.pdf,20131031-海通证券-选股因子研究系列（五）：寻找股价驱动新因子之净换手率,pdf,1427174,2026-04-11T16:33:55.108951+00:00
531,海通证券,海通证券/20131111-海通证券-《他山之石》实证系列之一：从持股变动挖掘股票情绪信息.pdf,/mnt/research/研报/海通证券/20131111-海通证券-《他山之石》实证系列之一：从持股变动挖掘股票情绪信息.pdf,reports/海通证券/20131111-海通证券-《他山之石》实证系列之一：从持股变动挖掘股票情绪信息.pdf,20131111-海通证券-《他山之石》实证系列之一：从持股变动挖掘股票情绪信息.pdf,20131111-海通证券-《他山之石》实证系列之一：从持股变动挖掘股票情绪信息,pdf,2121580,2026-04-11T16:33:52.344951+00:00
532,海通证券,海通证券/20131112-海通证券-他山之石系列十四.pdf,/mnt/research/研报/海通证券/20131112-海通证券-他山之石系列十四.pdf,reports/海通证券/20131112-海通证券-他山之石系列十四.pdf,20131112-海通证券-他山之石系列十四.pdf,20131112-海通证券-他山之石系列十四,pdf,3354467,2026-04-11T16:33:47.772952+00:00
533,海通证券,海通证券/20131209-海通证券-金工基金研究：他山之石系列十五.pdf,/mnt/research/研报/海通证券/20131209-海通证券-金工基金研究：他山之石系列十五.pdf,reports/海通证券/20131209-海通证券-金工基金研究：他山之石系列十五.pdf,20131209-海通证券-金工基金研究：他山之石系列十五.pdf,20131209-海通证券-金工基金研究：他山之石系列十五,pdf,5751810,2026-04-11T16:33:39.540952+00:00
534,海通证券,海通证券/20131224-海通证券-他山之石实证系列之二：基金持有人具有选基能力吗？.pdf,/mnt/research/研报/海通证券/20131224-海通证券-他山之石实证系列之二：基金持有人具有选基能力吗？.pdf,reports/海通证券/20131224-海通证券-他山之石实证系列之二：基金持有人具有选基能力吗？.pdf,20131224-海通证券-他山之石实证系列之二：基金持有人具有选基能力吗？.pdf,20131224-海通证券-他山之石实证系列之二：基金持有人具有选基能力吗？,pdf,434600,2026-04-11T16:33:26.114953+00:00
535,海通证券,海通证券/20140110-海通证券-他山之石系列十六.pdf,/mnt/research/研报/海通证券/20140110-海通证券-他山之石系列十六.pdf,reports/海通证券/20140110-海通证券-他山之石系列十六.pdf,20140110-海通证券-他山之石系列十六.pdf,20140110-海通证券-他山之石系列十六,pdf,3496883,2026-04-11T16:33:25.294953+00:00
536,海通证券,海通证券/20140129-海通证券-他山之石本土实证之三：聚焦被“忽视”的超预期.pdf,/mnt/research/研报/海通证券/20140129-海通证券-他山之石本土实证之三：聚焦被“忽视”的超预期.pdf,reports/海通证券/20140129-海通证券-他山之石本土实证之三：聚焦被“忽视”的超预期.pdf,20140129-海通证券-他山之石本土实证之三：聚焦被“忽视”的超预期.pdf,20140129-海通证券-他山之石本土实证之三：聚焦被“忽视”的超预期,pdf,2451741,2026-04-11T16:33:16.866954+00:00
537,海通证券,海通证券/20140214-海通证券-他山之石系列十七.pdf,/mnt/research/研报/海通证券/20140214-海通证券-他山之石系列十七.pdf,reports/海通证券/20140214-海通证券-他山之石系列十七.pdf,20140214-海通证券-他山之石系列十七.pdf,20140214-海通证券-他山之石系列十七,pdf,7040119,2026-04-11T16:33:11.305954+00:00
538,海通证券,海通证券/20140224-海通证券-他山之石本土实证之四：ATR是一个更好的趋势确认指标吗.pdf,/mnt/research/研报/海通证券/20140224-海通证券-他山之石本土实证之四：ATR是一个更好的趋势确认指标吗.pdf,reports/海通证券/20140224-海通证券-他山之石本土实证之四：ATR是一个更好的趋势确认指标吗.pdf,20140224-海通证券-他山之石本土实证之四：ATR是一个更好的趋势确认指标吗.pdf,20140224-海通证券-他山之石本土实证之四：ATR是一个更好的趋势确认指标吗,pdf,1145627,2026-04-11T16:32:56.797955+00:00
539,海通证券,海通证券/20140314-海通证券-他山之石系列十八.pdf,/mnt/research/研报/海通证券/20140314-海通证券-他山之石系列十八.pdf,reports/海通证券/20140314-海通证券-他山之石系列十八.pdf,20140314-海通证券-他山之石系列十八.pdf,20140314-海通证券-他山之石系列十八,pdf,4687433,2026-04-11T16:32:54.463955+00:00
540,海通证券,海通证券/20140409-海通证券-量化研究：他山之石系列十九.pdf,/mnt/research/研报/海通证券/20140409-海通证券-量化研究：他山之石系列十九.pdf,reports/海通证券/20140409-海通证券-量化研究：他山之石系列十九.pdf,20140409-海通证券-量化研究：他山之石系列十九.pdf,20140409-海通证券-量化研究：他山之石系列十九,pdf,5953282,2026-04-11T16:32:43.705956+00:00
541,海通证券,海通证券/20140516-海通证券-他山之石系列二十.pdf,/mnt/research/研报/海通证券/20140516-海通证券-他山之石系列二十.pdf,reports/海通证券/20140516-海通证券-他山之石系列二十.pdf,20140516-海通证券-他山之石系列二十.pdf,20140516-海通证券-他山之石系列二十,pdf,6999952,2026-04-11T16:32:30.568957+00:00
542,海通证券,海通证券/20140723-海通证券-他山之石：Bridgewater经济运行准则.pdf,/mnt/research/研报/海通证券/20140723-海通证券-他山之石：Bridgewater经济运行准则.pdf,reports/海通证券/20140723-海通证券-他山之石：Bridgewater经济运行准则.pdf,20140723-海通证券-他山之石：Bridgewater经济运行准则.pdf,20140723-海通证券-他山之石：Bridgewater经济运行准则,pdf,9459608,2026-04-11T16:32:17.887958+00:00
543,海通证券,海通证券/20140829-海通证券-金工基金研究：他山之石.pdf,/mnt/research/研报/海通证券/20140829-海通证券-金工基金研究：他山之石.pdf,reports/海通证券/20140829-海通证券-金工基金研究：他山之石.pdf,20140829-海通证券-金工基金研究：他山之石.pdf,20140829-海通证券-金工基金研究：他山之石,pdf,7203003,2026-04-11T16:31:57.793959+00:00
544,海通证券,海通证券/20141008-海通证券-他山之石：过去26周最高价及其出现时间的动量效应.pdf,/mnt/research/研报/海通证券/20141008-海通证券-他山之石：过去26周最高价及其出现时间的动量效应.pdf,reports/海通证券/20141008-海通证券-他山之石：过去26周最高价及其出现时间的动量效应.pdf,20141008-海通证券-他山之石：过去26周最高价及其出现时间的动量效应.pdf,20141008-海通证券-他山之石：过去26周最高价及其出现时间的动量效应,pdf,576701,2026-04-11T16:31:37.237960+00:00
545,海通证券,海通证券/20141014-海通证券-他山之石.pdf,/mnt/research/研报/海通证券/20141014-海通证券-他山之石.pdf,reports/海通证券/20141014-海通证券-他山之石.pdf,20141014-海通证券-他山之石.pdf,20141014-海通证券-他山之石,pdf,7133015,2026-04-11T16:31:35.762960+00:00
546,海通证券,海通证券/20141111-海通证券-他山之石本土实证系列之六：券商分析师覆盖变化对个股的影响.pdf,/mnt/research/研报/海通证券/20141111-海通证券-他山之石本土实证系列之六：券商分析师覆盖变化对个股的影响.pdf,reports/海通证券/20141111-海通证券-他山之石本土实证系列之六：券商分析师覆盖变化对个股的影响.pdf,20141111-海通证券-他山之石本土实证系列之六：券商分析师覆盖变化对个股的影响.pdf,20141111-海通证券-他山之石本土实证系列之六：券商分析师覆盖变化对个股的影响,pdf,1140909,2026-04-11T16:31:19.970961+00:00
547,海通证券,海通证券/20141114-海通证券-金工基金研究：他山之石（2014年11月）.pdf,/mnt/research/研报/海通证券/20141114-海通证券-金工基金研究：他山之石（2014年11月）.pdf,reports/海通证券/20141114-海通证券-金工基金研究：他山之石（2014年11月）.pdf,20141114-海通证券-金工基金研究：他山之石（2014年11月）.pdf,20141114-海通证券-金工基金研究：他山之石（2014年11月）,pdf,4820907,2026-04-11T16:31:17.130962+00:00
548,海通证券,海通证券/20141219-海通证券-他山之石（2014年12月）.pdf,/mnt/research/研报/海通证券/20141219-海通证券-他山之石（2014年12月）.pdf,reports/海通证券/20141219-海通证券-他山之石（2014年12月）.pdf,20141219-海通证券-他山之石（2014年12月）.pdf,20141219-海通证券-他山之石（2014年12月）,pdf,7386049,2026-04-11T16:31:04.768962+00:00
549,海通证券,海通证券/20150126-海通证券-他山之石（2015年1月）.pdf,/mnt/research/研报/海通证券/20150126-海通证券-他山之石（2015年1月）.pdf,reports/海通证券/20150126-海通证券-他山之石（2015年1月）.pdf,20150126-海通证券-他山之石（2015年1月）.pdf,20150126-海通证券-他山之石（2015年1月）,pdf,4398007,2026-04-11T16:30:48.298964+00:00
550,海通证券,海通证券/20150213-海通证券-金工基金研究：他山之石（2015年2月）.pdf,/mnt/research/研报/海通证券/20150213-海通证券-金工基金研究：他山之石（2015年2月）.pdf,reports/海通证券/20150213-海通证券-金工基金研究：他山之石（2015年2月）.pdf,20150213-海通证券-金工基金研究：他山之石（2015年2月）.pdf,20150213-海通证券-金工基金研究：他山之石（2015年2月）,pdf,1930746,2026-04-11T16:30:37.892964+00:00
551,海通证券,海通证券/20150313-海通证券-金工基金：他山之石.pdf,/mnt/research/研报/海通证券/20150313-海通证券-金工基金：他山之石.pdf,reports/海通证券/20150313-海通证券-金工基金：他山之石.pdf,20150313-海通证券-金工基金：他山之石.pdf,20150313-海通证券-金工基金：他山之石,pdf,3008171,2026-04-11T16:30:32.010965+00:00
552,海通证券,海通证券/20150317-海通证券-他山之石本土实证系列之七：股票价格形态与反转效应.pdf,/mnt/research/研报/海通证券/20150317-海通证券-他山之石本土实证系列之七：股票价格形态与反转效应.pdf,reports/海通证券/20150317-海通证券-他山之石本土实证系列之七：股票价格形态与反转效应.pdf,20150317-海通证券-他山之石本土实证系列之七：股票价格形态与反转效应.pdf,20150317-海通证券-他山之石本土实证系列之七：股票价格形态与反转效应,pdf,1375804,2026-04-11T16:30:24.339965+00:00
553,海通证券,海通证券/20150330-海通证券-他山之石本土实证之八定期报告披露期交易集中度选股.pdf,/mnt/research/研报/海通证券/20150330-海通证券-他山之石本土实证之八定期报告披露期交易集中度选股.pdf,reports/海通证券/20150330-海通证券-他山之石本土实证之八定期报告披露期交易集中度选股.pdf,20150330-海通证券-他山之石本土实证之八定期报告披露期交易集中度选股.pdf,20150330-海通证券-他山之石本土实证之八定期报告披露期交易集中度选股,pdf,667459,2026-04-11T16:30:19.806965+00:00
554,海通证券,海通证券/20150420-海通证券-金工基金研究：他山之石.pdf,/mnt/research/研报/海通证券/20150420-海通证券-金工基金研究：他山之石.pdf,reports/海通证券/20150420-海通证券-金工基金研究：他山之石.pdf,20150420-海通证券-金工基金研究：他山之石.pdf,20150420-海通证券-金工基金研究：他山之石,pdf,3429549,2026-04-11T16:30:18.378965+00:00
555,海通证券,海通证券/20150525-海通证券-他山之石系列三十一.pdf,/mnt/research/研报/海通证券/20150525-海通证券-他山之石系列三十一.pdf,reports/海通证券/20150525-海通证券-他山之石系列三十一.pdf,20150525-海通证券-他山之石系列三十一.pdf,20150525-海通证券-他山之石系列三十一,pdf,1853498,2026-04-11T16:30:12.137966+00:00
556,海通证券,海通证券/20150623-海通证券-他山之石系列之三十二.pdf,/mnt/research/研报/海通证券/20150623-海通证券-他山之石系列之三十二.pdf,reports/海通证券/20150623-海通证券-他山之石系列之三十二.pdf,20150623-海通证券-他山之石系列之三十二.pdf,20150623-海通证券-他山之石系列之三十二,pdf,2990122,2026-04-11T16:30:08.557966+00:00
557,海通证券,海通证券/20150721-海通证券-他山之石系列之三十三.pdf,/mnt/research/研报/海通证券/20150721-海通证券-他山之石系列之三十三.pdf,reports/海通证券/20150721-海通证券-他山之石系列之三十三.pdf,20150721-海通证券-他山之石系列之三十三.pdf,20150721-海通证券-他山之石系列之三十三,pdf,2333033,2026-04-11T16:30:03.291966+00:00
558,海通证券,海通证券/20150828-海通证券-金融工程专题报告：他山之石系列之三十四.pdf,/mnt/research/研报/海通证券/20150828-海通证券-金融工程专题报告：他山之石系列之三十四.pdf,reports/海通证券/20150828-海通证券-金融工程专题报告：他山之石系列之三十四.pdf,20150828-海通证券-金融工程专题报告：他山之石系列之三十四.pdf,20150828-海通证券-金融工程专题报告：他山之石系列之三十四,pdf,2269719,2026-04-11T16:29:58.614967+00:00
559,海通证券,海通证券/20150918-海通证券-医药行业他山之石系列一：以色列医疗产业深度报告.pdf,/mnt/research/研报/海通证券/20150918-海通证券-医药行业他山之石系列一：以色列医疗产业深度报告.pdf,reports/海通证券/20150918-海通证券-医药行业他山之石系列一：以色列医疗产业深度报告.pdf,20150918-海通证券-医药行业他山之石系列一：以色列医疗产业深度报告.pdf,20150918-海通证券-医药行业他山之石系列一：以色列医疗产业深度报告,pdf,1588709,2026-04-11T16:29:54.197967+00:00
560,海通证券,海通证券/20150930-海通证券-他山之石系列之三十五.pdf,/mnt/research/研报/海通证券/20150930-海通证券-他山之石系列之三十五.pdf,reports/海通证券/20150930-海通证券-他山之石系列之三十五.pdf,20150930-海通证券-他山之石系列之三十五.pdf,20150930-海通证券-他山之石系列之三十五,pdf,2661833,2026-04-11T16:29:50.659967+00:00
561,海通证券,海通证券/20151103-海通证券-他山之石系列之三十六.pdf,/mnt/research/研报/海通证券/20151103-海通证券-他山之石系列之三十六.pdf,reports/海通证券/20151103-海通证券-他山之石系列之三十六.pdf,20151103-海通证券-他山之石系列之三十六.pdf,20151103-海通证券-他山之石系列之三十六,pdf,2345841,2026-04-11T16:29:45.685968+00:00
562,海通证券,海通证券/20151120-海通证券-他山之石系列之三十七.pdf,/mnt/research/研报/海通证券/20151120-海通证券-他山之石系列之三十七.pdf,reports/海通证券/20151120-海通证券-他山之石系列之三十七.pdf,20151120-海通证券-他山之石系列之三十七.pdf,20151120-海通证券-他山之石系列之三十七,pdf,4610293,2026-04-11T16:29:41.198968+00:00
563,海通证券,海通证券/20151224-海通证券-选股因子研究系列（十）：基于波段划分的动态反转因子.pdf,/mnt/research/研报/海通证券/20151224-海通证券-选股因子研究系列（十）：基于波段划分的动态反转因子.pdf,reports/海通证券/20151224-海通证券-选股因子研究系列（十）：基于波段划分的动态反转因子.pdf,20151224-海通证券-选股因子研究系列（十）：基于波段划分的动态反转因子.pdf,20151224-海通证券-选股因子研究系列（十）：基于波段划分的动态反转因子,pdf,934669,2026-04-11T16:29:32.048969+00:00
564,海通证券,海通证券/20160606-海通证券-选股因子系列研究(十一)——Level2 行情选股因子初探.pdf,/mnt/research/研报/海通证券/20160606-海通证券-选股因子系列研究(十一)——Level2 行情选股因子初探.pdf,reports/海通证券/20160606-海通证券-选股因子系列研究(十一)——Level2 行情选股因子初探.pdf,20160606-海通证券-选股因子系列研究(十一)——Level2 行情选股因子初探.pdf,20160606-海通证券-选股因子系列研究(十一)——Level2 行情选股因子初探,pdf,1077380,2026-04-11T16:29:29.634969+00:00
565,海通证券,海通证券/20160622-海通证券-2016年中期金融工程投资策略：《选股因子新发现》.pdf,/mnt/research/研报/海通证券/20160622-海通证券-2016年中期金融工程投资策略：《选股因子新发现》.pdf,reports/海通证券/20160622-海通证券-2016年中期金融工程投资策略：《选股因子新发现》.pdf,20160622-海通证券-2016年中期金融工程投资策略：《选股因子新发现》.pdf,20160622-海通证券-2016年中期金融工程投资策略：《选股因子新发现》,pdf,1035588,2026-04-11T16:29:27.301969+00:00
566,海通证券,海通证券/20160627-海通证券-选股因子系列研究(十二)——“量”与“价”.pdf,/mnt/research/研报/海通证券/20160627-海通证券-选股因子系列研究(十二)——“量”与“价”.pdf,reports/海通证券/20160627-海通证券-选股因子系列研究(十二)——“量”与“价”.pdf,20160627-海通证券-选股因子系列研究(十二)——“量”与“价”.pdf,20160627-海通证券-选股因子系列研究(十二)——“量”与“价”,pdf,1035930,2026-04-11T16:29:24.319969+00:00
567,海通证券,海通证券/20160719-海通证券-选股因子系列研究十三：因子大讲坛.pdf,/mnt/research/研报/海通证券/20160719-海通证券-选股因子系列研究十三：因子大讲坛.pdf,reports/海通证券/20160719-海通证券-选股因子系列研究十三：因子大讲坛.pdf,20160719-海通证券-选股因子系列研究十三：因子大讲坛.pdf,20160719-海通证券-选股因子系列研究十三：因子大讲坛,pdf,1424260,2026-04-11T16:29:21.290969+00:00
568,海通证券,海通证券/20160830-海通证券-选股因子系列研究(十六)——选股因子空.pdf,/mnt/research/研报/海通证券/20160830-海通证券-选股因子系列研究(十六)——选股因子空.pdf,reports/海通证券/20160830-海通证券-选股因子系列研究(十六)——选股因子空.pdf,20160830-海通证券-选股因子系列研究(十六)——选股因子空.pdf,20160830-海通证券-选股因子系列研究(十六)——选股因子空,pdf,1069237,2026-04-11T16:29:17.308969+00:00
569,海通证券,海通证券/20160928-海通证券-选股因子系列研究（十五）——“博彩型”股票的预期收益.pdf,/mnt/research/研报/海通证券/20160928-海通证券-选股因子系列研究（十五）——“博彩型”股票的预期收益.pdf,reports/海通证券/20160928-海通证券-选股因子系列研究（十五）——“博彩型”股票的预期收益.pdf,20160928-海通证券-选股因子系列研究（十五）——“博彩型”股票的预期收益.pdf,20160928-海通证券-选股因子系列研究（十五）——“博彩型”股票的预期收益,pdf,891208,2026-04-11T16:29:14.312970+00:00
570,海通证券,海通证券/20170119-海通证券-选股因子系列研究（十七）：选股因子的正交.pdf,/mnt/research/研报/海通证券/20170119-海通证券-选股因子系列研究（十七）：选股因子的正交.pdf,reports/海通证券/20170119-海通证券-选股因子系列研究（十七）：选股因子的正交.pdf,20170119-海通证券-选股因子系列研究（十七）：选股因子的正交.pdf,20170119-海通证券-选股因子系列研究（十七）：选股因子的正交,pdf,1042361,2026-04-11T16:29:11.791970+00:00
571,海通证券,海通证券/20170227-海通证券-双面波动率~波动率因子的分解与截面收益.pdf,/mnt/research/研报/海通证券/20170227-海通证券-双面波动率~波动率因子的分解与截面收益.pdf,reports/海通证券/20170227-海通证券-双面波动率~波动率因子的分解与截面收益.pdf,20170227-海通证券-双面波动率~波动率因子的分解与截面收益.pdf,20170227-海通证券-双面波动率~波动率因子的分解与截面收益,pdf,801327,2026-04-11T16:29:09.414970+00:00
572,海通证券,海通证券/20170302-海通证券-金融工程专题报告：价量新因子测试.pdf,/mnt/research/研报/海通证券/20170302-海通证券-金融工程专题报告：价量新因子测试.pdf,reports/海通证券/20170302-海通证券-金融工程专题报告：价量新因子测试.pdf,20170302-海通证券-金融工程专题报告：价量新因子测试.pdf,20170302-海通证券-金融工程专题报告：价量新因子测试,pdf,923573,2026-04-11T16:29:07.934970+00:00
573,海通证券,海通证券/20170328-海通证券-选股因子系列研究（十八）：价格形态选股因子.pdf,/mnt/research/研报/海通证券/20170328-海通证券-选股因子系列研究（十八）：价格形态选股因子.pdf,reports/海通证券/20170328-海通证券-选股因子系列研究（十八）：价格形态选股因子.pdf,20170328-海通证券-选股因子系列研究（十八）：价格形态选股因子.pdf,20170328-海通证券-选股因子系列研究（十八）：价格形态选股因子,pdf,909214,2026-04-11T16:29:06.196970+00:00
574,海通证券,海通证券/20170331-海通证券-《量化多因子模型在港股通中的应用》.pdf,/mnt/research/研报/海通证券/20170331-海通证券-《量化多因子模型在港股通中的应用》.pdf,reports/海通证券/20170331-海通证券-《量化多因子模型在港股通中的应用》.pdf,20170331-海通证券-《量化多因子模型在港股通中的应用》.pdf,20170331-海通证券-《量化多因子模型在港股通中的应用》,pdf,770129,2026-04-11T16:29:04.816970+00:00
575,海通证券,海通证券/20170406-海通证券-海通证券债市一致预期调查第32期结果分析：信用风险升温，现金资产为王.pdf,/mnt/research/研报/海通证券/20170406-海通证券-海通证券债市一致预期调查第32期结果分析：信用风险升温，现金资产为王.pdf,reports/海通证券/20170406-海通证券-海通证券债市一致预期调查第32期结果分析：信用风险升温，现金资产为王.pdf,20170406-海通证券-海通证券债市一致预期调查第32期结果分析：信用风险升温，现金资产为王.pdf,20170406-海通证券-海通证券债市一致预期调查第32期结果分析：信用风险升温，现金资产为王,pdf,895536,2026-04-11T16:29:02.948970+00:00
576,海通证券,海通证券/20170407-海通证券-量化研究新思维（一）：对选股因子择时.pdf,/mnt/research/研报/海通证券/20170407-海通证券-量化研究新思维（一）：对选股因子择时.pdf,reports/海通证券/20170407-海通证券-量化研究新思维（一）：对选股因子择时.pdf,20170407-海通证券-量化研究新思维（一）：对选股因子择时.pdf,20170407-海通证券-量化研究新思维（一）：对选股因子择时,pdf,750218,2026-04-11T16:29:01.130970+00:00
577,海通证券,海通证券/20170413-海通证券-金融工程专题报告：因子视角下的事件驱动策略收益.pdf,/mnt/research/研报/海通证券/20170413-海通证券-金融工程专题报告：因子视角下的事件驱动策略收益.pdf,reports/海通证券/20170413-海通证券-金融工程专题报告：因子视角下的事件驱动策略收益.pdf,20170413-海通证券-金融工程专题报告：因子视角下的事件驱动策略收益.pdf,20170413-海通证券-金融工程专题报告：因子视角下的事件驱动策略收益,pdf,928151,2026-04-11T16:28:59.674971+00:00
578,海通证券,海通证券/20170423-海通证券-多因子跟踪周报.pdf,/mnt/research/研报/海通证券/20170423-海通证券-多因子跟踪周报.pdf,reports/海通证券/20170423-海通证券-多因子跟踪周报.pdf,20170423-海通证券-多因子跟踪周报.pdf,20170423-海通证券-多因子跟踪周报,pdf,617472,2026-04-11T16:28:57.876971+00:00
579,海通证券,海通证券/20170429-海通证券-海通量化多因子组合1.0业绩跟踪.pdf,/mnt/research/研报/海通证券/20170429-海通证券-海通量化多因子组合1.0业绩跟踪.pdf,reports/海通证券/20170429-海通证券-海通量化多因子组合1.0业绩跟踪.pdf,20170429-海通证券-海通量化多因子组合1.0业绩跟踪.pdf,20170429-海通证券-海通量化多因子组合1.0业绩跟踪,pdf,566231,2026-04-11T16:28:56.598971+00:00
580,海通证券,海通证券/20170505-海通证券-选股因子系列研究（十九）：高频因子之股票收益分布特征.pdf,/mnt/research/研报/海通证券/20170505-海通证券-选股因子系列研究（十九）：高频因子之股票收益分布特征.pdf,reports/海通证券/20170505-海通证券-选股因子系列研究（十九）：高频因子之股票收益分布特征.pdf,20170505-海通证券-选股因子系列研究（十九）：高频因子之股票收益分布特征.pdf,20170505-海通证券-选股因子系列研究（十九）：高频因子之股票收益分布特征,pdf,1484179,2026-04-11T16:28:55.577971+00:00
581,海通证券,海通证券/20170627-海通证券-选股因子系列研究（二十一）：分析师一致预期相关因子.pdf,/mnt/research/研报/海通证券/20170627-海通证券-选股因子系列研究（二十一）：分析师一致预期相关因子.pdf,reports/海通证券/20170627-海通证券-选股因子系列研究（二十一）：分析师一致预期相关因子.pdf,20170627-海通证券-选股因子系列研究（二十一）：分析师一致预期相关因子.pdf,20170627-海通证券-选股因子系列研究（二十一）：分析师一致预期相关因子,pdf,1757184,2026-04-11T16:28:52.676971+00:00
582,海通证券,海通证券/20170704-海通证券-选股因子系列研究（二十二）：分析师覆盖度与股票预期收益.pdf,/mnt/research/研报/海通证券/20170704-海通证券-选股因子系列研究（二十二）：分析师覆盖度与股票预期收益.pdf,reports/海通证券/20170704-海通证券-选股因子系列研究（二十二）：分析师覆盖度与股票预期收益.pdf,20170704-海通证券-选股因子系列研究（二十二）：分析师覆盖度与股票预期收益.pdf,20170704-海通证券-选股因子系列研究（二十二）：分析师覆盖度与股票预期收益,pdf,1005981,2026-04-11T16:28:49.073971+00:00
583,海通证券,海通证券/20170726-海通证券-选股因子系列研究（二十三）：历史财务信息对股票收益的预测能力.pdf,/mnt/research/研报/海通证券/20170726-海通证券-选股因子系列研究（二十三）：历史财务信息对股票收益的预测能力.pdf,reports/海通证券/20170726-海通证券-选股因子系列研究（二十三）：历史财务信息对股票收益的预测能力.pdf,20170726-海通证券-选股因子系列研究（二十三）：历史财务信息对股票收益的预测能力.pdf,20170726-海通证券-选股因子系列研究（二十三）：历史财务信息对股票收益的预测能力,pdf,1097201,2026-04-11T16:28:46.749971+00:00
584,海通证券,海通证券/20170828-海通证券-选股因子系列研究（二十四）：基于拟合优度和波动率调整的因子溢价估计.pdf,/mnt/research/研报/海通证券/20170828-海通证券-选股因子系列研究（二十四）：基于拟合优度和波动率调整的因子溢价估计.pdf,reports/海通证券/20170828-海通证券-选股因子系列研究（二十四）：基于拟合优度和波动率调整的因子溢价估计.pdf,20170828-海通证券-选股因子系列研究（二十四）：基于拟合优度和波动率调整的因子溢价估计.pdf,20170828-海通证券-选股因子系列研究（二十四）：基于拟合优度和波动率调整的因子溢价估计,pdf,1112771,2026-04-11T16:28:43.467972+00:00
585,海通证券,海通证券/20170909-海通证券-选股因子系列研究（二十五）：高频因子之已实现波动分解.pdf,/mnt/research/研报/海通证券/20170909-海通证券-选股因子系列研究（二十五）：高频因子之已实现波动分解.pdf,reports/海通证券/20170909-海通证券-选股因子系列研究（二十五）：高频因子之已实现波动分解.pdf,20170909-海通证券-选股因子系列研究（二十五）：高频因子之已实现波动分解.pdf,20170909-海通证券-选股因子系列研究（二十五）：高频因子之已实现波动分解,pdf,1254488,2026-04-11T16:28:39.974972+00:00
586,海通证券,海通证券/20171009-海通证券-选股因子系列研究（二十六）：因子加权、正交和择时的若干性质.pdf,/mnt/research/研报/海通证券/20171009-海通证券-选股因子系列研究（二十六）：因子加权、正交和择时的若干性质.pdf,reports/海通证券/20171009-海通证券-选股因子系列研究（二十六）：因子加权、正交和择时的若干性质.pdf,20171009-海通证券-选股因子系列研究（二十六）：因子加权、正交和择时的若干性质.pdf,20171009-海通证券-选股因子系列研究（二十六）：因子加权、正交和择时的若干性质,pdf,1254487,2026-04-11T16:28:36.533972+00:00
587,海通证券,海通证券/20171016-海通证券-量化研究新思维（四）：动量崩溃.pdf,/mnt/research/研报/海通证券/20171016-海通证券-量化研究新思维（四）：动量崩溃.pdf,reports/海通证券/20171016-海通证券-量化研究新思维（四）：动量崩溃.pdf,20171016-海通证券-量化研究新思维（四）：动量崩溃.pdf,20171016-海通证券-量化研究新思维（四）：动量崩溃,pdf,1225554,2026-04-11T16:28:33.023972+00:00
588,海通证券,海通证券/20171018-海通证券-选股因子系列研究（二十七）：分位数回归在多因子选股中的应用.pdf,/mnt/research/研报/海通证券/20171018-海通证券-选股因子系列研究（二十七）：分位数回归在多因子选股中的应用.pdf,reports/海通证券/20171018-海通证券-选股因子系列研究（二十七）：分位数回归在多因子选股中的应用.pdf,20171018-海通证券-选股因子系列研究（二十七）：分位数回归在多因子选股中的应用.pdf,20171018-海通证券-选股因子系列研究（二十七）：分位数回归在多因子选股中的应用,pdf,1446773,2026-04-11T16:28:29.849972+00:00
589,海通证券,海通证券/20171027-海通证券-金融工程专题选股因子系列研究（二十八）：一致预期质量分析.pdf,/mnt/research/研报/海通证券/20171027-海通证券-金融工程专题选股因子系列研究（二十八）：一致预期质量分析.pdf,reports/海通证券/20171027-海通证券-金融工程专题选股因子系列研究（二十八）：一致预期质量分析.pdf,20171027-海通证券-金融工程专题选股因子系列研究（二十八）：一致预期质量分析.pdf,20171027-海通证券-金融工程专题选股因子系列研究（二十八）：一致预期质量分析,pdf,889548,2026-04-11T16:28:26.234973+00:00
590,海通证券,海通证券/20171102-海通证券-学术研究中的财务异象与本土实证（二）：盈利质量.pdf,/mnt/research/研报/海通证券/20171102-海通证券-学术研究中的财务异象与本土实证（二）：盈利质量.pdf,reports/海通证券/20171102-海通证券-学术研究中的财务异象与本土实证（二）：盈利质量.pdf,20171102-海通证券-学术研究中的财务异象与本土实证（二）：盈利质量.pdf,20171102-海通证券-学术研究中的财务异象与本土实证（二）：盈利质量,pdf,1693820,2026-04-11T16:28:23.585973+00:00
591,海通证券,海通证券/20171224-海通证券-选股因子系列研究（三十）：因子择时模型改进与择时指标库构建.pdf,/mnt/research/研报/海通证券/20171224-海通证券-选股因子系列研究（三十）：因子择时模型改进与择时指标库构建.pdf,reports/海通证券/20171224-海通证券-选股因子系列研究（三十）：因子择时模型改进与择时指标库构建.pdf,20171224-海通证券-选股因子系列研究（三十）：因子择时模型改进与择时指标库构建.pdf,20171224-海通证券-选股因子系列研究（三十）：因子择时模型改进与择时指标库构建,pdf,1393218,2026-04-11T16:28:19.145973+00:00
592,海通证券,海通证券/20180104-海通证券-选股因子系列研究（三十一）：因子择时指标的筛选.pdf,/mnt/research/研报/海通证券/20180104-海通证券-选股因子系列研究（三十一）：因子择时指标的筛选.pdf,reports/海通证券/20180104-海通证券-选股因子系列研究（三十一）：因子择时指标的筛选.pdf,20180104-海通证券-选股因子系列研究（三十一）：因子择时指标的筛选.pdf,20180104-海通证券-选股因子系列研究（三十一）：因子择时指标的筛选,pdf,1504730,2026-04-11T16:28:15.519974+00:00
593,海通证券,海通证券/20180110-海通证券-2017因子“奥林匹克”：因子投资与Smart_Beta研究（二）.pdf,/mnt/research/研报/海通证券/20180110-海通证券-2017因子“奥林匹克”：因子投资与Smart_Beta研究（二）.pdf,reports/海通证券/20180110-海通证券-2017因子“奥林匹克”：因子投资与Smart_Beta研究（二）.pdf,20180110-海通证券-2017因子“奥林匹克”：因子投资与Smart_Beta研究（二）.pdf,20180110-海通证券-2017因子“奥林匹克”：因子投资与Smart_Beta研究（二）,pdf,780159,2026-04-11T16:28:10.717974+00:00
594,海通证券,海通证券/20180410-海通证券-行业轮动系列研究7：行业间动量和趋势因子的应用分析.pdf,/mnt/research/研报/海通证券/20180410-海通证券-行业轮动系列研究7：行业间动量和趋势因子的应用分析.pdf,reports/海通证券/20180410-海通证券-行业轮动系列研究7：行业间动量和趋势因子的应用分析.pdf,20180410-海通证券-行业轮动系列研究7：行业间动量和趋势因子的应用分析.pdf,20180410-海通证券-行业轮动系列研究7：行业间动量和趋势因子的应用分析,pdf,1401273,2026-04-11T16:28:08.188974+00:00
595,海通证券,海通证券/20180523-海通证券-选股因子系列研究（三十三）：预期调整类因子的收益特征.pdf,/mnt/research/研报/海通证券/20180523-海通证券-选股因子系列研究（三十三）：预期调整类因子的收益特征.pdf,reports/海通证券/20180523-海通证券-选股因子系列研究（三十三）：预期调整类因子的收益特征.pdf,20180523-海通证券-选股因子系列研究（三十三）：预期调整类因子的收益特征.pdf,20180523-海通证券-选股因子系列研究（三十三）：预期调整类因子的收益特征,pdf,937129,2026-04-11T16:28:04.524974+00:00
596,海通证券,海通证券/20180624-海通证券-选股因子系列研究（三十四）：宏观经济数据可以用来选股吗？.pdf,/mnt/research/研报/海通证券/20180624-海通证券-选股因子系列研究（三十四）：宏观经济数据可以用来选股吗？.pdf,reports/海通证券/20180624-海通证券-选股因子系列研究（三十四）：宏观经济数据可以用来选股吗？.pdf,20180624-海通证券-选股因子系列研究（三十四）：宏观经济数据可以用来选股吗？.pdf,20180624-海通证券-选股因子系列研究（三十四）：宏观经济数据可以用来选股吗？,pdf,1569274,2026-04-11T16:28:01.824975+00:00
597,海通证券,海通证券/20180718-海通证券-行业轮动系列研究12：行业量价因子的使用方法探讨.pdf,/mnt/research/研报/海通证券/20180718-海通证券-行业轮动系列研究12：行业量价因子的使用方法探讨.pdf,reports/海通证券/20180718-海通证券-行业轮动系列研究12：行业量价因子的使用方法探讨.pdf,20180718-海通证券-行业轮动系列研究12：行业量价因子的使用方法探讨.pdf,20180718-海通证券-行业轮动系列研究12：行业量价因子的使用方法探讨,pdf,1105025,2026-04-11T16:27:57.995975+00:00
598,海通证券,海通证券/20180816-海通证券-选股因子系列研究（三十六）：哪些宏观经济指标存在选股效应？.pdf,/mnt/research/研报/海通证券/20180816-海通证券-选股因子系列研究（三十六）：哪些宏观经济指标存在选股效应？.pdf,reports/海通证券/20180816-海通证券-选股因子系列研究（三十六）：哪些宏观经济指标存在选股效应？.pdf,20180816-海通证券-选股因子系列研究（三十六）：哪些宏观经济指标存在选股效应？.pdf,20180816-海通证券-选股因子系列研究（三十六）：哪些宏观经济指标存在选股效应？,pdf,1758856,2026-04-11T16:27:55.424975+00:00
599,海通证券,海通证券/20180828-海通证券-选股因子系列研究（三十七）：A股是否存在异质动量效应？.pdf,/mnt/research/研报/海通证券/20180828-海通证券-选股因子系列研究（三十七）：A股是否存在异质动量效应？.pdf,reports/海通证券/20180828-海通证券-选股因子系列研究（三十七）：A股是否存在异质动量效应？.pdf,20180828-海通证券-选股因子系列研究（三十七）：A股是否存在异质动量效应？.pdf,20180828-海通证券-选股因子系列研究（三十七）：A股是否存在异质动量效应？,pdf,935387,2026-04-11T16:27:50.856975+00:00
600,海通证券,海通证券/20180912-海通证券-FICC系列研究之十一：揭开“逆周期因子”的神秘面纱.pdf,/mnt/research/研报/海通证券/20180912-海通证券-FICC系列研究之十一：揭开“逆周期因子”的神秘面纱.pdf,reports/海通证券/20180912-海通证券-FICC系列研究之十一：揭开“逆周期因子”的神秘面纱.pdf,20180912-海通证券-FICC系列研究之十一：揭开“逆周期因子”的神秘面纱.pdf,20180912-海通证券-FICC系列研究之十一：揭开“逆周期因子”的神秘面纱,pdf,1324307,2026-04-11T16:27:48.525975+00:00
601,海通证券,海通证券/20190221-海通证券-选股因子系列研究（四十五）：质量因子.pdf,/mnt/research/研报/海通证券/20190221-海通证券-选股因子系列研究（四十五）：质量因子.pdf,reports/海通证券/20190221-海通证券-选股因子系列研究（四十五）：质量因子.pdf,20190221-海通证券-选股因子系列研究（四十五）：质量因子.pdf,20190221-海通证券-选股因子系列研究（四十五）：质量因子,pdf,1849692,2026-04-11T16:27:45.583976+00:00
602,海通证券,海通证券/20190416-海通证券-选股因子系列研究（四十六）：日内分时成交中的玄机.pdf,/mnt/research/研报/海通证券/20190416-海通证券-选股因子系列研究（四十六）：日内分时成交中的玄机.pdf,reports/海通证券/20190416-海通证券-选股因子系列研究（四十六）：日内分时成交中的玄机.pdf,20190416-海通证券-选股因子系列研究（四十六）：日内分时成交中的玄机.pdf,20190416-海通证券-选股因子系列研究（四十六）：日内分时成交中的玄机,pdf,2473938,2026-04-11T16:27:39.842976+00:00
603,海通证券,海通证券/20190509-海通证券-选股因子系列研究（四十七）：捕捉投资者的交易意愿.pdf,/mnt/research/研报/海通证券/20190509-海通证券-选股因子系列研究（四十七）：捕捉投资者的交易意愿.pdf,reports/海通证券/20190509-海通证券-选股因子系列研究（四十七）：捕捉投资者的交易意愿.pdf,20190509-海通证券-选股因子系列研究（四十七）：捕捉投资者的交易意愿.pdf,20190509-海通证券-选股因子系列研究（四十七）：捕捉投资者的交易意愿,pdf,3490810,2026-04-11T16:27:34.400976+00:00
604,海通证券,海通证券/20190617-海通证券-金融科技（Fintech）和数据挖掘研究（三）：量化因子的批量生产与集中管理.pdf,/mnt/research/研报/海通证券/20190617-海通证券-金融科技（Fintech）和数据挖掘研究（三）：量化因子的批量生产与集中管理.pdf,reports/海通证券/20190617-海通证券-金融科技（Fintech）和数据挖掘研究（三）：量化因子的批量生产与集中管理.pdf,20190617-海通证券-金融科技（Fintech）和数据挖掘研究（三）：量化因子的批量生产与集中管理.pdf,20190617-海通证券-金融科技（Fintech）和数据挖掘研究（三）：量化因子的批量生产与集中管理,pdf,2542314,2026-04-11T16:27:27.322977+00:00
605,海通证券,海通证券/20190824-海通证券-选股因子系列研究（五十三）：上市公司股价关系网因子.pdf,/mnt/research/研报/海通证券/20190824-海通证券-选股因子系列研究（五十三）：上市公司股价关系网因子.pdf,reports/海通证券/20190824-海通证券-选股因子系列研究（五十三）：上市公司股价关系网因子.pdf,20190824-海通证券-选股因子系列研究（五十三）：上市公司股价关系网因子.pdf,20190824-海通证券-选股因子系列研究（五十三）：上市公司股价关系网因子,pdf,2736707,2026-04-11T16:27:22.682977+00:00
606,海通证券,海通证券/20190924-海通证券-选股因子系列研究（五十五）：价量波动幅度.pdf,/mnt/research/研报/海通证券/20190924-海通证券-选股因子系列研究（五十五）：价量波动幅度.pdf,reports/海通证券/20190924-海通证券-选股因子系列研究（五十五）：价量波动幅度.pdf,20190924-海通证券-选股因子系列研究（五十五）：价量波动幅度.pdf,20190924-海通证券-选股因子系列研究（五十五）：价量波动幅度,pdf,1748076,2026-04-11T16:27:17.492977+00:00
607,海通证券,海通证券/20191107-海通证券-选股因子系列研究（五十六）：买卖单数据中的Alpha.pdf,/mnt/research/研报/海通证券/20191107-海通证券-选股因子系列研究（五十六）：买卖单数据中的Alpha.pdf,reports/海通证券/20191107-海通证券-选股因子系列研究（五十六）：买卖单数据中的Alpha.pdf,20191107-海通证券-选股因子系列研究（五十六）：买卖单数据中的Alpha.pdf,20191107-海通证券-选股因子系列研究（五十六）：买卖单数据中的Alpha,pdf,2434814,2026-04-11T16:27:13.011978+00:00
608,海通证券,海通证券/20191128-海通证券-从三季度大幅回撤说起：CTA多因子策略反思与改进方向.pdf,/mnt/research/研报/海通证券/20191128-海通证券-从三季度大幅回撤说起：CTA多因子策略反思与改进方向.pdf,reports/海通证券/20191128-海通证券-从三季度大幅回撤说起：CTA多因子策略反思与改进方向.pdf,20191128-海通证券-从三季度大幅回撤说起：CTA多因子策略反思与改进方向.pdf,20191128-海通证券-从三季度大幅回撤说起：CTA多因子策略反思与改进方向,pdf,1972422,2026-04-11T16:27:08.059978+00:00
609,海通证券,海通证券/20191225-海通证券-金融工程专题报告：短周期交易策略研究之二，基于日内收益分布特征的股指期货交易策略.pdf,/mnt/research/研报/海通证券/20191225-海通证券-金融工程专题报告：短周期交易策略研究之二，基于日内收益分布特征的股指期货交易策略.pdf,reports/海通证券/20191225-海通证券-金融工程专题报告：短周期交易策略研究之二，基于日内收益分布特征的股指期货交易策略.pdf,20191225-海通证券-金融工程专题报告：短周期交易策略研究之二，基于日内收益分布特征的股指期货交易策略.pdf,20191225-海通证券-金融工程专题报告：短周期交易策略研究之二，基于日内收益分布特征的股指期货交易策略,pdf,1166370,2026-04-11T16:27:03.203978+00:00
610,海通证券,海通证券/20200112-海通证券-选股因子系列研究（五十七）：基于主动买入行为的选股因子.pdf,/mnt/research/研报/海通证券/20200112-海通证券-选股因子系列研究（五十七）：基于主动买入行为的选股因子.pdf,reports/海通证券/20200112-海通证券-选股因子系列研究（五十七）：基于主动买入行为的选股因子.pdf,20200112-海通证券-选股因子系列研究（五十七）：基于主动买入行为的选股因子.pdf,20200112-海通证券-选股因子系列研究（五十七）：基于主动买入行为的选股因子,pdf,3604618,2026-04-11T16:27:00.037978+00:00
611,海通证券,海通证券/20200214-海通证券-选股因子系列研究（五十八）：知情交易与主买主卖.pdf,/mnt/research/研报/海通证券/20200214-海通证券-选股因子系列研究（五十八）：知情交易与主买主卖.pdf,reports/海通证券/20200214-海通证券-选股因子系列研究（五十八）：知情交易与主买主卖.pdf,20200214-海通证券-选股因子系列研究（五十八）：知情交易与主买主卖.pdf,20200214-海通证券-选股因子系列研究（五十八）：知情交易与主买主卖,pdf,2926102,2026-04-11T16:26:50.894979+00:00
612,海通证券,海通证券/20200223-海通证券-选股因子系列研究（五十九）：基于逐笔成交数据的高频因子梳理.pdf,/mnt/research/研报/海通证券/20200223-海通证券-选股因子系列研究（五十九）：基于逐笔成交数据的高频因子梳理.pdf,reports/海通证券/20200223-海通证券-选股因子系列研究（五十九）：基于逐笔成交数据的高频因子梳理.pdf,20200223-海通证券-选股因子系列研究（五十九）：基于逐笔成交数据的高频因子梳理.pdf,20200223-海通证券-选股因子系列研究（五十九）：基于逐笔成交数据的高频因子梳理,pdf,1876521,2026-04-11T16:26:44.082979+00:00
613,海通证券,海通证券/20210120-海通证券-选股因子系列研究（七十二）：大单的精细化处理与大单因子重构.pdf,/mnt/research/研报/海通证券/20210120-海通证券-选股因子系列研究（七十二）：大单的精细化处理与大单因子重构.pdf,reports/海通证券/20210120-海通证券-选股因子系列研究（七十二）：大单的精细化处理与大单因子重构.pdf,20210120-海通证券-选股因子系列研究（七十二）：大单的精细化处理与大单因子重构.pdf,20210120-海通证券-选股因子系列研究（七十二）：大单的精细化处理与大单因子重构,pdf,936221,2026-04-11T16:26:39.091980+00:00
614,海通证券,海通证券/20221024-海通证券-选股因子系列研究（八十五）：买卖单主动成交中的隐藏信息.pdf,/mnt/research/研报/海通证券/20221024-海通证券-选股因子系列研究（八十五）：买卖单主动成交中的隐藏信息.pdf,reports/海通证券/20221024-海通证券-选股因子系列研究（八十五）：买卖单主动成交中的隐藏信息.pdf,20221024-海通证券-选股因子系列研究（八十五）：买卖单主动成交中的隐藏信息.pdf,20221024-海通证券-选股因子系列研究（八十五）：买卖单主动成交中的隐藏信息,pdf,1264638,2026-04-11T16:26:36.235980+00:00
615,海通证券,海通证券/20230108-海通证券-高频因子2022年度总结（上）：高频因子在量化选股策略中已不可或缺？以中证1000增强为例.pdf,/mnt/research/研报/海通证券/20230108-海通证券-高频因子2022年度总结（上）：高频因子在量化选股策略中已不可或缺？以中证1000增强为例.pdf,reports/海通证券/20230108-海通证券-高频因子2022年度总结（上）：高频因子在量化选股策略中已不可或缺？以中证1000增强为例.pdf,20230108-海通证券-高频因子2022年度总结（上）：高频因子在量化选股策略中已不可或缺？以中证1000增强为例.pdf,20230108-海通证券-高频因子2022年度总结（上）：高频因子在量化选股策略中已不可或缺？以中证1000增强为例,pdf,2017193,2026-04-11T16:26:33.313980+00:00
616,海通证券,海通证券/20230130-海通证券-选股因子系列研究（八十六）：深度学习高频因子的特征工程.pdf,/mnt/research/研报/海通证券/20230130-海通证券-选股因子系列研究（八十六）：深度学习高频因子的特征工程.pdf,reports/海通证券/20230130-海通证券-选股因子系列研究（八十六）：深度学习高频因子的特征工程.pdf,20230130-海通证券-选股因子系列研究（八十六）：深度学习高频因子的特征工程.pdf,20230130-海通证券-选股因子系列研究（八十六）：深度学习高频因子的特征工程,pdf,1196158,2026-04-11T16:26:27.031981+00:00
617,海通证券,海通证券/20230513-海通证券-选股因子系列研究（八十七）：高频与日度量价数据混合的深度学习因子.pdf,/mnt/research/研报/海通证券/20230513-海通证券-选股因子系列研究（八十七）：高频与日度量价数据混合的深度学习因子.pdf,reports/海通证券/20230513-海通证券-选股因子系列研究（八十七）：高频与日度量价数据混合的深度学习因子.pdf,20230513-海通证券-选股因子系列研究（八十七）：高频与日度量价数据混合的深度学习因子.pdf,20230513-海通证券-选股因子系列研究（八十七）：高频与日度量价数据混合的深度学习因子,pdf,1617705,2026-04-11T16:26:22.693981+00:00
618,海通证券,海通证券/20231025-海通证券-选股因子系列研究（八十九）：买入评级因子的改进及其在大盘股优选策略中的应用.pdf,/mnt/research/研报/海通证券/20231025-海通证券-选股因子系列研究（八十九）：买入评级因子的改进及其在大盘股优选策略中的应用.pdf,reports/海通证券/20231025-海通证券-选股因子系列研究（八十九）：买入评级因子的改进及其在大盘股优选策略中的应用.pdf,20231025-海通证券-选股因子系列研究（八十九）：买入评级因子的改进及其在大盘股优选策略中的应用.pdf,20231025-海通证券-选股因子系列研究（八十九）：买入评级因子的改进及其在大盘股优选策略中的应用,pdf,982924,2026-04-11T16:26:17.416981+00:00
619,海通证券,海通证券/20240126-海通证券-选股因子系列研究（九十三）：深度学习因子的“模型动物园”.pdf,/mnt/research/研报/海通证券/20240126-海通证券-选股因子系列研究（九十三）：深度学习因子的“模型动物园”.pdf,reports/海通证券/20240126-海通证券-选股因子系列研究（九十三）：深度学习因子的“模型动物园”.pdf,20240126-海通证券-选股因子系列研究（九十三）：深度学习因子的“模型动物园”.pdf,20240126-海通证券-选股因子系列研究（九十三）：深度学习因子的“模型动物园”,pdf,1629748,2026-04-11T16:26:15.351981+00:00
620,海通证券,海通证券/20240206-海通证券-选股因子系列研究（九十四）：卖方分析师的目标价，有用吗？怎么用？.pdf,/mnt/research/研报/海通证券/20240206-海通证券-选股因子系列研究（九十四）：卖方分析师的目标价，有用吗？怎么用？.pdf,reports/海通证券/20240206-海通证券-选股因子系列研究（九十四）：卖方分析师的目标价，有用吗？怎么用？.pdf,20240206-海通证券-选股因子系列研究（九十四）：卖方分析师的目标价，有用吗？怎么用？.pdf,20240206-海通证券-选股因子系列研究（九十四）：卖方分析师的目标价，有用吗？怎么用？,pdf,1162078,2026-04-11T16:26:11.925982+00:00
621,海通证券,海通证券/20240220-海通证券-选股因子系列研究（九十五）：冲击成本的预测和应用.pdf,/mnt/research/研报/海通证券/20240220-海通证券-选股因子系列研究（九十五）：冲击成本的预测和应用.pdf,reports/海通证券/20240220-海通证券-选股因子系列研究（九十五）：冲击成本的预测和应用.pdf,20240220-海通证券-选股因子系列研究（九十五）：冲击成本的预测和应用.pdf,20240220-海通证券-选股因子系列研究（九十五）：冲击成本的预测和应用,pdf,1116577,2026-04-11T16:26:09.590982+00:00
622,海通证券,海通证券/20240227-海通证券-金融工程专题报告：本轮小微盘股回撤期间，各类投资者的持仓如何变化？.pdf,/mnt/research/研报/海通证券/20240227-海通证券-金融工程专题报告：本轮小微盘股回撤期间，各类投资者的持仓如何变化？.pdf,reports/海通证券/20240227-海通证券-金融工程专题报告：本轮小微盘股回撤期间，各类投资者的持仓如何变化？.pdf,20240227-海通证券-金融工程专题报告：本轮小微盘股回撤期间，各类投资者的持仓如何变化？.pdf,20240227-海通证券-金融工程专题报告：本轮小微盘股回撤期间，各类投资者的持仓如何变化？,pdf,1243819,2026-04-11T16:26:07.417982+00:00
623,海通证券,海通证券/20240422-海通证券-选股因子系列（九十六）：动量beta的择时、优选与alpha因子构建.pdf,/mnt/research/研报/海通证券/20240422-海通证券-选股因子系列（九十六）：动量beta的择时、优选与alpha因子构建.pdf,reports/海通证券/20240422-海通证券-选股因子系列（九十六）：动量beta的择时、优选与alpha因子构建.pdf,20240422-海通证券-选股因子系列（九十六）：动量beta的择时、优选与alpha因子构建.pdf,20240422-海通证券-选股因子系列（九十六）：动量beta的择时、优选与alpha因子构建,pdf,1246967,2026-04-11T16:26:04.828982+00:00
624,海通证券,海通证券/《他山之石》实证系列之一：从持股变动挖掘股票情绪信息.pdf,/mnt/research/研报/海通证券/《他山之石》实证系列之一：从持股变动挖掘股票情绪信息.pdf,reports/海通证券/《他山之石》实证系列之一：从持股变动挖掘股票情绪信息.pdf,《他山之石》实证系列之一：从持股变动挖掘股票情绪信息.pdf,《他山之石》实证系列之一：从持股变动挖掘股票情绪信息,pdf,2011173,2026-04-11T16:26:02.230982+00:00
625,海通证券,海通证券/他山之石本土实证之三：聚焦被“忽视”的超预期.pdf,/mnt/research/研报/海通证券/他山之石本土实证之三：聚焦被“忽视”的超预期.pdf,reports/海通证券/他山之石本土实证之三：聚焦被“忽视”的超预期.pdf,他山之石本土实证之三：聚焦被“忽视”的超预期.pdf,他山之石本土实证之三：聚焦被“忽视”的超预期,pdf,2130843,2026-04-11T16:25:57.063983+00:00
626,海通证券,海通证券/他山之石本土实证系列之五：过去26周最高价及其出现时间的动量效应.pdf,/mnt/research/研报/海通证券/他山之石本土实证系列之五：过去26周最高价及其出现时间的动量效应.pdf,reports/海通证券/他山之石本土实证系列之五：过去26周最高价及其出现时间的动量效应.pdf,他山之石本土实证系列之五：过去26周最高价及其出现时间的动量效应.pdf,他山之石本土实证系列之五：过去26周最高价及其出现时间的动量效应,pdf,436213,2026-04-11T16:25:52.915983+00:00
627,海通证券,海通证券/他山之石本土实证系列之六：券商分析师覆盖变化对个股的影响.pdf,/mnt/research/研报/海通证券/他山之石本土实证系列之六：券商分析师覆盖变化对个股的影响.pdf,reports/海通证券/他山之石本土实证系列之六：券商分析师覆盖变化对个股的影响.pdf,他山之石本土实证系列之六：券商分析师覆盖变化对个股的影响.pdf,他山之石本土实证系列之六：券商分析师覆盖变化对个股的影响,pdf,1025911,2026-04-11T16:25:51.685983+00:00
628,海通证券,海通证券/他山之石本土实证系列之四：ATR是一个更好的趋势确认指标吗.pdf,/mnt/research/研报/海通证券/他山之石本土实证系列之四：ATR是一个更好的趋势确认指标吗.pdf,reports/海通证券/他山之石本土实证系列之四：ATR是一个更好的趋势确认指标吗.pdf,他山之石本土实证系列之四：ATR是一个更好的趋势确认指标吗.pdf,他山之石本土实证系列之四：ATR是一个更好的趋势确认指标吗,pdf,855482,2026-04-11T16:25:48.962983+00:00
629,海通证券,海通证券/他山之石系列三十一.pdf,/mnt/research/研报/海通证券/他山之石系列三十一.pdf,reports/海通证券/他山之石系列三十一.pdf,他山之石系列三十一.pdf,他山之石系列三十一,pdf,1853498,2026-04-11T16:25:46.879983+00:00
630,海通证券,海通证券/他山之石系列之三十二.pdf,/mnt/research/研报/海通证券/他山之石系列之三十二.pdf,reports/海通证券/他山之石系列之三十二.pdf,他山之石系列之三十二.pdf,他山之石系列之三十二,pdf,2990122,2026-04-11T16:25:42.175984+00:00
631,海通证券,海通证券/价值投资系列之二——历史盈利对股票收益预.pdf,/mnt/research/研报/海通证券/价值投资系列之二——历史盈利对股票收益预.pdf,reports/海通证券/价值投资系列之二——历史盈利对股票收益预.pdf,价值投资系列之二——历史盈利对股票收益预.pdf,价值投资系列之二——历史盈利对股票收益预,pdf,1136684,2026-04-11T16:25:34.908984+00:00
632,海通证券,海通证券/海通证券 他山之石.pdf,/mnt/research/研报/海通证券/海通证券 他山之石.pdf,reports/海通证券/海通证券 他山之石.pdf,海通证券 他山之石.pdf,海通证券 他山之石,pdf,101815374,2026-04-11T16:25:31.677984+00:00
633,海通证券,海通证券/选股因子系列研究（六十九）——高频因子的现实与幻想.pdf,/mnt/research/研报/海通证券/选股因子系列研究（六十九）——高频因子的现实与幻想.pdf,reports/海通证券/选股因子系列研究（六十九）——高频因子的现实与幻想.pdf,选股因子系列研究（六十九）——高频因子的现实与幻想.pdf,选股因子系列研究（六十九）——高频因子的现实与幻想,pdf,2223405,2026-04-11T16:21:53.318999+00:00
634,海通证券,海通证券/高频量价因子在股票与期货中的表现.pdf,/mnt/research/研报/海通证券/高频量价因子在股票与期货中的表现.pdf,reports/海通证券/高频量价因子在股票与期货中的表现.pdf,高频量价因子在股票与期货中的表现.pdf,高频量价因子在股票与期货中的表现,pdf,1912087,2026-04-11T16:21:48.887999+00:00
635,渤海证券,渤海证券/20171011-渤海证券-多因子模型研究之一单因子测试.pdf,/mnt/research/研报/渤海证券/20171011-渤海证券-多因子模型研究之一单因子测试.pdf,reports/渤海证券/20171011-渤海证券-多因子模型研究之一单因子测试.pdf,20171011-渤海证券-多因子模型研究之一单因子测试.pdf,20171011-渤海证券-多因子模型研究之一单因子测试,pdf,1684987,2026-04-11T16:21:45.025999+00:00
636,渤海证券,渤海证券/20180416-渤海证券-多因子模型研究之三：风险模型与组合优化.pdf,/mnt/research/研报/渤海证券/20180416-渤海证券-多因子模型研究之三：风险模型与组合优化.pdf,reports/渤海证券/20180416-渤海证券-多因子模型研究之三：风险模型与组合优化.pdf,20180416-渤海证券-多因子模型研究之三：风险模型与组合优化.pdf,20180416-渤海证券-多因子模型研究之三：风险模型与组合优化,pdf,1258712,2026-04-11T16:21:41.306999+00:00
637,渤海证券,渤海证券/20180926-渤海证券-多因子模型研究系列之五：使用BanditLearning算法的多因子模型.pdf,/mnt/research/研报/渤海证券/20180926-渤海证券-多因子模型研究系列之五：使用BanditLearning算法的多因子模型.pdf,reports/渤海证券/20180926-渤海证券-多因子模型研究系列之五：使用BanditLearning算法的多因子模型.pdf,20180926-渤海证券-多因子模型研究系列之五：使用BanditLearning算法的多因子模型.pdf,20180926-渤海证券-多因子模型研究系列之五：使用BanditLearning算法的多因子模型,pdf,1232240,2026-04-11T16:21:38.548000+00:00
638,渤海证券,渤海证券/20190318-渤海证券-金融工程专题报告：SVM模型在多因子股票池上的择时应用.pdf,/mnt/research/研报/渤海证券/20190318-渤海证券-金融工程专题报告：SVM模型在多因子股票池上的择时应用.pdf,reports/渤海证券/20190318-渤海证券-金融工程专题报告：SVM模型在多因子股票池上的择时应用.pdf,20190318-渤海证券-金融工程专题报告：SVM模型在多因子股票池上的择时应用.pdf,20190318-渤海证券-金融工程专题报告：SVM模型在多因子股票池上的择时应用,pdf,967401,2026-04-11T16:21:36.055000+00:00
639,渤海证券,渤海证券/20191213-渤海证券-金融工程专题报告：动量类新因子以及结合基本面的动量反转测试.pdf,/mnt/research/研报/渤海证券/20191213-渤海证券-金融工程专题报告：动量类新因子以及结合基本面的动量反转测试.pdf,reports/渤海证券/20191213-渤海证券-金融工程专题报告：动量类新因子以及结合基本面的动量反转测试.pdf,20191213-渤海证券-金融工程专题报告：动量类新因子以及结合基本面的动量反转测试.pdf,20191213-渤海证券-金融工程专题报告：动量类新因子以及结合基本面的动量反转测试,pdf,1180375,2026-04-11T16:21:34.242000+00:00
640,渤海证券,渤海证券/20240329-渤海证券-行业轮动研究之八：使用量价、基本面与资金面因子构建行业轮动模型.pdf,/mnt/research/研报/渤海证券/20240329-渤海证券-行业轮动研究之八：使用量价、基本面与资金面因子构建行业轮动模型.pdf,reports/渤海证券/20240329-渤海证券-行业轮动研究之八：使用量价、基本面与资金面因子构建行业轮动模型.pdf,20240329-渤海证券-行业轮动研究之八：使用量价、基本面与资金面因子构建行业轮动模型.pdf,20240329-渤海证券-行业轮动研究之八：使用量价、基本面与资金面因子构建行业轮动模型,pdf,1180689,2026-04-11T16:21:31.518000+00:00
641,湘财证券,湘财证券/20120709-湘财证券-一致预期差优选策略周报.pdf,/mnt/research/研报/湘财证券/20120709-湘财证券-一致预期差优选策略周报.pdf,reports/湘财证券/20120709-湘财证券-一致预期差优选策略周报.pdf,20120709-湘财证券-一致预期差优选策略周报.pdf,20120709-湘财证券-一致预期差优选策略周报,pdf,577142,2026-04-11T16:21:28.933000+00:00
642,湘财证券,湘财证券/20140518-湘财证券-一致预期差优量化选股周报.pdf,/mnt/research/研报/湘财证券/20140518-湘财证券-一致预期差优量化选股周报.pdf,reports/湘财证券/20140518-湘财证券-一致预期差优量化选股周报.pdf,20140518-湘财证券-一致预期差优量化选股周报.pdf,20140518-湘财证券-一致预期差优量化选股周报,pdf,527627,2026-04-11T16:21:27.861000+00:00
643,湘财证券,湘财证券/20201117-湘财证券-多因子分域研究系列（九）：三因子模型下的残差动量因子分域探究之上证50指数篇.pdf,/mnt/research/研报/湘财证券/20201117-湘财证券-多因子分域研究系列（九）：三因子模型下的残差动量因子分域探究之上证50指数篇.pdf,reports/湘财证券/20201117-湘财证券-多因子分域研究系列（九）：三因子模型下的残差动量因子分域探究之上证50指数篇.pdf,20201117-湘财证券-多因子分域研究系列（九）：三因子模型下的残差动量因子分域探究之上证50指数篇.pdf,20201117-湘财证券-多因子分域研究系列（九）：三因子模型下的残差动量因子分域探究之上证50指数篇,pdf,1137431,2026-04-11T16:21:26.835000+00:00
644,湘财证券,湘财证券/20221227-湘财证券-估值与成长因子（行业轮动专题一）：基于财报数据的行业轮动策略.pdf,/mnt/research/研报/湘财证券/20221227-湘财证券-估值与成长因子（行业轮动专题一）：基于财报数据的行业轮动策略.pdf,reports/湘财证券/20221227-湘财证券-估值与成长因子（行业轮动专题一）：基于财报数据的行业轮动策略.pdf,20221227-湘财证券-估值与成长因子（行业轮动专题一）：基于财报数据的行业轮动策略.pdf,20221227-湘财证券-估值与成长因子（行业轮动专题一）：基于财报数据的行业轮动策略,pdf,1521465,2026-04-11T16:21:24.550000+00:00
645,湘财证券,湘财证券/20230323-湘财证券-多因子量化选股系列之四：新技术因子的研究与测试.pdf,/mnt/research/研报/湘财证券/20230323-湘财证券-多因子量化选股系列之四：新技术因子的研究与测试.pdf,reports/湘财证券/20230323-湘财证券-多因子量化选股系列之四：新技术因子的研究与测试.pdf,20230323-湘财证券-多因子量化选股系列之四：新技术因子的研究与测试.pdf,20230323-湘财证券-多因子量化选股系列之四：新技术因子的研究与测试,pdf,2263916,2026-04-11T16:21:21.744001+00:00
646,爱建证券,爱建证券/20161010-爱建证券-高频选股因子梳理与新因子探索.pdf,/mnt/research/研报/爱建证券/20161010-爱建证券-高频选股因子梳理与新因子探索.pdf,reports/爱建证券/20161010-爱建证券-高频选股因子梳理与新因子探索.pdf,20161010-爱建证券-高频选股因子梳理与新因子探索.pdf,20161010-爱建证券-高频选股因子梳理与新因子探索,pdf,1218394,2026-04-11T16:21:17.429001+00:00
647,申万宏源,申万宏源/20150831-申万宏源-申万大师系列价值投资篇之一：本杰明.格雷厄姆经典价值投资法.pdf,/mnt/research/研报/申万宏源/20150831-申万宏源-申万大师系列价值投资篇之一：本杰明.格雷厄姆经典价值投资法.pdf,reports/申万宏源/20150831-申万宏源-申万大师系列价值投资篇之一：本杰明.格雷厄姆经典价值投资法.pdf,20150831-申万宏源-申万大师系列价值投资篇之一：本杰明.格雷厄姆经典价值投资法.pdf,20150831-申万宏源-申万大师系列价值投资篇之一：本杰明.格雷厄姆经典价值投资法,pdf,1259327,2026-04-11T16:21:14.841001+00:00
648,申万宏源,申万宏源/20150909-申万宏源-大师系列，价值投资篇之二：本杰明.格雷厄姆成长股内在价值投资法.pdf,/mnt/research/研报/申万宏源/20150909-申万宏源-大师系列，价值投资篇之二：本杰明.格雷厄姆成长股内在价值投资法.pdf,reports/申万宏源/20150909-申万宏源-大师系列，价值投资篇之二：本杰明.格雷厄姆成长股内在价值投资法.pdf,20150909-申万宏源-大师系列，价值投资篇之二：本杰明.格雷厄姆成长股内在价值投资法.pdf,20150909-申万宏源-大师系列，价值投资篇之二：本杰明.格雷厄姆成长股内在价值投资法,pdf,909915,2026-04-11T16:21:12.527001+00:00
649,申万宏源,申万宏源/20150910-申万宏源-申万大师系列价值投资篇之三：本杰明.格雷厄姆企业主投资法.pdf,/mnt/research/研报/申万宏源/20150910-申万宏源-申万大师系列价值投资篇之三：本杰明.格雷厄姆企业主投资法.pdf,reports/申万宏源/20150910-申万宏源-申万大师系列价值投资篇之三：本杰明.格雷厄姆企业主投资法.pdf,20150910-申万宏源-申万大师系列价值投资篇之三：本杰明.格雷厄姆企业主投资法.pdf,20150910-申万宏源-申万大师系列价值投资篇之三：本杰明.格雷厄姆企业主投资法,pdf,842199,2026-04-11T16:21:10.097002+00:00
650,申万宏源,申万宏源/20150915-申万宏源-申万大师系列价值投资篇之四：詹姆斯.奥肖内西价值投资法.pdf,/mnt/research/研报/申万宏源/20150915-申万宏源-申万大师系列价值投资篇之四：詹姆斯.奥肖内西价值投资法.pdf,reports/申万宏源/20150915-申万宏源-申万大师系列价值投资篇之四：詹姆斯.奥肖内西价值投资法.pdf,20150915-申万宏源-申万大师系列价值投资篇之四：詹姆斯.奥肖内西价值投资法.pdf,20150915-申万宏源-申万大师系列价值投资篇之四：詹姆斯.奥肖内西价值投资法,pdf,823874,2026-04-11T16:21:08.221002+00:00
651,申万宏源,申万宏源/20150917-申万宏源-申万大师系列价值投资篇之五：查尔斯·布兰德斯价值投资法.pdf,/mnt/research/研报/申万宏源/20150917-申万宏源-申万大师系列价值投资篇之五：查尔斯·布兰德斯价值投资法.pdf,reports/申万宏源/20150917-申万宏源-申万大师系列价值投资篇之五：查尔斯·布兰德斯价值投资法.pdf,20150917-申万宏源-申万大师系列价值投资篇之五：查尔斯·布兰德斯价值投资法.pdf,20150917-申万宏源-申万大师系列价值投资篇之五：查尔斯·布兰德斯价值投资法,pdf,906002,2026-04-11T16:21:06.658002+00:00
652,申万宏源,申万宏源/20150922-申万宏源-申万大师系列价值投资篇之六：三一投资管理公司价值选股法.pdf,/mnt/research/研报/申万宏源/20150922-申万宏源-申万大师系列价值投资篇之六：三一投资管理公司价值选股法.pdf,reports/申万宏源/20150922-申万宏源-申万大师系列价值投资篇之六：三一投资管理公司价值选股法.pdf,20150922-申万宏源-申万大师系列价值投资篇之六：三一投资管理公司价值选股法.pdf,20150922-申万宏源-申万大师系列价值投资篇之六：三一投资管理公司价值选股法,pdf,803150,2026-04-11T16:21:05.012002+00:00
653,申万宏源,申万宏源/20150929-申万宏源-申万大师系列价值投资篇之七：彼得.林奇基层调查选股法.pdf,/mnt/research/研报/申万宏源/20150929-申万宏源-申万大师系列价值投资篇之七：彼得.林奇基层调查选股法.pdf,reports/申万宏源/20150929-申万宏源-申万大师系列价值投资篇之七：彼得.林奇基层调查选股法.pdf,20150929-申万宏源-申万大师系列价值投资篇之七：彼得.林奇基层调查选股法.pdf,20150929-申万宏源-申万大师系列价值投资篇之七：彼得.林奇基层调查选股法,pdf,825802,2026-04-11T16:21:02.892002+00:00
654,申万宏源,申万宏源/20151009-申万宏源-申万大师系列价值投资篇之八：史蒂夫·路佛价值选股法则.pdf,/mnt/research/研报/申万宏源/20151009-申万宏源-申万大师系列价值投资篇之八：史蒂夫·路佛价值选股法则.pdf,reports/申万宏源/20151009-申万宏源-申万大师系列价值投资篇之八：史蒂夫·路佛价值选股法则.pdf,20151009-申万宏源-申万大师系列价值投资篇之八：史蒂夫·路佛价值选股法则.pdf,20151009-申万宏源-申万大师系列价值投资篇之八：史蒂夫·路佛价值选股法则,pdf,1023185,2026-04-11T16:21:01.199002+00:00
655,申万宏源,申万宏源/20151012-申万宏源-申万大师系列价值投资篇之九：迈克尔·普莱斯低估价值选股法.pdf,/mnt/research/研报/申万宏源/20151012-申万宏源-申万大师系列价值投资篇之九：迈克尔·普莱斯低估价值选股法.pdf,reports/申万宏源/20151012-申万宏源-申万大师系列价值投资篇之九：迈克尔·普莱斯低估价值选股法.pdf,20151012-申万宏源-申万大师系列价值投资篇之九：迈克尔·普莱斯低估价值选股法.pdf,20151012-申万宏源-申万大师系列价值投资篇之九：迈克尔·普莱斯低估价值选股法,pdf,926153,2026-04-11T16:20:59.287002+00:00
656,申万宏源,申万宏源/20151012-申万宏源-申万大师系列价值投资篇之十：阿梅特.欧卡莫斯集中投资法则.pdf,/mnt/research/研报/申万宏源/20151012-申万宏源-申万大师系列价值投资篇之十：阿梅特.欧卡莫斯集中投资法则.pdf,reports/申万宏源/20151012-申万宏源-申万大师系列价值投资篇之十：阿梅特.欧卡莫斯集中投资法则.pdf,20151012-申万宏源-申万大师系列价值投资篇之十：阿梅特.欧卡莫斯集中投资法则.pdf,20151012-申万宏源-申万大师系列价值投资篇之十：阿梅特.欧卡莫斯集中投资法则,pdf,919101,2026-04-11T16:20:57.473002+00:00
657,申万宏源,申万宏源/20151014-申万宏源-申万大师系列.价值投资篇之十一：罗伯特·山朋价值型投资法.pdf,/mnt/research/研报/申万宏源/20151014-申万宏源-申万大师系列.价值投资篇之十一：罗伯特·山朋价值型投资法.pdf,reports/申万宏源/20151014-申万宏源-申万大师系列.价值投资篇之十一：罗伯特·山朋价值型投资法.pdf,20151014-申万宏源-申万大师系列.价值投资篇之十一：罗伯特·山朋价值型投资法.pdf,20151014-申万宏源-申万大师系列.价值投资篇之十一：罗伯特·山朋价值型投资法,pdf,447268,2026-04-11T16:20:55.767002+00:00
658,申万宏源,申万宏源/20151014-申万宏源-申万大师系列.价值投资篇之十二：柏顿.墨基尔成功选股法.pdf,/mnt/research/研报/申万宏源/20151014-申万宏源-申万大师系列.价值投资篇之十二：柏顿.墨基尔成功选股法.pdf,reports/申万宏源/20151014-申万宏源-申万大师系列.价值投资篇之十二：柏顿.墨基尔成功选股法.pdf,20151014-申万宏源-申万大师系列.价值投资篇之十二：柏顿.墨基尔成功选股法.pdf,20151014-申万宏源-申万大师系列.价值投资篇之十二：柏顿.墨基尔成功选股法,pdf,435616,2026-04-11T16:20:54.867002+00:00
659,申万宏源,申万宏源/20151019-申万宏源-申万大师系列.价值投资篇之十三：罗伯.瑞克超额现金流选股法则.pdf,/mnt/research/研报/申万宏源/20151019-申万宏源-申万大师系列.价值投资篇之十三：罗伯.瑞克超额现金流选股法则.pdf,reports/申万宏源/20151019-申万宏源-申万大师系列.价值投资篇之十三：罗伯.瑞克超额现金流选股法则.pdf,20151019-申万宏源-申万大师系列.价值投资篇之十三：罗伯.瑞克超额现金流选股法则.pdf,20151019-申万宏源-申万大师系列.价值投资篇之十三：罗伯.瑞克超额现金流选股法则,pdf,404052,2026-04-11T16:20:54.241003+00:00
660,申万宏源,申万宏源/20151020-申万宏源-申万大师系列价值投资篇之十四：麦克·劳尔集中价值选股法则.pdf,/mnt/research/研报/申万宏源/20151020-申万宏源-申万大师系列价值投资篇之十四：麦克·劳尔集中价值选股法则.pdf,reports/申万宏源/20151020-申万宏源-申万大师系列价值投资篇之十四：麦克·劳尔集中价值选股法则.pdf,20151020-申万宏源-申万大师系列价值投资篇之十四：麦克·劳尔集中价值选股法则.pdf,20151020-申万宏源-申万大师系列价值投资篇之十四：麦克·劳尔集中价值选股法则,pdf,702593,2026-04-11T16:20:52.753003+00:00
661,申万宏源,申万宏源/20151021-申万宏源-申万大师系列价值投资篇之十五：惠特尼.乔治小型价值股投资法.pdf,/mnt/research/研报/申万宏源/20151021-申万宏源-申万大师系列价值投资篇之十五：惠特尼.乔治小型价值股投资法.pdf,reports/申万宏源/20151021-申万宏源-申万大师系列价值投资篇之十五：惠特尼.乔治小型价值股投资法.pdf,20151021-申万宏源-申万大师系列价值投资篇之十五：惠特尼.乔治小型价值股投资法.pdf,20151021-申万宏源-申万大师系列价值投资篇之十五：惠特尼.乔治小型价值股投资法,pdf,860579,2026-04-11T16:20:51.076003+00:00
662,申万宏源,申万宏源/20151022-申万宏源-申万大师系列价值投资篇之十六：理查马文价值导向选股法则.pdf,/mnt/research/研报/申万宏源/20151022-申万宏源-申万大师系列价值投资篇之十六：理查马文价值导向选股法则.pdf,reports/申万宏源/20151022-申万宏源-申万大师系列价值投资篇之十六：理查马文价值导向选股法则.pdf,20151022-申万宏源-申万大师系列价值投资篇之十六：理查马文价值导向选股法则.pdf,20151022-申万宏源-申万大师系列价值投资篇之十六：理查马文价值导向选股法则,pdf,852594,2026-04-11T16:20:48.200003+00:00
663,申万宏源,申万宏源/20151023-申万宏源-申万大师系列价值投资篇之十七：戴维•波伦价值型系统评价投资法.pdf,/mnt/research/研报/申万宏源/20151023-申万宏源-申万大师系列价值投资篇之十七：戴维•波伦价值型系统评价投资法.pdf,reports/申万宏源/20151023-申万宏源-申万大师系列价值投资篇之十七：戴维•波伦价值型系统评价投资法.pdf,20151023-申万宏源-申万大师系列价值投资篇之十七：戴维•波伦价值型系统评价投资法.pdf,20151023-申万宏源-申万大师系列价值投资篇之十七：戴维•波伦价值型系统评价投资法,pdf,878781,2026-04-11T16:20:46.088003+00:00
664,申万宏源,申万宏源/20151025-申万宏源-申万大师系列价值投资篇之十八：麦克.贝利2_2_2选股法则.pdf,/mnt/research/研报/申万宏源/20151025-申万宏源-申万大师系列价值投资篇之十八：麦克.贝利2_2_2选股法则.pdf,reports/申万宏源/20151025-申万宏源-申万大师系列价值投资篇之十八：麦克.贝利2_2_2选股法则.pdf,20151025-申万宏源-申万大师系列价值投资篇之十八：麦克.贝利2_2_2选股法则.pdf,20151025-申万宏源-申万大师系列价值投资篇之十八：麦克.贝利2_2_2选股法则,pdf,915389,2026-04-11T16:20:43.869003+00:00
665,申万宏源,申万宏源/20151025-申万宏源-申万大师系列，价值投资篇之十九：迈克尔.喜伟收益型投资法.pdf,/mnt/research/研报/申万宏源/20151025-申万宏源-申万大师系列，价值投资篇之十九：迈克尔.喜伟收益型投资法.pdf,reports/申万宏源/20151025-申万宏源-申万大师系列，价值投资篇之十九：迈克尔.喜伟收益型投资法.pdf,20151025-申万宏源-申万大师系列，价值投资篇之十九：迈克尔.喜伟收益型投资法.pdf,20151025-申万宏源-申万大师系列，价值投资篇之十九：迈克尔.喜伟收益型投资法,pdf,813281,2026-04-11T16:20:42.084003+00:00
666,申万宏源,申万宏源/20151027-申万宏源-申万大师系列_价值投资篇之二十：《MASETR》第一季价值投资篇结果汇总.pdf,/mnt/research/研报/申万宏源/20151027-申万宏源-申万大师系列_价值投资篇之二十：《MASETR》第一季价值投资篇结果汇总.pdf,reports/申万宏源/20151027-申万宏源-申万大师系列_价值投资篇之二十：《MASETR》第一季价值投资篇结果汇总.pdf,20151027-申万宏源-申万大师系列_价值投资篇之二十：《MASETR》第一季价值投资篇结果汇总.pdf,20151027-申万宏源-申万大师系列_价值投资篇之二十：《MASETR》第一季价值投资篇结果汇总,pdf,521582,2026-04-11T16:20:40.567003+00:00
667,申万宏源,申万宏源/20160614-申万宏源-《Master》大师系列第二季2016Q2：寻找Alpha成长因子.pdf,/mnt/research/研报/申万宏源/20160614-申万宏源-《Master》大师系列第二季2016Q2：寻找Alpha成长因子.pdf,reports/申万宏源/20160614-申万宏源-《Master》大师系列第二季2016Q2：寻找Alpha成长因子.pdf,20160614-申万宏源-《Master》大师系列第二季2016Q2：寻找Alpha成长因子.pdf,20160614-申万宏源-《Master》大师系列第二季2016Q2：寻找Alpha成长因子,pdf,2037754,2026-04-11T16:20:39.627003+00:00
668,申万宏源,申万宏源/20160906-申万宏源-寻找不一样的Alpha：遗传算法和遗传规划.pdf,/mnt/research/研报/申万宏源/20160906-申万宏源-寻找不一样的Alpha：遗传算法和遗传规划.pdf,reports/申万宏源/20160906-申万宏源-寻找不一样的Alpha：遗传算法和遗传规划.pdf,20160906-申万宏源-寻找不一样的Alpha：遗传算法和遗传规划.pdf,20160906-申万宏源-寻找不一样的Alpha：遗传算法和遗传规划,pdf,1238007,2026-04-11T16:20:36.281004+00:00
669,申万宏源,申万宏源/20170417-申万宏源-A股市场驱动因子周报：估值因子延续强势，规模因子继续回撤.pdf,/mnt/research/研报/申万宏源/20170417-申万宏源-A股市场驱动因子周报：估值因子延续强势，规模因子继续回撤.pdf,reports/申万宏源/20170417-申万宏源-A股市场驱动因子周报：估值因子延续强势，规模因子继续回撤.pdf,20170417-申万宏源-A股市场驱动因子周报：估值因子延续强势，规模因子继续回撤.pdf,20170417-申万宏源-A股市场驱动因子周报：估值因子延续强势，规模因子继续回撤,pdf,952597,2026-04-11T16:20:33.531004+00:00
670,申万宏源,申万宏源/20170606-申万宏源-趋势因子：动量与反转效应的结合.pdf,/mnt/research/研报/申万宏源/20170606-申万宏源-趋势因子：动量与反转效应的结合.pdf,reports/申万宏源/20170606-申万宏源-趋势因子：动量与反转效应的结合.pdf,20170606-申万宏源-趋势因子：动量与反转效应的结合.pdf,20170606-申万宏源-趋势因子：动量与反转效应的结合,pdf,1538697,2026-04-11T16:20:31.785004+00:00
671,申万宏源,申万宏源/20180702-申万宏源-多因子系列报告之二：基于分析师一致预期的选股研究.pdf,/mnt/research/研报/申万宏源/20180702-申万宏源-多因子系列报告之二：基于分析师一致预期的选股研究.pdf,reports/申万宏源/20180702-申万宏源-多因子系列报告之二：基于分析师一致预期的选股研究.pdf,20180702-申万宏源-多因子系列报告之二：基于分析师一致预期的选股研究.pdf,20180702-申万宏源-多因子系列报告之二：基于分析师一致预期的选股研究,pdf,1720584,2026-04-11T16:20:29.043004+00:00
672,申万宏源,申万宏源/20180807-申万宏源-基本面与技术面的共振：申万主动量化之欧奈尔CANSLIM选股模型.pdf,/mnt/research/研报/申万宏源/20180807-申万宏源-基本面与技术面的共振：申万主动量化之欧奈尔CANSLIM选股模型.pdf,reports/申万宏源/20180807-申万宏源-基本面与技术面的共振：申万主动量化之欧奈尔CANSLIM选股模型.pdf,20180807-申万宏源-基本面与技术面的共振：申万主动量化之欧奈尔CANSLIM选股模型.pdf,20180807-申万宏源-基本面与技术面的共振：申万主动量化之欧奈尔CANSLIM选股模型,pdf,1521714,2026-04-11T16:20:25.549004+00:00
673,申万宏源,申万宏源/20181102-申万宏源-基本面因子之经营性财务质量因子的挖掘与实证研究.pdf,/mnt/research/研报/申万宏源/20181102-申万宏源-基本面因子之经营性财务质量因子的挖掘与实证研究.pdf,reports/申万宏源/20181102-申万宏源-基本面因子之经营性财务质量因子的挖掘与实证研究.pdf,20181102-申万宏源-基本面因子之经营性财务质量因子的挖掘与实证研究.pdf,20181102-申万宏源-基本面因子之经营性财务质量因子的挖掘与实证研究,pdf,2912397,2026-04-11T16:20:22.676005+00:00
674,申万宏源,申万宏源/20181212-申万宏源-异常财务指标因子研究.pdf,/mnt/research/研报/申万宏源/20181212-申万宏源-异常财务指标因子研究.pdf,reports/申万宏源/20181212-申万宏源-异常财务指标因子研究.pdf,20181212-申万宏源-异常财务指标因子研究.pdf,20181212-申万宏源-异常财务指标因子研究,pdf,2081290,2026-04-11T16:20:17.054005+00:00
675,申万宏源,申万宏源/20190315-申万宏源-基本面因子之现金流与股息率因子.pdf,/mnt/research/研报/申万宏源/20190315-申万宏源-基本面因子之现金流与股息率因子.pdf,reports/申万宏源/20190315-申万宏源-基本面因子之现金流与股息率因子.pdf,20190315-申万宏源-基本面因子之现金流与股息率因子.pdf,20190315-申万宏源-基本面因子之现金流与股息率因子,pdf,1905204,2026-04-11T16:20:13.215005+00:00
676,申万宏源,申万宏源/20190319-申万宏源-财务造假启示录：财务质量因子研究.pdf,/mnt/research/研报/申万宏源/20190319-申万宏源-财务造假启示录：财务质量因子研究.pdf,reports/申万宏源/20190319-申万宏源-财务造假启示录：财务质量因子研究.pdf,20190319-申万宏源-财务造假启示录：财务质量因子研究.pdf,20190319-申万宏源-财务造假启示录：财务质量因子研究,pdf,1788534,2026-04-11T16:20:09.113005+00:00
677,申万宏源,申万宏源/20191218-申万宏源-量价趋势因子在A股有效性探讨.pdf,/mnt/research/研报/申万宏源/20191218-申万宏源-量价趋势因子在A股有效性探讨.pdf,reports/申万宏源/20191218-申万宏源-量价趋势因子在A股有效性探讨.pdf,20191218-申万宏源-量价趋势因子在A股有效性探讨.pdf,20191218-申万宏源-量价趋势因子在A股有效性探讨,pdf,1999758,2026-04-11T16:20:05.651006+00:00
678,申万宏源,申万宏源/20210506-申万宏源-金工量化新思路系列之二：主动逻辑因子化，开源和节流哪种盈利模式更好.pdf,/mnt/research/研报/申万宏源/20210506-申万宏源-金工量化新思路系列之二：主动逻辑因子化，开源和节流哪种盈利模式更好.pdf,reports/申万宏源/20210506-申万宏源-金工量化新思路系列之二：主动逻辑因子化，开源和节流哪种盈利模式更好.pdf,20210506-申万宏源-金工量化新思路系列之二：主动逻辑因子化，开源和节流哪种盈利模式更好.pdf,20210506-申万宏源-金工量化新思路系列之二：主动逻辑因子化，开源和节流哪种盈利模式更好,pdf,1614887,2026-04-11T16:20:01.856006+00:00
679,申万宏源,申万宏源/20221118-申万宏源-金工量化新思路系列之八：业绩预告信息披露质量因子的构建与改进.pdf,/mnt/research/研报/申万宏源/20221118-申万宏源-金工量化新思路系列之八：业绩预告信息披露质量因子的构建与改进.pdf,reports/申万宏源/20221118-申万宏源-金工量化新思路系列之八：业绩预告信息披露质量因子的构建与改进.pdf,20221118-申万宏源-金工量化新思路系列之八：业绩预告信息披露质量因子的构建与改进.pdf,20221118-申万宏源-金工量化新思路系列之八：业绩预告信息披露质量因子的构建与改进,pdf,2029192,2026-04-11T16:19:58.248006+00:00
680,申万宏源,申万宏源/20230716-申万宏源-真实超预期系列研究之二：改进超预期因子的五点思考.pdf,/mnt/research/研报/申万宏源/20230716-申万宏源-真实超预期系列研究之二：改进超预期因子的五点思考.pdf,reports/申万宏源/20230716-申万宏源-真实超预期系列研究之二：改进超预期因子的五点思考.pdf,20230716-申万宏源-真实超预期系列研究之二：改进超预期因子的五点思考.pdf,20230716-申万宏源-真实超预期系列研究之二：改进超预期因子的五点思考,pdf,2170884,2026-04-11T16:19:54.233006+00:00
681,申万宏源,申万宏源/20230903-申万宏源-真实超预期系列研究之三：从低预期里寻找超预期.pdf,/mnt/research/研报/申万宏源/20230903-申万宏源-真实超预期系列研究之三：从低预期里寻找超预期.pdf,reports/申万宏源/20230903-申万宏源-真实超预期系列研究之三：从低预期里寻找超预期.pdf,20230903-申万宏源-真实超预期系列研究之三：从低预期里寻找超预期.pdf,20230903-申万宏源-真实超预期系列研究之三：从低预期里寻找超预期,pdf,1054511,2026-04-11T16:19:50.259007+00:00
682,申万宏源,申万宏源/申万宏源_20160901_技术指标测试大全——微卡片1——介绍.pdf,/mnt/research/研报/申万宏源/申万宏源_20160901_技术指标测试大全——微卡片1——介绍.pdf,reports/申万宏源/申万宏源_20160901_技术指标测试大全——微卡片1——介绍.pdf,申万宏源_20160901_技术指标测试大全——微卡片1——介绍.pdf,申万宏源_20160901_技术指标测试大全——微卡片1——介绍,pdf,1031909,2026-04-11T16:19:48.244007+00:00
683,申万宏源,申万宏源/申万宏源_20160901_技术指标测试大全之七—Bollinger.pdf,/mnt/research/研报/申万宏源/申万宏源_20160901_技术指标测试大全之七—Bollinger.pdf,reports/申万宏源/申万宏源_20160901_技术指标测试大全之七—Bollinger.pdf,申万宏源_20160901_技术指标测试大全之七—Bollinger.pdf,申万宏源_20160901_技术指标测试大全之七—Bollinger,pdf,876204,2026-04-11T16:19:46.445007+00:00
684,申万宏源,申万宏源/申万宏源_20160901_技术指标测试大全之三—ADX.pdf,/mnt/research/研报/申万宏源/申万宏源_20160901_技术指标测试大全之三—ADX.pdf,reports/申万宏源/申万宏源_20160901_技术指标测试大全之三—ADX.pdf,申万宏源_20160901_技术指标测试大全之三—ADX.pdf,申万宏源_20160901_技术指标测试大全之三—ADX,pdf,790785,2026-04-11T16:19:44.850007+00:00
685,申万宏源,申万宏源/申万宏源_20160901_技术指标测试大全之三十— Money Flow Index.pdf,/mnt/research/研报/申万宏源/申万宏源_20160901_技术指标测试大全之三十— Money Flow Index.pdf,reports/申万宏源/申万宏源_20160901_技术指标测试大全之三十— Money Flow Index.pdf,申万宏源_20160901_技术指标测试大全之三十— Money Flow Index.pdf,申万宏源_20160901_技术指标测试大全之三十— Money Flow Index,pdf,834628,2026-04-11T16:19:43.299007+00:00
686,申万宏源,申万宏源/申万宏源_20160901_技术指标测试大全之三十一— Triple Exponentially Smoothed Average.pdf,/mnt/research/研报/申万宏源/申万宏源_20160901_技术指标测试大全之三十一— Triple Exponentially Smoothed Average.pdf,reports/申万宏源/申万宏源_20160901_技术指标测试大全之三十一— Triple Exponentially Smoothed Average.pdf,申万宏源_20160901_技术指标测试大全之三十一— Triple Exponentially Smoothed Average.pdf,申万宏源_20160901_技术指标测试大全之三十一— Triple Exponentially Smoothed Average,pdf,796858,2026-04-11T16:19:41.881007+00:00
687,申万宏源,申万宏源/申万宏源_20160901_技术指标测试大全之三十七— Ppv.pdf,/mnt/research/研报/申万宏源/申万宏源_20160901_技术指标测试大全之三十七— Ppv.pdf,reports/申万宏源/申万宏源_20160901_技术指标测试大全之三十七— Ppv.pdf,申万宏源_20160901_技术指标测试大全之三十七— Ppv.pdf,申万宏源_20160901_技术指标测试大全之三十七— Ppv,pdf,799481,2026-04-11T16:19:39.716007+00:00
688,申万宏源,申万宏源/申万宏源_20160901_技术指标测试大全之三十三— True Strength Index.pdf,/mnt/research/研报/申万宏源/申万宏源_20160901_技术指标测试大全之三十三— True Strength Index.pdf,reports/申万宏源/申万宏源_20160901_技术指标测试大全之三十三— True Strength Index.pdf,申万宏源_20160901_技术指标测试大全之三十三— True Strength Index.pdf,申万宏源_20160901_技术指标测试大全之三十三— True Strength Index,pdf,825060,2026-04-11T16:19:37.655008+00:00
689,申万宏源,申万宏源/申万宏源_20160901_技术指标测试大全之三十九— Chaikin oscillator.pdf,/mnt/research/研报/申万宏源/申万宏源_20160901_技术指标测试大全之三十九— Chaikin oscillator.pdf,reports/申万宏源/申万宏源_20160901_技术指标测试大全之三十九— Chaikin oscillator.pdf,申万宏源_20160901_技术指标测试大全之三十九— Chaikin oscillator.pdf,申万宏源_20160901_技术指标测试大全之三十九— Chaikin oscillator,pdf,812725,2026-04-11T16:19:35.810008+00:00
690,申万宏源,申万宏源/申万宏源_20160901_技术指标测试大全之三十二— Relative Strength Index.pdf,/mnt/research/研报/申万宏源/申万宏源_20160901_技术指标测试大全之三十二— Relative Strength Index.pdf,reports/申万宏源/申万宏源_20160901_技术指标测试大全之三十二— Relative Strength Index.pdf,申万宏源_20160901_技术指标测试大全之三十二— Relative Strength Index.pdf,申万宏源_20160901_技术指标测试大全之三十二— Relative Strength Index,pdf,843366,2026-04-11T16:19:34.019008+00:00
691,申万宏源,申万宏源/申万宏源_20160901_技术指标测试大全之三十五— Williams Overbought&Oversold Index.pdf,/mnt/research/研报/申万宏源/申万宏源_20160901_技术指标测试大全之三十五— Williams Overbought&Oversold Index.pdf,reports/申万宏源/申万宏源_20160901_技术指标测试大全之三十五— Williams Overbought&Oversold Index.pdf,申万宏源_20160901_技术指标测试大全之三十五— Williams Overbought&Oversold Index.pdf,申万宏源_20160901_技术指标测试大全之三十五— Williams Overbought&Oversold Index,pdf,833133,2026-04-11T16:19:32.025008+00:00
692,申万宏源,申万宏源/申万宏源_20160901_技术指标测试大全之三十八— Pivot.pdf,/mnt/research/研报/申万宏源/申万宏源_20160901_技术指标测试大全之三十八— Pivot.pdf,reports/申万宏源/申万宏源_20160901_技术指标测试大全之三十八— Pivot.pdf,申万宏源_20160901_技术指标测试大全之三十八— Pivot.pdf,申万宏源_20160901_技术指标测试大全之三十八— Pivot,pdf,809951,2026-04-11T16:19:30.174008+00:00
693,申万宏源,申万宏源/申万宏源_20160901_技术指标测试大全之三十六— MEJT.pdf,/mnt/research/研报/申万宏源/申万宏源_20160901_技术指标测试大全之三十六— MEJT.pdf,reports/申万宏源/申万宏源_20160901_技术指标测试大全之三十六— MEJT.pdf,申万宏源_20160901_技术指标测试大全之三十六— MEJT.pdf,申万宏源_20160901_技术指标测试大全之三十六— MEJT,pdf,820142,2026-04-11T16:19:28.402008+00:00
694,申万宏源,申万宏源/申万宏源_20160901_技术指标测试大全之三十四— Force.pdf,/mnt/research/研报/申万宏源/申万宏源_20160901_技术指标测试大全之三十四— Force.pdf,reports/申万宏源/申万宏源_20160901_技术指标测试大全之三十四— Force.pdf,申万宏源_20160901_技术指标测试大全之三十四— Force.pdf,申万宏源_20160901_技术指标测试大全之三十四— Force,pdf,820660,2026-04-11T16:19:26.710008+00:00
695,申万宏源,申万宏源/申万宏源_20160901_技术指标测试大全之九—Commodity Channel Index.pdf,/mnt/research/研报/申万宏源/申万宏源_20160901_技术指标测试大全之九—Commodity Channel Index.pdf,reports/申万宏源/申万宏源_20160901_技术指标测试大全之九—Commodity Channel Index.pdf,申万宏源_20160901_技术指标测试大全之九—Commodity Channel Index.pdf,申万宏源_20160901_技术指标测试大全之九—Commodity Channel Index,pdf,859350,2026-04-11T16:19:24.577008+00:00
696,申万宏源,申万宏源/申万宏源_20160901_技术指标测试大全之二—AC.pdf,/mnt/research/研报/申万宏源/申万宏源_20160901_技术指标测试大全之二—AC.pdf,reports/申万宏源/申万宏源_20160901_技术指标测试大全之二—AC.pdf,申万宏源_20160901_技术指标测试大全之二—AC.pdf,申万宏源_20160901_技术指标测试大全之二—AC,pdf,858175,2026-04-11T16:19:22.312009+00:00
697,申万宏源,申万宏源/申万宏源_20160901_技术指标测试大全之二十— Directional Movement Index.pdf,/mnt/research/研报/申万宏源/申万宏源_20160901_技术指标测试大全之二十— Directional Movement Index.pdf,reports/申万宏源/申万宏源_20160901_技术指标测试大全之二十— Directional Movement Index.pdf,申万宏源_20160901_技术指标测试大全之二十— Directional Movement Index.pdf,申万宏源_20160901_技术指标测试大全之二十— Directional Movement Index,pdf,824395,2026-04-11T16:19:20.321009+00:00
698,申万宏源,申万宏源/申万宏源_20160901_技术指标测试大全之二十一— Ease of Movement.pdf,/mnt/research/研报/申万宏源/申万宏源_20160901_技术指标测试大全之二十一— Ease of Movement.pdf,reports/申万宏源/申万宏源_20160901_技术指标测试大全之二十一— Ease of Movement.pdf,申万宏源_20160901_技术指标测试大全之二十一— Ease of Movement.pdf,申万宏源_20160901_技术指标测试大全之二十一— Ease of Movement,pdf,850425,2026-04-11T16:19:18.699009+00:00
699,申万宏源,申万宏源/申万宏源_20160901_技术指标测试大全之二十七— Psychological line.pdf,/mnt/research/研报/申万宏源/申万宏源_20160901_技术指标测试大全之二十七— Psychological line.pdf,reports/申万宏源/申万宏源_20160901_技术指标测试大全之二十七— Psychological line.pdf,申万宏源_20160901_技术指标测试大全之二十七— Psychological line.pdf,申万宏源_20160901_技术指标测试大全之二十七— Psychological line,pdf,826622,2026-04-11T16:19:17.113009+00:00
700,申万宏源,申万宏源/申万宏源_20160901_技术指标测试大全之二十三— Keltner Channel.pdf,/mnt/research/研报/申万宏源/申万宏源_20160901_技术指标测试大全之二十三— Keltner Channel.pdf,reports/申万宏源/申万宏源_20160901_技术指标测试大全之二十三— Keltner Channel.pdf,申万宏源_20160901_技术指标测试大全之二十三— Keltner Channel.pdf,申万宏源_20160901_技术指标测试大全之二十三— Keltner Channel,pdf,833747,2026-04-11T16:19:15.392009+00:00
701,申万宏源,申万宏源/申万宏源_20160901_技术指标测试大全之二十九— Price and Volume Trend.pdf,/mnt/research/研报/申万宏源/申万宏源_20160901_技术指标测试大全之二十九— Price and Volume Trend.pdf,reports/申万宏源/申万宏源_20160901_技术指标测试大全之二十九— Price and Volume Trend.pdf,申万宏源_20160901_技术指标测试大全之二十九— Price and Volume Trend.pdf,申万宏源_20160901_技术指标测试大全之二十九— Price and Volume Trend,pdf,848277,2026-04-11T16:19:13.887009+00:00
702,申万宏源,申万宏源/申万宏源_20160901_技术指标测试大全之二十二— Island Reversal.pdf,/mnt/research/研报/申万宏源/申万宏源_20160901_技术指标测试大全之二十二— Island Reversal.pdf,reports/申万宏源/申万宏源_20160901_技术指标测试大全之二十二— Island Reversal.pdf,申万宏源_20160901_技术指标测试大全之二十二— Island Reversal.pdf,申万宏源_20160901_技术指标测试大全之二十二— Island Reversal,pdf,789285,2026-04-11T16:19:12.144009+00:00
703,申万宏源,申万宏源/申万宏源_20160901_技术指标测试大全之二十五— Moving Average Envelopes.pdf,/mnt/research/研报/申万宏源/申万宏源_20160901_技术指标测试大全之二十五— Moving Average Envelopes.pdf,reports/申万宏源/申万宏源_20160901_技术指标测试大全之二十五— Moving Average Envelopes.pdf,申万宏源_20160901_技术指标测试大全之二十五— Moving Average Envelopes.pdf,申万宏源_20160901_技术指标测试大全之二十五— Moving Average Envelopes,pdf,830452,2026-04-11T16:19:10.600009+00:00
704,申万宏源,申万宏源/申万宏源_20160901_技术指标测试大全之二十八— Dual Thrust.pdf,/mnt/research/研报/申万宏源/申万宏源_20160901_技术指标测试大全之二十八— Dual Thrust.pdf,reports/申万宏源/申万宏源_20160901_技术指标测试大全之二十八— Dual Thrust.pdf,申万宏源_20160901_技术指标测试大全之二十八— Dual Thrust.pdf,申万宏源_20160901_技术指标测试大全之二十八— Dual Thrust,pdf,823921,2026-04-11T16:19:08.888009+00:00
705,申万宏源,申万宏源/申万宏源_20160901_技术指标测试大全之二十六— Mass.pdf,/mnt/research/研报/申万宏源/申万宏源_20160901_技术指标测试大全之二十六— Mass.pdf,reports/申万宏源/申万宏源_20160901_技术指标测试大全之二十六— Mass.pdf,申万宏源_20160901_技术指标测试大全之二十六— Mass.pdf,申万宏源_20160901_技术指标测试大全之二十六— Mass,pdf,825667,2026-04-11T16:19:07.268009+00:00
706,申万宏源,申万宏源/申万宏源_20160901_技术指标测试大全之二十四— Key Reversal.pdf,/mnt/research/研报/申万宏源/申万宏源_20160901_技术指标测试大全之二十四— Key Reversal.pdf,reports/申万宏源/申万宏源_20160901_技术指标测试大全之二十四— Key Reversal.pdf,申万宏源_20160901_技术指标测试大全之二十四— Key Reversal.pdf,申万宏源_20160901_技术指标测试大全之二十四— Key Reversal,pdf,817034,2026-04-11T16:19:05.978010+00:00
707,申万宏源,申万宏源/申万宏源_20160901_技术指标测试大全之五—Aroon.pdf,/mnt/research/研报/申万宏源/申万宏源_20160901_技术指标测试大全之五—Aroon.pdf,reports/申万宏源/申万宏源_20160901_技术指标测试大全之五—Aroon.pdf,申万宏源_20160901_技术指标测试大全之五—Aroon.pdf,申万宏源_20160901_技术指标测试大全之五—Aroon,pdf,840476,2026-04-11T16:19:03.462010+00:00
708,申万宏源,申万宏源/申万宏源_20160901_技术指标测试大全之八—Accumulation Swing Index.pdf,/mnt/research/研报/申万宏源/申万宏源_20160901_技术指标测试大全之八—Accumulation Swing Index.pdf,reports/申万宏源/申万宏源_20160901_技术指标测试大全之八—Accumulation Swing Index.pdf,申万宏源_20160901_技术指标测试大全之八—Accumulation Swing Index.pdf,申万宏源_20160901_技术指标测试大全之八—Accumulation Swing Index,pdf,787551,2026-04-11T16:19:01.850010+00:00
709,申万宏源,申万宏源/申万宏源_20160901_技术指标测试大全之六—Awesome Oscillator.pdf,/mnt/research/研报/申万宏源/申万宏源_20160901_技术指标测试大全之六—Awesome Oscillator.pdf,reports/申万宏源/申万宏源_20160901_技术指标测试大全之六—Awesome Oscillator.pdf,申万宏源_20160901_技术指标测试大全之六—Awesome Oscillator.pdf,申万宏源_20160901_技术指标测试大全之六—Awesome Oscillator,pdf,979401,2026-04-11T16:19:00.432010+00:00
710,申万宏源,申万宏源/申万宏源_20160901_技术指标测试大全之十—Breakout of Bar.pdf,/mnt/research/研报/申万宏源/申万宏源_20160901_技术指标测试大全之十—Breakout of Bar.pdf,reports/申万宏源/申万宏源_20160901_技术指标测试大全之十—Breakout of Bar.pdf,申万宏源_20160901_技术指标测试大全之十—Breakout of Bar.pdf,申万宏源_20160901_技术指标测试大全之十—Breakout of Bar,pdf,842080,2026-04-11T16:18:58.481010+00:00
711,申万宏源,申万宏源/申万宏源_20160901_技术指标测试大全之十一—Bias.pdf,/mnt/research/研报/申万宏源/申万宏源_20160901_技术指标测试大全之十一—Bias.pdf,reports/申万宏源/申万宏源_20160901_技术指标测试大全之十一—Bias.pdf,申万宏源_20160901_技术指标测试大全之十一—Bias.pdf,申万宏源_20160901_技术指标测试大全之十一—Bias,pdf,825350,2026-04-11T16:18:56.859010+00:00
712,申万宏源,申万宏源/申万宏源_20160901_技术指标测试大全之十七— Moving Average Convergence and Divergence.pdf,/mnt/research/研报/申万宏源/申万宏源_20160901_技术指标测试大全之十七— Moving Average Convergence and Divergence.pdf,reports/申万宏源/申万宏源_20160901_技术指标测试大全之十七— Moving Average Convergence and Divergence.pdf,申万宏源_20160901_技术指标测试大全之十七— Moving Average Convergence and Divergence.pdf,申万宏源_20160901_技术指标测试大全之十七— Moving Average Convergence and Divergence,pdf,808184,2026-04-11T16:18:54.987010+00:00
713,申万宏源,申万宏源/申万宏源_20160901_技术指标测试大全之十三—Chaikin Money Flow.pdf,/mnt/research/研报/申万宏源/申万宏源_20160901_技术指标测试大全之十三—Chaikin Money Flow.pdf,reports/申万宏源/申万宏源_20160901_技术指标测试大全之十三—Chaikin Money Flow.pdf,申万宏源_20160901_技术指标测试大全之十三—Chaikin Money Flow.pdf,申万宏源_20160901_技术指标测试大全之十三—Chaikin Money Flow,pdf,833579,2026-04-11T16:18:53.479010+00:00
714,申万宏源,申万宏源/申万宏源_20160901_技术指标测试大全之十九— Demarker.pdf,/mnt/research/研报/申万宏源/申万宏源_20160901_技术指标测试大全之十九— Demarker.pdf,reports/申万宏源/申万宏源_20160901_技术指标测试大全之十九— Demarker.pdf,申万宏源_20160901_技术指标测试大全之十九— Demarker.pdf,申万宏源_20160901_技术指标测试大全之十九— Demarker,pdf,820597,2026-04-11T16:18:51.867011+00:00
715,申万宏源,申万宏源/申万宏源_20160901_技术指标测试大全之十二—Consecutive Break.pdf,/mnt/research/研报/申万宏源/申万宏源_20160901_技术指标测试大全之十二—Consecutive Break.pdf,reports/申万宏源/申万宏源_20160901_技术指标测试大全之十二—Consecutive Break.pdf,申万宏源_20160901_技术指标测试大全之十二—Consecutive Break.pdf,申万宏源_20160901_技术指标测试大全之十二—Consecutive Break,pdf,819731,2026-04-11T16:18:50.240010+00:00
716,申万宏源,申万宏源/申万宏源_20160901_技术指标测试大全之十五— Moving Average.pdf,/mnt/research/研报/申万宏源/申万宏源_20160901_技术指标测试大全之十五— Moving Average.pdf,reports/申万宏源/申万宏源_20160901_技术指标测试大全之十五— Moving Average.pdf,申万宏源_20160901_技术指标测试大全之十五— Moving Average.pdf,申万宏源_20160901_技术指标测试大全之十五— Moving Average,pdf,773515,2026-04-11T16:18:48.688011+00:00
717,申万宏源,申万宏源/申万宏源_20160901_技术指标测试大全之十八— Momentum Index.pdf,/mnt/research/研报/申万宏源/申万宏源_20160901_技术指标测试大全之十八— Momentum Index.pdf,reports/申万宏源/申万宏源_20160901_技术指标测试大全之十八— Momentum Index.pdf,申万宏源_20160901_技术指标测试大全之十八— Momentum Index.pdf,申万宏源_20160901_技术指标测试大全之十八— Momentum Index,pdf,769991,2026-04-11T16:18:47.140011+00:00
718,申万宏源,申万宏源/申万宏源_20160901_技术指标测试大全之十六— Leadlag.pdf,/mnt/research/研报/申万宏源/申万宏源_20160901_技术指标测试大全之十六— Leadlag.pdf,reports/申万宏源/申万宏源_20160901_技术指标测试大全之十六— Leadlag.pdf,申万宏源_20160901_技术指标测试大全之十六— Leadlag.pdf,申万宏源_20160901_技术指标测试大全之十六— Leadlag,pdf,823559,2026-04-11T16:18:45.653011+00:00
719,申万宏源,申万宏源/申万宏源_20160901_技术指标测试大全之十四— Commodity Selection Index.pdf,/mnt/research/研报/申万宏源/申万宏源_20160901_技术指标测试大全之十四— Commodity Selection Index.pdf,reports/申万宏源/申万宏源_20160901_技术指标测试大全之十四— Commodity Selection Index.pdf,申万宏源_20160901_技术指标测试大全之十四— Commodity Selection Index.pdf,申万宏源_20160901_技术指标测试大全之十四— Commodity Selection Index,pdf,812145,2026-04-11T16:18:44.114011+00:00
720,申万宏源,申万宏源/申万宏源_20160901_技术指标测试大全之四—Alligator.pdf,/mnt/research/研报/申万宏源/申万宏源_20160901_技术指标测试大全之四—Alligator.pdf,reports/申万宏源/申万宏源_20160901_技术指标测试大全之四—Alligator.pdf,申万宏源_20160901_技术指标测试大全之四—Alligator.pdf,申万宏源_20160901_技术指标测试大全之四—Alligator,pdf,819240,2026-04-11T16:18:42.195011+00:00
721,申银万国,申银万国/20121112-申银万国-2012年秋季金融工程报告之二：基于分析师预期的量化策略研究.pdf,/mnt/research/研报/申银万国/20121112-申银万国-2012年秋季金融工程报告之二：基于分析师预期的量化策略研究.pdf,reports/申银万国/20121112-申银万国-2012年秋季金融工程报告之二：基于分析师预期的量化策略研究.pdf,20121112-申银万国-2012年秋季金融工程报告之二：基于分析师预期的量化策略研究.pdf,20121112-申银万国-2012年秋季金融工程报告之二：基于分析师预期的量化策略研究,pdf,445719,2026-04-11T16:18:40.846011+00:00
722,联合证券,联合证券/20080327-联合证券-数量化选股系列研究之十：基于一致预期挖掘的EM选股策略.pdf,/mnt/research/研报/联合证券/20080327-联合证券-数量化选股系列研究之十：基于一致预期挖掘的EM选股策略.pdf,reports/联合证券/20080327-联合证券-数量化选股系列研究之十：基于一致预期挖掘的EM选股策略.pdf,20080327-联合证券-数量化选股系列研究之十：基于一致预期挖掘的EM选股策略.pdf,20080327-联合证券-数量化选股系列研究之十：基于一致预期挖掘的EM选股策略,pdf,364473,2026-04-11T14:41:17.377586+00:00
723,联合证券,联合证券/20080819-联合证券-Alpha策略系列研究之二：寻找超越指数的选股指标.txt,/mnt/research/研报/联合证券/20080819-联合证券-Alpha策略系列研究之二：寻找超越指数的选股指标.txt,reports/联合证券/20080819-联合证券-Alpha策略系列研究之二：寻找超越指数的选股指标.txt,20080819-联合证券-Alpha策略系列研究之二：寻找超越指数的选股指标.txt,20080819-联合证券-Alpha策略系列研究之二：寻找超越指数的选股指标,txt,58,2026-04-11T14:41:12.636586+00:00
724,联合证券,联合证券/20080819-联合证券-数量化投资：Alpha策略系列研究之一：百花齐放的Alpha策略.pdf,/mnt/research/研报/联合证券/20080819-联合证券-数量化投资：Alpha策略系列研究之一：百花齐放的Alpha策略.pdf,reports/联合证券/20080819-联合证券-数量化投资：Alpha策略系列研究之一：百花齐放的Alpha策略.pdf,20080819-联合证券-数量化投资：Alpha策略系列研究之一：百花齐放的Alpha策略.pdf,20080819-联合证券-数量化投资：Alpha策略系列研究之一：百花齐放的Alpha策略,pdf,424705,2026-04-11T14:41:11.766586+00:00
725,联合证券,联合证券/20080822-联合证券-Alpha策略系列研究之三：依靠强大的Alpha动量战胜市场.txt,/mnt/research/研报/联合证券/20080822-联合证券-Alpha策略系列研究之三：依靠强大的Alpha动量战胜市场.txt,reports/联合证券/20080822-联合证券-Alpha策略系列研究之三：依靠强大的Alpha动量战胜市场.txt,20080822-联合证券-Alpha策略系列研究之三：依靠强大的Alpha动量战胜市场.txt,20080822-联合证券-Alpha策略系列研究之三：依靠强大的Alpha动量战胜市场,txt,58,2026-04-11T14:41:04.269587+00:00
726,联合证券,联合证券/20091208-联合证券-Alpha策略系列研究之十：基于价格变化路径的低风险Alpha策略.pdf,/mnt/research/研报/联合证券/20091208-联合证券-Alpha策略系列研究之十：基于价格变化路径的低风险Alpha策略.pdf,reports/联合证券/20091208-联合证券-Alpha策略系列研究之十：基于价格变化路径的低风险Alpha策略.pdf,20091208-联合证券-Alpha策略系列研究之十：基于价格变化路径的低风险Alpha策略.pdf,20091208-联合证券-Alpha策略系列研究之十：基于价格变化路径的低风险Alpha策略,pdf,285149,2026-04-11T14:41:04.007587+00:00
727,西南证券,西南证券/20171221-西南证券-金融工程专题报告：基于方向波动率的选股因子研究.pdf,/mnt/research/研报/西南证券/20171221-西南证券-金融工程专题报告：基于方向波动率的选股因子研究.pdf,reports/西南证券/20171221-西南证券-金融工程专题报告：基于方向波动率的选股因子研究.pdf,20171221-西南证券-金融工程专题报告：基于方向波动率的选股因子研究.pdf,20171221-西南证券-金融工程专题报告：基于方向波动率的选股因子研究,pdf,1372323,2026-04-11T14:40:59.584587+00:00
728,西南证券,西南证券/20211115-西南证券-因子选股系列：基于价格动量和基本面动量的双动量选股策略.pdf,/mnt/research/研报/西南证券/20211115-西南证券-因子选股系列：基于价格动量和基本面动量的双动量选股策略.pdf,reports/西南证券/20211115-西南证券-因子选股系列：基于价格动量和基本面动量的双动量选股策略.pdf,20211115-西南证券-因子选股系列：基于价格动量和基本面动量的双动量选股策略.pdf,20211115-西南证券-因子选股系列：基于价格动量和基本面动量的双动量选股策略,pdf,1795092,2026-04-11T14:40:40.369588+00:00
729,西南证券,西南证券/20220512-西南证券-金融工程专题报告：基于相似股票历史收益的选股因子研究.pdf,/mnt/research/研报/西南证券/20220512-西南证券-金融工程专题报告：基于相似股票历史收益的选股因子研究.pdf,reports/西南证券/20220512-西南证券-金融工程专题报告：基于相似股票历史收益的选股因子研究.pdf,20220512-西南证券-金融工程专题报告：基于相似股票历史收益的选股因子研究.pdf,20220512-西南证券-金融工程专题报告：基于相似股票历史收益的选股因子研究,pdf,1633403,2026-04-11T14:40:18.205590+00:00
730,财信证券,财信证券/20220302-财信证券-外生因子系列研究报告（一）：股市流动性预测指标构建.pdf,/mnt/research/研报/财信证券/20220302-财信证券-外生因子系列研究报告（一）：股市流动性预测指标构建.pdf,reports/财信证券/20220302-财信证券-外生因子系列研究报告（一）：股市流动性预测指标构建.pdf,20220302-财信证券-外生因子系列研究报告（一）：股市流动性预测指标构建.pdf,20220302-财信证券-外生因子系列研究报告（一）：股市流动性预测指标构建,pdf,1016057,2026-04-11T14:39:57.035591+00:00
731,财通证券,财通证券/20190409-财通证券-“拾穗”多因子系列报告（第8期）：非线性规模因子：A股市场存在中市值效应吗？.pdf,/mnt/research/研报/财通证券/20190409-财通证券-“拾穗”多因子系列报告（第8期）：非线性规模因子：A股市场存在中市值效应吗？.pdf,reports/财通证券/20190409-财通证券-“拾穗”多因子系列报告（第8期）：非线性规模因子：A股市场存在中市值效应吗？.pdf,20190409-财通证券-“拾穗”多因子系列报告（第8期）：非线性规模因子：A股市场存在中市值效应吗？.pdf,20190409-财通证券-“拾穗”多因子系列报告（第8期）：非线性规模因子：A股市场存在中市值效应吗？,pdf,2477850,2026-04-11T14:39:43.113592+00:00
732,财通证券,财通证券/20190521-财通证券-“星火”多因子专题报告（五）：源于动量，超越动量，特质动量因子全解析.pdf,/mnt/research/研报/财通证券/20190521-财通证券-“星火”多因子专题报告（五）：源于动量，超越动量，特质动量因子全解析.pdf,reports/财通证券/20190521-财通证券-“星火”多因子专题报告（五）：源于动量，超越动量，特质动量因子全解析.pdf,20190521-财通证券-“星火”多因子专题报告（五）：源于动量，超越动量，特质动量因子全解析.pdf,20190521-财通证券-“星火”多因子专题报告（五）：源于动量，超越动量，特质动量因子全解析,pdf,2299602,2026-04-11T14:39:11.030594+00:00
733,财通证券,财通证券/20190827-财通证券-星火多因子专题报告（六）：Alpha因子重构，引入协方差矩阵的因子有效性检验.pdf,/mnt/research/研报/财通证券/20190827-财通证券-星火多因子专题报告（六）：Alpha因子重构，引入协方差矩阵的因子有效性检验.pdf,reports/财通证券/20190827-财通证券-星火多因子专题报告（六）：Alpha因子重构，引入协方差矩阵的因子有效性检验.pdf,20190827-财通证券-星火多因子专题报告（六）：Alpha因子重构，引入协方差矩阵的因子有效性检验.pdf,20190827-财通证券-星火多因子专题报告（六）：Alpha因子重构，引入协方差矩阵的因子有效性检验,pdf,1194600,2026-04-11T14:38:43.724596+00:00
734,财通证券,财通证券/20190910-财通证券-“星火”多因子专题（七）：借因子组合之力，优化Alpha因子合成.pdf,/mnt/research/研报/财通证券/20190910-财通证券-“星火”多因子专题（七）：借因子组合之力，优化Alpha因子合成.pdf,reports/财通证券/20190910-财通证券-“星火”多因子专题（七）：借因子组合之力，优化Alpha因子合成.pdf,20190910-财通证券-“星火”多因子专题（七）：借因子组合之力，优化Alpha因子合成.pdf,20190910-财通证券-“星火”多因子专题（七）：借因子组合之力，优化Alpha因子合成,pdf,1333968,2026-04-11T14:38:26.609597+00:00
735,财通证券,财通证券/20191029-财通证券-“拾穗”多因子系列报告（第19期）：似是而非，横截面回归还是时间序列回归？.pdf,/mnt/research/研报/财通证券/20191029-财通证券-“拾穗”多因子系列报告（第19期）：似是而非，横截面回归还是时间序列回归？.pdf,reports/财通证券/20191029-财通证券-“拾穗”多因子系列报告（第19期）：似是而非，横截面回归还是时间序列回归？.pdf,20191029-财通证券-“拾穗”多因子系列报告（第19期）：似是而非，横截面回归还是时间序列回归？.pdf,20191029-财通证券-“拾穗”多因子系列报告（第19期）：似是而非，横截面回归还是时间序列回归？,pdf,1448718,2026-04-11T14:38:08.953598+00:00
736,财通证券,财通证券/20191210-财通证券-“星火”多因子专题报告（九）：博彩偏好还是风险补偿？高频特质偏度因子全解析.pdf,/mnt/research/研报/财通证券/20191210-财通证券-“星火”多因子专题报告（九）：博彩偏好还是风险补偿？高频特质偏度因子全解析.pdf,reports/财通证券/20191210-财通证券-“星火”多因子专题报告（九）：博彩偏好还是风险补偿？高频特质偏度因子全解析.pdf,20191210-财通证券-“星火”多因子专题报告（九）：博彩偏好还是风险补偿？高频特质偏度因子全解析.pdf,20191210-财通证券-“星火”多因子专题报告（九）：博彩偏好还是风险补偿？高频特质偏度因子全解析,pdf,1243363,2026-04-11T14:37:48.950599+00:00
737,财通证券,财通证券/20200310-财通证券-“星火”多因子专题报告（十二）：从质量到质量增长，挖掘公司基本面改善带来的Alpha.pdf,/mnt/research/研报/财通证券/20200310-财通证券-“星火”多因子专题报告（十二）：从质量到质量增长，挖掘公司基本面改善带来的Alpha.pdf,reports/财通证券/20200310-财通证券-“星火”多因子专题报告（十二）：从质量到质量增长，挖掘公司基本面改善带来的Alpha.pdf,20200310-财通证券-“星火”多因子专题报告（十二）：从质量到质量增长，挖掘公司基本面改善带来的Alpha.pdf,20200310-财通证券-“星火”多因子专题报告（十二）：从质量到质量增长，挖掘公司基本面改善带来的Alpha,pdf,1975162,2026-04-11T14:37:29.606601+00:00
738,财通证券,财通证券/20210411-财通证券-“逐鹿”Alpha专题报告（五）：杠杆因子和盈利收益因子的风格轮动.pdf,/mnt/research/研报/财通证券/20210411-财通证券-“逐鹿”Alpha专题报告（五）：杠杆因子和盈利收益因子的风格轮动.pdf,reports/财通证券/20210411-财通证券-“逐鹿”Alpha专题报告（五）：杠杆因子和盈利收益因子的风格轮动.pdf,20210411-财通证券-“逐鹿”Alpha专题报告（五）：杠杆因子和盈利收益因子的风格轮动.pdf,20210411-财通证券-“逐鹿”Alpha专题报告（五）：杠杆因子和盈利收益因子的风格轮动,pdf,1046352,2026-04-11T14:36:57.399603+00:00
739,银河证券,银河证券/20140909-银河证券-银河量化十周年专题之五：选股因子及因子择时新视角.pdf,/mnt/research/研报/银河证券/20140909-银河证券-银河量化十周年专题之五：选股因子及因子择时新视角.pdf,reports/银河证券/20140909-银河证券-银河量化十周年专题之五：选股因子及因子择时新视角.pdf,20140909-银河证券-银河量化十周年专题之五：选股因子及因子择时新视角.pdf,20140909-银河证券-银河量化十周年专题之五：选股因子及因子择时新视角,pdf,3285977,2026-04-11T14:36:43.040604+00:00
740,银河证券,银河证券/20180417-银河证券-事件类策略之五：基于多因子模型体系的事件研究.pdf,/mnt/research/研报/银河证券/20180417-银河证券-事件类策略之五：基于多因子模型体系的事件研究.pdf,reports/银河证券/20180417-银河证券-事件类策略之五：基于多因子模型体系的事件研究.pdf,20180417-银河证券-事件类策略之五：基于多因子模型体系的事件研究.pdf,20180417-银河证券-事件类策略之五：基于多因子模型体系的事件研究,pdf,831444,2026-04-11T14:35:59.310607+00:00
741,银河证券,银河证券/20180530-银河证券-事件类策略之六：基于多因子框架的事件轮动研究.pdf,/mnt/research/研报/银河证券/20180530-银河证券-事件类策略之六：基于多因子框架的事件轮动研究.pdf,reports/银河证券/20180530-银河证券-事件类策略之六：基于多因子框架的事件轮动研究.pdf,20180530-银河证券-事件类策略之六：基于多因子框架的事件轮动研究.pdf,20180530-银河证券-事件类策略之六：基于多因子框架的事件轮动研究,pdf,921922,2026-04-11T14:35:47.608607+00:00
742,长江证券,长江证券/20110825-长江证券-基本面选股因子的单因素效果测试之三_量化选股系列报告.pdf,/mnt/research/研报/长江证券/20110825-长江证券-基本面选股因子的单因素效果测试之三_量化选股系列报告.pdf,reports/长江证券/20110825-长江证券-基本面选股因子的单因素效果测试之三_量化选股系列报告.pdf,20110825-长江证券-基本面选股因子的单因素效果测试之三_量化选股系列报告.pdf,20110825-长江证券-基本面选股因子的单因素效果测试之三_量化选股系列报告,pdf,2769329,2026-04-11T14:35:34.437608+00:00
743,长江证券,长江证券/20111229-长江证券-量化选股的线性回归体系构建（一）.pdf,/mnt/research/研报/长江证券/20111229-长江证券-量化选股的线性回归体系构建（一）.pdf,reports/长江证券/20111229-长江证券-量化选股的线性回归体系构建（一）.pdf,20111229-长江证券-量化选股的线性回归体系构建（一）.pdf,20111229-长江证券-量化选股的线性回归体系构建（一）,pdf,1186762,2026-04-11T14:34:57.076611+00:00
744,长江证券,长江证券/20140917-长江证券-电气设备行业深度报告：单晶，一场在路上的光伏盛宴.pdf,/mnt/research/研报/长江证券/20140917-长江证券-电气设备行业深度报告：单晶，一场在路上的光伏盛宴.pdf,reports/长江证券/20140917-长江证券-电气设备行业深度报告：单晶，一场在路上的光伏盛宴.pdf,20140917-长江证券-电气设备行业深度报告：单晶，一场在路上的光伏盛宴.pdf,20140917-长江证券-电气设备行业深度报告：单晶，一场在路上的光伏盛宴,pdf,1886974,2026-04-11T14:34:39.959612+00:00
745,长江证券,长江证券/20150716-长江证券-事件驱动系列报告~分析师评级上调.pdf,/mnt/research/研报/长江证券/20150716-长江证券-事件驱动系列报告~分析师评级上调.pdf,reports/长江证券/20150716-长江证券-事件驱动系列报告~分析师评级上调.pdf,20150716-长江证券-事件驱动系列报告~分析师评级上调.pdf,20150716-长江证券-事件驱动系列报告~分析师评级上调,pdf,897868,2026-04-11T14:34:09.143614+00:00
746,长江证券,长江证券/20151013-长江证券-选股专题系列之二：小盘成长选股模型.pdf,/mnt/research/研报/长江证券/20151013-长江证券-选股专题系列之二：小盘成长选股模型.pdf,reports/长江证券/20151013-长江证券-选股专题系列之二：小盘成长选股模型.pdf,20151013-长江证券-选股专题系列之二：小盘成长选股模型.pdf,20151013-长江证券-选股专题系列之二：小盘成长选股模型,pdf,603339,2026-04-11T14:33:57.024615+00:00
747,长江证券,长江证券/20160523-长江证券-多因子模型系列报告之一：模型理论随想和纯因子组合构建.pdf,/mnt/research/研报/长江证券/20160523-长江证券-多因子模型系列报告之一：模型理论随想和纯因子组合构建.pdf,reports/长江证券/20160523-长江证券-多因子模型系列报告之一：模型理论随想和纯因子组合构建.pdf,20160523-长江证券-多因子模型系列报告之一：模型理论随想和纯因子组合构建.pdf,20160523-长江证券-多因子模型系列报告之一：模型理论随想和纯因子组合构建,pdf,1512103,2026-04-11T14:33:48.724615+00:00
748,长江证券,长江证券/20160605-长江证券-“贪婪与恐惧”市场策略报告：博弈“一致预期”的行情能走多远_？.pdf,/mnt/research/研报/长江证券/20160605-长江证券-“贪婪与恐惧”市场策略报告：博弈“一致预期”的行情能走多远_？.pdf,reports/长江证券/20160605-长江证券-“贪婪与恐惧”市场策略报告：博弈“一致预期”的行情能走多远_？.pdf,20160605-长江证券-“贪婪与恐惧”市场策略报告：博弈“一致预期”的行情能走多远_？.pdf,20160605-长江证券-“贪婪与恐惧”市场策略报告：博弈“一致预期”的行情能走多远_？,pdf,1097904,2026-04-11T14:33:23.243617+00:00
749,长江证券,长江证券/20160823-长江证券-基于盈利预测的选股及增强.pdf,/mnt/research/研报/长江证券/20160823-长江证券-基于盈利预测的选股及增强.pdf,reports/长江证券/20160823-长江证券-基于盈利预测的选股及增强.pdf,20160823-长江证券-基于盈利预测的选股及增强.pdf,20160823-长江证券-基于盈利预测的选股及增强,pdf,972070,2026-04-11T14:33:07.665618+00:00
750,长江证券,长江证券/20170208-长江证券-专题报告：基于因子spread的因子估值体系与因子轮动策略.pdf,/mnt/research/研报/长江证券/20170208-长江证券-专题报告：基于因子spread的因子估值体系与因子轮动策略.pdf,reports/长江证券/20170208-长江证券-专题报告：基于因子spread的因子估值体系与因子轮动策略.pdf,20170208-长江证券-专题报告：基于因子spread的因子估值体系与因子轮动策略.pdf,20170208-长江证券-专题报告：基于因子spread的因子估值体系与因子轮动策略,pdf,809775,2026-04-11T14:32:53.486619+00:00
751,长江证券,长江证券/20170310-长江证券-金工高频识途系列（一）：基于买入行为构建情绪因子.pdf,/mnt/research/研报/长江证券/20170310-长江证券-金工高频识途系列（一）：基于买入行为构建情绪因子.pdf,reports/长江证券/20170310-长江证券-金工高频识途系列（一）：基于买入行为构建情绪因子.pdf,20170310-长江证券-金工高频识途系列（一）：基于买入行为构建情绪因子.pdf,20170310-长江证券-金工高频识途系列（一）：基于买入行为构建情绪因子,pdf,880961,2026-04-11T14:32:41.254620+00:00
752,长江证券,长江证券/20170531-长江证券-长江证券多因子基础研究之一：行业中有效的因子（行业大类篇）.pdf,/mnt/research/研报/长江证券/20170531-长江证券-长江证券多因子基础研究之一：行业中有效的因子（行业大类篇）.pdf,reports/长江证券/20170531-长江证券-长江证券多因子基础研究之一：行业中有效的因子（行业大类篇）.pdf,20170531-长江证券-长江证券多因子基础研究之一：行业中有效的因子（行业大类篇）.pdf,20170531-长江证券-长江证券多因子基础研究之一：行业中有效的因子（行业大类篇）,pdf,758182,2026-04-11T14:32:26.203621+00:00
753,长江证券,长江证券/20170924-长江证券-多因子周报：低流动性因子占优，财报截面类因子为主.pdf,/mnt/research/研报/长江证券/20170924-长江证券-多因子周报：低流动性因子占优，财报截面类因子为主.pdf,reports/长江证券/20170924-长江证券-多因子周报：低流动性因子占优，财报截面类因子为主.pdf,20170924-长江证券-多因子周报：低流动性因子占优，财报截面类因子为主.pdf,20170924-长江证券-多因子周报：低流动性因子占优，财报截面类因子为主,pdf,566609,2026-04-11T14:32:15.400621+00:00
754,长江证券,长江证券/20171021-长江证券-多因子周报：高ROE因子最优，关注预期类因子.pdf,/mnt/research/研报/长江证券/20171021-长江证券-多因子周报：高ROE因子最优，关注预期类因子.pdf,reports/长江证券/20171021-长江证券-多因子周报：高ROE因子最优，关注预期类因子.pdf,20171021-长江证券-多因子周报：高ROE因子最优，关注预期类因子.pdf,20171021-长江证券-多因子周报：高ROE因子最优，关注预期类因子,pdf,476602,2026-04-11T14:32:00.664622+00:00
755,长江证券,长江证券/20171205-长江证券-基础因子研究（一）：个股流动性因子测试与组合构建.pdf,/mnt/research/研报/长江证券/20171205-长江证券-基础因子研究（一）：个股流动性因子测试与组合构建.pdf,reports/长江证券/20171205-长江证券-基础因子研究（一）：个股流动性因子测试与组合构建.pdf,20171205-长江证券-基础因子研究（一）：个股流动性因子测试与组合构建.pdf,20171205-长江证券-基础因子研究（一）：个股流动性因子测试与组合构建,pdf,2170435,2026-04-11T14:31:50.690623+00:00
756,长江证券,长江证券/20171207-长江证券-ROE_因子深度测试：从绩优股指数说起.pdf,/mnt/research/研报/长江证券/20171207-长江证券-ROE_因子深度测试：从绩优股指数说起.pdf,reports/长江证券/20171207-长江证券-ROE_因子深度测试：从绩优股指数说起.pdf,20171207-长江证券-ROE_因子深度测试：从绩优股指数说起.pdf,20171207-长江证券-ROE_因子深度测试：从绩优股指数说起,pdf,2700976,2026-04-11T14:31:12.863625+00:00
757,长江证券,长江证券/20171224-长江证券-多因子周报：高动量收益颇丰，高beta回撤较大.pdf,/mnt/research/研报/长江证券/20171224-长江证券-多因子周报：高动量收益颇丰，高beta回撤较大.pdf,reports/长江证券/20171224-长江证券-多因子周报：高动量收益颇丰，高beta回撤较大.pdf,20171224-长江证券-多因子周报：高动量收益颇丰，高beta回撤较大.pdf,20171224-长江证券-多因子周报：高动量收益颇丰，高beta回撤较大,pdf,414018,2026-04-11T14:30:32.514628+00:00
758,长江证券,长江证券/20180611-长江证券-基础因子研究（五）：谁是“聪明钱”？资金流因子全面测试兼正交化方法详解.pdf,/mnt/research/研报/长江证券/20180611-长江证券-基础因子研究（五）：谁是“聪明钱”？资金流因子全面测试兼正交化方法详解.pdf,reports/长江证券/20180611-长江证券-基础因子研究（五）：谁是“聪明钱”？资金流因子全面测试兼正交化方法详解.pdf,20180611-长江证券-基础因子研究（五）：谁是“聪明钱”？资金流因子全面测试兼正交化方法详解.pdf,20180611-长江证券-基础因子研究（五）：谁是“聪明钱”？资金流因子全面测试兼正交化方法详解,pdf,1835192,2026-04-11T14:30:26.192628+00:00
759,长江证券,长江证券/20180801-长江证券-因子轮动（五）：动量视角下的因子轮动.pdf,/mnt/research/研报/长江证券/20180801-长江证券-因子轮动（五）：动量视角下的因子轮动.pdf,reports/长江证券/20180801-长江证券-因子轮动（五）：动量视角下的因子轮动.pdf,20180801-长江证券-因子轮动（五）：动量视角下的因子轮动.pdf,20180801-长江证券-因子轮动（五）：动量视角下的因子轮动,pdf,1539053,2026-04-11T14:29:57.693630+00:00
760,长江证券,长江证券/20190601-长江证券-基础因子研究（七）：高频因子（二），结构化反转因子.pdf,/mnt/research/研报/长江证券/20190601-长江证券-基础因子研究（七）：高频因子（二），结构化反转因子.pdf,reports/长江证券/20190601-长江证券-基础因子研究（七）：高频因子（二），结构化反转因子.pdf,20190601-长江证券-基础因子研究（七）：高频因子（二），结构化反转因子.pdf,20190601-长江证券-基础因子研究（七）：高频因子（二），结构化反转因子,pdf,2825955,2026-04-11T14:29:35.666632+00:00
761,长江证券,长江证券/20190810-长江证券-基础因子研究（十）：高频因子（五），高频因子和交易行为.pdf,/mnt/research/研报/长江证券/20190810-长江证券-基础因子研究（十）：高频因子（五），高频因子和交易行为.pdf,reports/长江证券/20190810-长江证券-基础因子研究（十）：高频因子（五），高频因子和交易行为.pdf,20190810-长江证券-基础因子研究（十）：高频因子（五），高频因子和交易行为.pdf,20190810-长江证券-基础因子研究（十）：高频因子（五），高频因子和交易行为,pdf,2932509,2026-04-11T14:28:49.052635+00:00
762,长江证券,长江证券/20191013-长江证券-基础因子研究（十一）：高频因子（六），特异视角下的波动率因子.pdf,/mnt/research/研报/长江证券/20191013-长江证券-基础因子研究（十一）：高频因子（六），特异视角下的波动率因子.pdf,reports/长江证券/20191013-长江证券-基础因子研究（十一）：高频因子（六），特异视角下的波动率因子.pdf,20191013-长江证券-基础因子研究（十一）：高频因子（六），特异视角下的波动率因子.pdf,20191013-长江证券-基础因子研究（十一）：高频因子（六），特异视角下的波动率因子,pdf,3509821,2026-04-11T14:28:01.419638+00:00
763,长江证券,长江证券/20191101-长江证券-多因子统计学习模型（三）：如何以“集成学习“的眼光看因子选股.pdf,/mnt/research/研报/长江证券/20191101-长江证券-多因子统计学习模型（三）：如何以“集成学习“的眼光看因子选股.pdf,reports/长江证券/20191101-长江证券-多因子统计学习模型（三）：如何以“集成学习“的眼光看因子选股.pdf,20191101-长江证券-多因子统计学习模型（三）：如何以“集成学习“的眼光看因子选股.pdf,20191101-长江证券-多因子统计学习模型（三）：如何以“集成学习“的眼光看因子选股,pdf,3703524,2026-04-11T14:27:14.039641+00:00
